2026-03-16 16:03:15.046 | INFO     | [SYSTEM] ====================================================================================================
2026-03-16 16:03:15.046 | INFO     | [SYSTEM] НОВЫЙ ПЕРИОД ЛОГИРОВАНИЯ: 2026-03-16 16:03:15 - 2026-03-16_16-20
2026-03-16 16:03:15.046 | INFO     | [SYSTEM] ФАЙЛ: robots_2026-03-16_16-20.log
2026-03-16 16:03:15.046 | INFO     | [SYSTEM] ====================================================================================================
2026-03-16 16:03:15.053 | INFO     | [SCHEDULER] 🛑 Планировщик остановлен
2026-03-16 16:10:47.608 | INFO     | [SYSTEM:BOOT] ====================================================================================================
2026-03-16 16:10:47.608 | INFO     | [SYSTEM:BOOT] НОВЫЙ ПЕРИОД ЛОГИРОВАНИЯ: 2026-03-16 16:10:47
2026-03-16 16:10:47.608 | INFO     | [SYSTEM:BOOT] ====================================================================================================
2026-03-16 16:15:20.865 | INFO     | [SYSTEM:BOOT] ====================================================================================================
2026-03-16 16:15:20.865 | INFO     | [SYSTEM:BOOT] НОВЫЙ ПЕРИОД ЛОГИРОВАНИЯ: 2026-03-16 16:15:20
2026-03-16 16:15:20.865 | INFO     | [SYSTEM:BOOT] ====================================================================================================
2026-03-16 16:40:42.024 | INFO     | [SYSTEM:BOOT] ====================================================================================================
2026-03-16 16:40:42.024 | INFO     | [SYSTEM:BOOT] НОВЫЙ ПЕРИОД ЛОГИРОВАНИЯ: 2026-03-16 16:40:42
2026-03-16 16:40:42.024 | INFO     | [SYSTEM:BOOT] ====================================================================================================
2026-03-16 16:43:55.164 | INFO     | [SYSTEM:BOOT] ====================================================================================================
2026-03-16 16:43:55.164 | INFO     | [SYSTEM:BOOT] НОВЫЙ ПЕРИОД ЛОГИРОВАНИЯ: 2026-03-16 16:43:55
2026-03-16 16:43:55.164 | INFO     | [SYSTEM:BOOT] ====================================================================================================
2026-03-16 16:43:55.223 | INFO     | [SYSTEM:MAIN] 🚀 Приложение запущено
2026-03-16 16:43:55.223 | INFO     | [SYSTEM:SCHEDULER] 🚀 Запуск главного планировщика
2026-03-16 16:43:55.223 | INFO     | [SYSTEM:SCHEDULER] 🔄 Запуск цикла обновления
2026-03-16 16:43:55.351 | INFO     | [portfolio_updater:scheduler] 🔄 Найдено 1 токенов для обработки
2026-03-16 16:43:55.351 | INFO     | [portfolio_updater:scheduler] ▶️ Запуск робота v1.0.0
2026-03-16 16:43:55.351 | INFO     | [portfolio_updater:scheduler]    User ID: 1, Token ID: 15
2026-03-16 16:43:55.394 | ERROR    | [portfolio_updater:scheduler] ❌ Ошибка: (sqlalchemy.exc.InvalidRequestError) A value is required for bind parameter 'robot_display_name'
[SQL: 
           INSERT INTO ganaly.robot_logs
           (robot_name, robot_display_name, robot_version, token_id, user_id,
            started_at, endpoint, level, request_data)
           VALUES
               (%(robot_name)s, %(robot_display_name)s, %(robot_version)s, %(token_id)s, %(user_id)s,
                %(started_at)s, %(endpoint)s, %(level)s, %(request_data)s)
               RETURNING id            ]
[parameters: [{'robot_name': 'portfolio_updater_scheduler', 'robot_version': '1.0.0', 'token_id': 15, 'user_id': 1, 'started_at': datetime.datetime(2026, 3, 16, 13, 43, 55, 351218), 'endpoint': 'robot://portfolio_updater/scheduler'}]]
(Background on this error at: https://sqlalche.me/e/20/cd3x)
2026-03-16 16:43:55.480 | ERROR    | [portfolio_updater:scheduler] Traceback (most recent call last):
  File "C:\Users\Asus\AppData\Local\Programs\Python\Python311\Lib\site-packages\sqlalchemy\engine\base.py", line 1814, in _execute_context
    context = constructor(
              ^^^^^^^^^^^^
  File "C:\Users\Asus\AppData\Local\Programs\Python\Python311\Lib\site-packages\sqlalchemy\engine\default.py", line 1377, in _init_compiled
    self.compiled_parameters = [
                               ^
  File "C:\Users\Asus\AppData\Local\Programs\Python\Python311\Lib\site-packages\sqlalchemy\engine\default.py", line 1378, in <listcomp>
    compiled.construct_params(
  File "C:\Users\Asus\AppData\Local\Programs\Python\Python311\Lib\site-packages\sqlalchemy\sql\compiler.py", line 1906, in construct_params
    raise exc.InvalidRequestError(
sqlalchemy.exc.InvalidRequestError: A value is required for bind parameter 'robot_display_name' (Background on this error at: https://sqlalche.me/e/20/cd3x)

The above exception was the direct cause of the following exception:

Traceback (most recent call last):
  File "C:\Users\Asus\WebstormProject\gin\backend\app\modules\robots\base\base_robot.py", line 78, in run
    log_id = await self._create_db_log(user_id, token_id, started_at)
             ^^^^^^^^^^^^^^^^^^^^^^^^^^^^^^^^^^^^^^^^^^^^^^^^^^^^^^^^
  File "C:\Users\Asus\WebstormProject\gin\backend\app\modules\robots\base\base_robot.py", line 124, in _create_db_log
    result = self.db.execute(
             ^^^^^^^^^^^^^^^^
  File "C:\Users\Asus\AppData\Local\Programs\Python\Python311\Lib\site-packages\sqlalchemy\orm\session.py", line 2308, in execute
    return self._execute_internal(
           ^^^^^^^^^^^^^^^^^^^^^^^
  File "C:\Users\Asus\AppData\Local\Programs\Python\Python311\Lib\site-packages\sqlalchemy\orm\session.py", line 2199, in _execute_internal
    result = conn.execute(
             ^^^^^^^^^^^^^
  File "C:\Users\Asus\AppData\Local\Programs\Python\Python311\Lib\site-packages\sqlalchemy\engine\base.py", line 1416, in execute
    return meth(
           ^^^^^
  File "C:\Users\Asus\AppData\Local\Programs\Python\Python311\Lib\site-packages\sqlalchemy\sql\elements.py", line 516, in _execute_on_connection
    return connection._execute_clauseelement(
           ^^^^^^^^^^^^^^^^^^^^^^^^^^^^^^^^^^
  File "C:\Users\Asus\AppData\Local\Programs\Python\Python311\Lib\site-packages\sqlalchemy\engine\base.py", line 1639, in _execute_clauseelement
    ret = self._execute_context(
          ^^^^^^^^^^^^^^^^^^^^^^
  File "C:\Users\Asus\AppData\Local\Programs\Python\Python311\Lib\site-packages\sqlalchemy\engine\base.py", line 1820, in _execute_context
    self._handle_dbapi_exception(
  File "C:\Users\Asus\AppData\Local\Programs\Python\Python311\Lib\site-packages\sqlalchemy\engine\base.py", line 2343, in _handle_dbapi_exception
    raise sqlalchemy_exception.with_traceback(exc_info[2]) from e
  File "C:\Users\Asus\AppData\Local\Programs\Python\Python311\Lib\site-packages\sqlalchemy\engine\base.py", line 1814, in _execute_context
    context = constructor(
              ^^^^^^^^^^^^
  File "C:\Users\Asus\AppData\Local\Programs\Python\Python311\Lib\site-packages\sqlalchemy\engine\default.py", line 1377, in _init_compiled
    self.compiled_parameters = [
                               ^
  File "C:\Users\Asus\AppData\Local\Programs\Python\Python311\Lib\site-packages\sqlalchemy\engine\default.py", line 1378, in <listcomp>
    compiled.construct_params(
  File "C:\Users\Asus\AppData\Local\Programs\Python\Python311\Lib\site-packages\sqlalchemy\sql\compiler.py", line 1906, in construct_params
    raise exc.InvalidRequestError(
sqlalchemy.exc.StatementError: (sqlalchemy.exc.InvalidRequestError) A value is required for bind parameter 'robot_display_name'
[SQL: 
           INSERT INTO ganaly.robot_logs
           (robot_name, robot_display_name, robot_version, token_id, user_id,
            started_at, endpoint, level, request_data)
           VALUES
               (%(robot_name)s, %(robot_display_name)s, %(robot_version)s, %(token_id)s, %(user_id)s,
                %(started_at)s, %(endpoint)s, %(level)s, %(request_data)s)
               RETURNING id            ]
[parameters: [{'robot_name': 'portfolio_updater_scheduler', 'robot_version': '1.0.0', 'token_id': 15, 'user_id': 1, 'started_at': datetime.datetime(2026, 3, 16, 13, 43, 55, 351218), 'endpoint': 'robot://portfolio_updater/scheduler'}]]
(Background on this error at: https://sqlalche.me/e/20/cd3x)

2026-03-16 16:43:55.480 | ERROR    | [portfolio_updater:scheduler] ❌ Ошибка для токена 15: (sqlalchemy.exc.InvalidRequestError) A value is required for bind parameter 'robot_display_name'
[SQL: 
           INSERT INTO ganaly.robot_logs
           (robot_name, robot_display_name, robot_version, token_id, user_id,
            started_at, endpoint, level, request_data)
           VALUES
               (%(robot_name)s, %(robot_display_name)s, %(robot_version)s, %(token_id)s, %(user_id)s,
                %(started_at)s, %(endpoint)s, %(level)s, %(request_data)s)
               RETURNING id            ]
[parameters: [{'robot_name': 'portfolio_updater_scheduler', 'robot_version': '1.0.0', 'token_id': 15, 'user_id': 1, 'started_at': datetime.datetime(2026, 3, 16, 13, 43, 55, 351218), 'endpoint': 'robot://portfolio_updater/scheduler'}]]
(Background on this error at: https://sqlalche.me/e/20/cd3x)
2026-03-16 16:43:55.480 | INFO     | [portfolio_updater:scheduler] 📊 Итоги: всего=1, обработано=0, пропущено=0, ошибок=1
2026-03-16 16:43:55.480 | INFO     | [SYSTEM:SCHEDULER] ✅ Цикл завершен: {'total': 1, 'processed': 0, 'skipped': 0, 'errors': [{'token_id': 15, 'user_id': 1, 'error': "(sqlalchemy.exc.InvalidRequestError) A value is required for bind parameter 'robot_display_name'\n[SQL: \n           INSERT INTO ganaly.robot_logs\n           (robot_name, robot_display_name, robot_version, token_id, user_id,\n            started_at, endpoint, level, request_data)\n           VALUES\n               (%(robot_name)s, %(robot_display_name)s, %(robot_version)s, %(token_id)s, %(user_id)s,\n                %(started_at)s, %(endpoint)s, %(level)s, %(request_data)s)\n               RETURNING id            ]\n[parameters: [{'robot_name': 'portfolio_updater_scheduler', 'robot_version': '1.0.0', 'token_id': 15, 'user_id': 1, 'started_at': datetime.datetime(2026, 3, 16, 13, 43, 55, 351218), 'endpoint': 'robot://portfolio_updater/scheduler'}]]\n(Background on this error at: https://sqlalche.me/e/20/cd3x)"}]}
2026-03-16 16:44:55.503 | INFO     | [SYSTEM:SCHEDULER] 🔄 Запуск цикла обновления
2026-03-16 16:44:55.523 | INFO     | [portfolio_updater:scheduler] 🔄 Найдено 1 токенов для обработки
2026-03-16 16:44:55.523 | INFO     | [portfolio_updater:scheduler] ▶️ Запуск робота v1.0.0
2026-03-16 16:44:55.523 | INFO     | [portfolio_updater:scheduler]    User ID: 1, Token ID: 15
2026-03-16 16:44:55.525 | ERROR    | [portfolio_updater:scheduler] ❌ Ошибка: (sqlalchemy.exc.InvalidRequestError) A value is required for bind parameter 'robot_display_name'
[SQL: 
           INSERT INTO ganaly.robot_logs
           (robot_name, robot_display_name, robot_version, token_id, user_id,
            started_at, endpoint, level, request_data)
           VALUES
               (%(robot_name)s, %(robot_display_name)s, %(robot_version)s, %(token_id)s, %(user_id)s,
                %(started_at)s, %(endpoint)s, %(level)s, %(request_data)s)
               RETURNING id            ]
[parameters: [{'robot_name': 'portfolio_updater_scheduler', 'robot_version': '1.0.0', 'token_id': 15, 'user_id': 1, 'started_at': datetime.datetime(2026, 3, 16, 13, 44, 55, 523374), 'endpoint': 'robot://portfolio_updater/scheduler'}]]
(Background on this error at: https://sqlalche.me/e/20/cd3x)
2026-03-16 16:44:55.525 | ERROR    | [portfolio_updater:scheduler] Traceback (most recent call last):
  File "C:\Users\Asus\AppData\Local\Programs\Python\Python311\Lib\site-packages\sqlalchemy\engine\base.py", line 1814, in _execute_context
    context = constructor(
              ^^^^^^^^^^^^
  File "C:\Users\Asus\AppData\Local\Programs\Python\Python311\Lib\site-packages\sqlalchemy\engine\default.py", line 1377, in _init_compiled
    self.compiled_parameters = [
                               ^
  File "C:\Users\Asus\AppData\Local\Programs\Python\Python311\Lib\site-packages\sqlalchemy\engine\default.py", line 1378, in <listcomp>
    compiled.construct_params(
  File "C:\Users\Asus\AppData\Local\Programs\Python\Python311\Lib\site-packages\sqlalchemy\sql\compiler.py", line 1906, in construct_params
    raise exc.InvalidRequestError(
sqlalchemy.exc.InvalidRequestError: A value is required for bind parameter 'robot_display_name' (Background on this error at: https://sqlalche.me/e/20/cd3x)

The above exception was the direct cause of the following exception:

Traceback (most recent call last):
  File "C:\Users\Asus\WebstormProject\gin\backend\app\modules\robots\base\base_robot.py", line 78, in run
    log_id = await self._create_db_log(user_id, token_id, started_at)
             ^^^^^^^^^^^^^^^^^^^^^^^^^^^^^^^^^^^^^^^^^^^^^^^^^^^^^^^^
  File "C:\Users\Asus\WebstormProject\gin\backend\app\modules\robots\base\base_robot.py", line 124, in _create_db_log
    result = self.db.execute(
             ^^^^^^^^^^^^^^^^
  File "C:\Users\Asus\AppData\Local\Programs\Python\Python311\Lib\site-packages\sqlalchemy\orm\session.py", line 2308, in execute
    return self._execute_internal(
           ^^^^^^^^^^^^^^^^^^^^^^^
  File "C:\Users\Asus\AppData\Local\Programs\Python\Python311\Lib\site-packages\sqlalchemy\orm\session.py", line 2199, in _execute_internal
    result = conn.execute(
             ^^^^^^^^^^^^^
  File "C:\Users\Asus\AppData\Local\Programs\Python\Python311\Lib\site-packages\sqlalchemy\engine\base.py", line 1416, in execute
    return meth(
           ^^^^^
  File "C:\Users\Asus\AppData\Local\Programs\Python\Python311\Lib\site-packages\sqlalchemy\sql\elements.py", line 516, in _execute_on_connection
    return connection._execute_clauseelement(
           ^^^^^^^^^^^^^^^^^^^^^^^^^^^^^^^^^^
  File "C:\Users\Asus\AppData\Local\Programs\Python\Python311\Lib\site-packages\sqlalchemy\engine\base.py", line 1639, in _execute_clauseelement
    ret = self._execute_context(
          ^^^^^^^^^^^^^^^^^^^^^^
  File "C:\Users\Asus\AppData\Local\Programs\Python\Python311\Lib\site-packages\sqlalchemy\engine\base.py", line 1820, in _execute_context
    self._handle_dbapi_exception(
  File "C:\Users\Asus\AppData\Local\Programs\Python\Python311\Lib\site-packages\sqlalchemy\engine\base.py", line 2343, in _handle_dbapi_exception
    raise sqlalchemy_exception.with_traceback(exc_info[2]) from e
  File "C:\Users\Asus\AppData\Local\Programs\Python\Python311\Lib\site-packages\sqlalchemy\engine\base.py", line 1814, in _execute_context
    context = constructor(
              ^^^^^^^^^^^^
  File "C:\Users\Asus\AppData\Local\Programs\Python\Python311\Lib\site-packages\sqlalchemy\engine\default.py", line 1377, in _init_compiled
    self.compiled_parameters = [
                               ^
  File "C:\Users\Asus\AppData\Local\Programs\Python\Python311\Lib\site-packages\sqlalchemy\engine\default.py", line 1378, in <listcomp>
    compiled.construct_params(
  File "C:\Users\Asus\AppData\Local\Programs\Python\Python311\Lib\site-packages\sqlalchemy\sql\compiler.py", line 1906, in construct_params
    raise exc.InvalidRequestError(
sqlalchemy.exc.StatementError: (sqlalchemy.exc.InvalidRequestError) A value is required for bind parameter 'robot_display_name'
[SQL: 
           INSERT INTO ganaly.robot_logs
           (robot_name, robot_display_name, robot_version, token_id, user_id,
            started_at, endpoint, level, request_data)
           VALUES
               (%(robot_name)s, %(robot_display_name)s, %(robot_version)s, %(token_id)s, %(user_id)s,
                %(started_at)s, %(endpoint)s, %(level)s, %(request_data)s)
               RETURNING id            ]
[parameters: [{'robot_name': 'portfolio_updater_scheduler', 'robot_version': '1.0.0', 'token_id': 15, 'user_id': 1, 'started_at': datetime.datetime(2026, 3, 16, 13, 44, 55, 523374), 'endpoint': 'robot://portfolio_updater/scheduler'}]]
(Background on this error at: https://sqlalche.me/e/20/cd3x)

2026-03-16 16:44:55.525 | ERROR    | [portfolio_updater:scheduler] ❌ Ошибка для токена 15: (sqlalchemy.exc.InvalidRequestError) A value is required for bind parameter 'robot_display_name'
[SQL: 
           INSERT INTO ganaly.robot_logs
           (robot_name, robot_display_name, robot_version, token_id, user_id,
            started_at, endpoint, level, request_data)
           VALUES
               (%(robot_name)s, %(robot_display_name)s, %(robot_version)s, %(token_id)s, %(user_id)s,
                %(started_at)s, %(endpoint)s, %(level)s, %(request_data)s)
               RETURNING id            ]
[parameters: [{'robot_name': 'portfolio_updater_scheduler', 'robot_version': '1.0.0', 'token_id': 15, 'user_id': 1, 'started_at': datetime.datetime(2026, 3, 16, 13, 44, 55, 523374), 'endpoint': 'robot://portfolio_updater/scheduler'}]]
(Background on this error at: https://sqlalche.me/e/20/cd3x)
2026-03-16 16:44:55.525 | INFO     | [portfolio_updater:scheduler] 📊 Итоги: всего=1, обработано=0, пропущено=0, ошибок=1
2026-03-16 16:44:55.525 | INFO     | [SYSTEM:SCHEDULER] ✅ Цикл завершен: {'total': 1, 'processed': 0, 'skipped': 0, 'errors': [{'token_id': 15, 'user_id': 1, 'error': "(sqlalchemy.exc.InvalidRequestError) A value is required for bind parameter 'robot_display_name'\n[SQL: \n           INSERT INTO ganaly.robot_logs\n           (robot_name, robot_display_name, robot_version, token_id, user_id,\n            started_at, endpoint, level, request_data)\n           VALUES\n               (%(robot_name)s, %(robot_display_name)s, %(robot_version)s, %(token_id)s, %(user_id)s,\n                %(started_at)s, %(endpoint)s, %(level)s, %(request_data)s)\n               RETURNING id            ]\n[parameters: [{'robot_name': 'portfolio_updater_scheduler', 'robot_version': '1.0.0', 'token_id': 15, 'user_id': 1, 'started_at': datetime.datetime(2026, 3, 16, 13, 44, 55, 523374), 'endpoint': 'robot://portfolio_updater/scheduler'}]]\n(Background on this error at: https://sqlalche.me/e/20/cd3x)"}]}
2026-03-16 16:45:55.534 | INFO     | [SYSTEM:SCHEDULER] 🔄 Запуск цикла обновления
2026-03-16 16:45:55.558 | INFO     | [portfolio_updater:scheduler] 🔄 Найдено 1 токенов для обработки
2026-03-16 16:45:55.559 | INFO     | [portfolio_updater:scheduler] ▶️ Запуск робота v1.0.0
2026-03-16 16:45:55.559 | INFO     | [portfolio_updater:scheduler]    User ID: 1, Token ID: 15
2026-03-16 16:45:55.565 | ERROR    | [portfolio_updater:scheduler] ❌ Ошибка: (sqlalchemy.exc.InvalidRequestError) A value is required for bind parameter 'robot_display_name'
[SQL: 
           INSERT INTO ganaly.robot_logs
           (robot_name, robot_display_name, robot_version, token_id, user_id,
            started_at, endpoint, level, request_data)
           VALUES
               (%(robot_name)s, %(robot_display_name)s, %(robot_version)s, %(token_id)s, %(user_id)s,
                %(started_at)s, %(endpoint)s, %(level)s, %(request_data)s)
               RETURNING id            ]
[parameters: [{'robot_name': 'portfolio_updater_scheduler', 'robot_version': '1.0.0', 'token_id': 15, 'user_id': 1, 'started_at': datetime.datetime(2026, 3, 16, 13, 45, 55, 558283), 'endpoint': 'robot://portfolio_updater/scheduler'}]]
(Background on this error at: https://sqlalche.me/e/20/cd3x)
2026-03-16 16:45:55.566 | ERROR    | [portfolio_updater:scheduler] Traceback (most recent call last):
  File "C:\Users\Asus\AppData\Local\Programs\Python\Python311\Lib\site-packages\sqlalchemy\engine\base.py", line 1814, in _execute_context
    context = constructor(
              ^^^^^^^^^^^^
  File "C:\Users\Asus\AppData\Local\Programs\Python\Python311\Lib\site-packages\sqlalchemy\engine\default.py", line 1377, in _init_compiled
    self.compiled_parameters = [
                               ^
  File "C:\Users\Asus\AppData\Local\Programs\Python\Python311\Lib\site-packages\sqlalchemy\engine\default.py", line 1378, in <listcomp>
    compiled.construct_params(
  File "C:\Users\Asus\AppData\Local\Programs\Python\Python311\Lib\site-packages\sqlalchemy\sql\compiler.py", line 1906, in construct_params
    raise exc.InvalidRequestError(
sqlalchemy.exc.InvalidRequestError: A value is required for bind parameter 'robot_display_name' (Background on this error at: https://sqlalche.me/e/20/cd3x)

The above exception was the direct cause of the following exception:

Traceback (most recent call last):
  File "C:\Users\Asus\WebstormProject\gin\backend\app\modules\robots\base\base_robot.py", line 78, in run
    log_id = await self._create_db_log(user_id, token_id, started_at)
             ^^^^^^^^^^^^^^^^^^^^^^^^^^^^^^^^^^^^^^^^^^^^^^^^^^^^^^^^
  File "C:\Users\Asus\WebstormProject\gin\backend\app\modules\robots\base\base_robot.py", line 124, in _create_db_log
    result = self.db.execute(
             ^^^^^^^^^^^^^^^^
  File "C:\Users\Asus\AppData\Local\Programs\Python\Python311\Lib\site-packages\sqlalchemy\orm\session.py", line 2308, in execute
    return self._execute_internal(
           ^^^^^^^^^^^^^^^^^^^^^^^
  File "C:\Users\Asus\AppData\Local\Programs\Python\Python311\Lib\site-packages\sqlalchemy\orm\session.py", line 2199, in _execute_internal
    result = conn.execute(
             ^^^^^^^^^^^^^
  File "C:\Users\Asus\AppData\Local\Programs\Python\Python311\Lib\site-packages\sqlalchemy\engine\base.py", line 1416, in execute
    return meth(
           ^^^^^
  File "C:\Users\Asus\AppData\Local\Programs\Python\Python311\Lib\site-packages\sqlalchemy\sql\elements.py", line 516, in _execute_on_connection
    return connection._execute_clauseelement(
           ^^^^^^^^^^^^^^^^^^^^^^^^^^^^^^^^^^
  File "C:\Users\Asus\AppData\Local\Programs\Python\Python311\Lib\site-packages\sqlalchemy\engine\base.py", line 1639, in _execute_clauseelement
    ret = self._execute_context(
          ^^^^^^^^^^^^^^^^^^^^^^
  File "C:\Users\Asus\AppData\Local\Programs\Python\Python311\Lib\site-packages\sqlalchemy\engine\base.py", line 1820, in _execute_context
    self._handle_dbapi_exception(
  File "C:\Users\Asus\AppData\Local\Programs\Python\Python311\Lib\site-packages\sqlalchemy\engine\base.py", line 2343, in _handle_dbapi_exception
    raise sqlalchemy_exception.with_traceback(exc_info[2]) from e
  File "C:\Users\Asus\AppData\Local\Programs\Python\Python311\Lib\site-packages\sqlalchemy\engine\base.py", line 1814, in _execute_context
    context = constructor(
              ^^^^^^^^^^^^
  File "C:\Users\Asus\AppData\Local\Programs\Python\Python311\Lib\site-packages\sqlalchemy\engine\default.py", line 1377, in _init_compiled
    self.compiled_parameters = [
                               ^
  File "C:\Users\Asus\AppData\Local\Programs\Python\Python311\Lib\site-packages\sqlalchemy\engine\default.py", line 1378, in <listcomp>
    compiled.construct_params(
  File "C:\Users\Asus\AppData\Local\Programs\Python\Python311\Lib\site-packages\sqlalchemy\sql\compiler.py", line 1906, in construct_params
    raise exc.InvalidRequestError(
sqlalchemy.exc.StatementError: (sqlalchemy.exc.InvalidRequestError) A value is required for bind parameter 'robot_display_name'
[SQL: 
           INSERT INTO ganaly.robot_logs
           (robot_name, robot_display_name, robot_version, token_id, user_id,
            started_at, endpoint, level, request_data)
           VALUES
               (%(robot_name)s, %(robot_display_name)s, %(robot_version)s, %(token_id)s, %(user_id)s,
                %(started_at)s, %(endpoint)s, %(level)s, %(request_data)s)
               RETURNING id            ]
[parameters: [{'robot_name': 'portfolio_updater_scheduler', 'robot_version': '1.0.0', 'token_id': 15, 'user_id': 1, 'started_at': datetime.datetime(2026, 3, 16, 13, 45, 55, 558283), 'endpoint': 'robot://portfolio_updater/scheduler'}]]
(Background on this error at: https://sqlalche.me/e/20/cd3x)

2026-03-16 16:45:55.566 | ERROR    | [portfolio_updater:scheduler] ❌ Ошибка для токена 15: (sqlalchemy.exc.InvalidRequestError) A value is required for bind parameter 'robot_display_name'
[SQL: 
           INSERT INTO ganaly.robot_logs
           (robot_name, robot_display_name, robot_version, token_id, user_id,
            started_at, endpoint, level, request_data)
           VALUES
               (%(robot_name)s, %(robot_display_name)s, %(robot_version)s, %(token_id)s, %(user_id)s,
                %(started_at)s, %(endpoint)s, %(level)s, %(request_data)s)
               RETURNING id            ]
[parameters: [{'robot_name': 'portfolio_updater_scheduler', 'robot_version': '1.0.0', 'token_id': 15, 'user_id': 1, 'started_at': datetime.datetime(2026, 3, 16, 13, 45, 55, 558283), 'endpoint': 'robot://portfolio_updater/scheduler'}]]
(Background on this error at: https://sqlalche.me/e/20/cd3x)
2026-03-16 16:45:55.566 | INFO     | [portfolio_updater:scheduler] 📊 Итоги: всего=1, обработано=0, пропущено=0, ошибок=1
2026-03-16 16:45:55.566 | INFO     | [SYSTEM:SCHEDULER] ✅ Цикл завершен: {'total': 1, 'processed': 0, 'skipped': 0, 'errors': [{'token_id': 15, 'user_id': 1, 'error': "(sqlalchemy.exc.InvalidRequestError) A value is required for bind parameter 'robot_display_name'\n[SQL: \n           INSERT INTO ganaly.robot_logs\n           (robot_name, robot_display_name, robot_version, token_id, user_id,\n            started_at, endpoint, level, request_data)\n           VALUES\n               (%(robot_name)s, %(robot_display_name)s, %(robot_version)s, %(token_id)s, %(user_id)s,\n                %(started_at)s, %(endpoint)s, %(level)s, %(request_data)s)\n               RETURNING id            ]\n[parameters: [{'robot_name': 'portfolio_updater_scheduler', 'robot_version': '1.0.0', 'token_id': 15, 'user_id': 1, 'started_at': datetime.datetime(2026, 3, 16, 13, 45, 55, 558283), 'endpoint': 'robot://portfolio_updater/scheduler'}]]\n(Background on this error at: https://sqlalche.me/e/20/cd3x)"}]}
2026-03-16 16:46:55.582 | INFO     | [SYSTEM:SCHEDULER] 🔄 Запуск цикла обновления
2026-03-16 16:46:55.614 | INFO     | [portfolio_updater:scheduler] 🔄 Найдено 1 токенов для обработки
2026-03-16 16:46:55.615 | INFO     | [portfolio_updater:scheduler] ▶️ Запуск робота v1.0.0
2026-03-16 16:46:55.615 | INFO     | [portfolio_updater:scheduler]    User ID: 1, Token ID: 15
2026-03-16 16:46:55.619 | ERROR    | [portfolio_updater:scheduler] ❌ Ошибка: (sqlalchemy.exc.InvalidRequestError) A value is required for bind parameter 'robot_display_name'
[SQL: 
           INSERT INTO ganaly.robot_logs
           (robot_name, robot_display_name, robot_version, token_id, user_id,
            started_at, endpoint, level, request_data)
           VALUES
               (%(robot_name)s, %(robot_display_name)s, %(robot_version)s, %(token_id)s, %(user_id)s,
                %(started_at)s, %(endpoint)s, %(level)s, %(request_data)s)
               RETURNING id            ]
[parameters: [{'robot_name': 'portfolio_updater_scheduler', 'robot_version': '1.0.0', 'token_id': 15, 'user_id': 1, 'started_at': datetime.datetime(2026, 3, 16, 13, 46, 55, 615691), 'endpoint': 'robot://portfolio_updater/scheduler'}]]
(Background on this error at: https://sqlalche.me/e/20/cd3x)
2026-03-16 16:46:55.621 | ERROR    | [portfolio_updater:scheduler] Traceback (most recent call last):
  File "C:\Users\Asus\AppData\Local\Programs\Python\Python311\Lib\site-packages\sqlalchemy\engine\base.py", line 1814, in _execute_context
    context = constructor(
              ^^^^^^^^^^^^
  File "C:\Users\Asus\AppData\Local\Programs\Python\Python311\Lib\site-packages\sqlalchemy\engine\default.py", line 1377, in _init_compiled
    self.compiled_parameters = [
                               ^
  File "C:\Users\Asus\AppData\Local\Programs\Python\Python311\Lib\site-packages\sqlalchemy\engine\default.py", line 1378, in <listcomp>
    compiled.construct_params(
  File "C:\Users\Asus\AppData\Local\Programs\Python\Python311\Lib\site-packages\sqlalchemy\sql\compiler.py", line 1906, in construct_params
    raise exc.InvalidRequestError(
sqlalchemy.exc.InvalidRequestError: A value is required for bind parameter 'robot_display_name' (Background on this error at: https://sqlalche.me/e/20/cd3x)

The above exception was the direct cause of the following exception:

Traceback (most recent call last):
  File "C:\Users\Asus\WebstormProject\gin\backend\app\modules\robots\base\base_robot.py", line 78, in run
    log_id = await self._create_db_log(user_id, token_id, started_at)
             ^^^^^^^^^^^^^^^^^^^^^^^^^^^^^^^^^^^^^^^^^^^^^^^^^^^^^^^^
  File "C:\Users\Asus\WebstormProject\gin\backend\app\modules\robots\base\base_robot.py", line 124, in _create_db_log
    result = self.db.execute(
             ^^^^^^^^^^^^^^^^
  File "C:\Users\Asus\AppData\Local\Programs\Python\Python311\Lib\site-packages\sqlalchemy\orm\session.py", line 2308, in execute
    return self._execute_internal(
           ^^^^^^^^^^^^^^^^^^^^^^^
  File "C:\Users\Asus\AppData\Local\Programs\Python\Python311\Lib\site-packages\sqlalchemy\orm\session.py", line 2199, in _execute_internal
    result = conn.execute(
             ^^^^^^^^^^^^^
  File "C:\Users\Asus\AppData\Local\Programs\Python\Python311\Lib\site-packages\sqlalchemy\engine\base.py", line 1416, in execute
    return meth(
           ^^^^^
  File "C:\Users\Asus\AppData\Local\Programs\Python\Python311\Lib\site-packages\sqlalchemy\sql\elements.py", line 516, in _execute_on_connection
    return connection._execute_clauseelement(
           ^^^^^^^^^^^^^^^^^^^^^^^^^^^^^^^^^^
  File "C:\Users\Asus\AppData\Local\Programs\Python\Python311\Lib\site-packages\sqlalchemy\engine\base.py", line 1639, in _execute_clauseelement
    ret = self._execute_context(
          ^^^^^^^^^^^^^^^^^^^^^^
  File "C:\Users\Asus\AppData\Local\Programs\Python\Python311\Lib\site-packages\sqlalchemy\engine\base.py", line 1820, in _execute_context
    self._handle_dbapi_exception(
  File "C:\Users\Asus\AppData\Local\Programs\Python\Python311\Lib\site-packages\sqlalchemy\engine\base.py", line 2343, in _handle_dbapi_exception
    raise sqlalchemy_exception.with_traceback(exc_info[2]) from e
  File "C:\Users\Asus\AppData\Local\Programs\Python\Python311\Lib\site-packages\sqlalchemy\engine\base.py", line 1814, in _execute_context
    context = constructor(
              ^^^^^^^^^^^^
  File "C:\Users\Asus\AppData\Local\Programs\Python\Python311\Lib\site-packages\sqlalchemy\engine\default.py", line 1377, in _init_compiled
    self.compiled_parameters = [
                               ^
  File "C:\Users\Asus\AppData\Local\Programs\Python\Python311\Lib\site-packages\sqlalchemy\engine\default.py", line 1378, in <listcomp>
    compiled.construct_params(
  File "C:\Users\Asus\AppData\Local\Programs\Python\Python311\Lib\site-packages\sqlalchemy\sql\compiler.py", line 1906, in construct_params
    raise exc.InvalidRequestError(
sqlalchemy.exc.StatementError: (sqlalchemy.exc.InvalidRequestError) A value is required for bind parameter 'robot_display_name'
[SQL: 
           INSERT INTO ganaly.robot_logs
           (robot_name, robot_display_name, robot_version, token_id, user_id,
            started_at, endpoint, level, request_data)
           VALUES
               (%(robot_name)s, %(robot_display_name)s, %(robot_version)s, %(token_id)s, %(user_id)s,
                %(started_at)s, %(endpoint)s, %(level)s, %(request_data)s)
               RETURNING id            ]
[parameters: [{'robot_name': 'portfolio_updater_scheduler', 'robot_version': '1.0.0', 'token_id': 15, 'user_id': 1, 'started_at': datetime.datetime(2026, 3, 16, 13, 46, 55, 615691), 'endpoint': 'robot://portfolio_updater/scheduler'}]]
(Background on this error at: https://sqlalche.me/e/20/cd3x)

2026-03-16 16:46:55.621 | ERROR    | [portfolio_updater:scheduler] ❌ Ошибка для токена 15: (sqlalchemy.exc.InvalidRequestError) A value is required for bind parameter 'robot_display_name'
[SQL: 
           INSERT INTO ganaly.robot_logs
           (robot_name, robot_display_name, robot_version, token_id, user_id,
            started_at, endpoint, level, request_data)
           VALUES
               (%(robot_name)s, %(robot_display_name)s, %(robot_version)s, %(token_id)s, %(user_id)s,
                %(started_at)s, %(endpoint)s, %(level)s, %(request_data)s)
               RETURNING id            ]
[parameters: [{'robot_name': 'portfolio_updater_scheduler', 'robot_version': '1.0.0', 'token_id': 15, 'user_id': 1, 'started_at': datetime.datetime(2026, 3, 16, 13, 46, 55, 615691), 'endpoint': 'robot://portfolio_updater/scheduler'}]]
(Background on this error at: https://sqlalche.me/e/20/cd3x)
2026-03-16 16:46:55.621 | INFO     | [portfolio_updater:scheduler] 📊 Итоги: всего=1, обработано=0, пропущено=0, ошибок=1
2026-03-16 16:46:55.621 | INFO     | [SYSTEM:SCHEDULER] ✅ Цикл завершен: {'total': 1, 'processed': 0, 'skipped': 0, 'errors': [{'token_id': 15, 'user_id': 1, 'error': "(sqlalchemy.exc.InvalidRequestError) A value is required for bind parameter 'robot_display_name'\n[SQL: \n           INSERT INTO ganaly.robot_logs\n           (robot_name, robot_display_name, robot_version, token_id, user_id,\n            started_at, endpoint, level, request_data)\n           VALUES\n               (%(robot_name)s, %(robot_display_name)s, %(robot_version)s, %(token_id)s, %(user_id)s,\n                %(started_at)s, %(endpoint)s, %(level)s, %(request_data)s)\n               RETURNING id            ]\n[parameters: [{'robot_name': 'portfolio_updater_scheduler', 'robot_version': '1.0.0', 'token_id': 15, 'user_id': 1, 'started_at': datetime.datetime(2026, 3, 16, 13, 46, 55, 615691), 'endpoint': 'robot://portfolio_updater/scheduler'}]]\n(Background on this error at: https://sqlalche.me/e/20/cd3x)"}]}
2026-03-16 16:47:55.635 | INFO     | [SYSTEM:SCHEDULER] 🔄 Запуск цикла обновления
2026-03-16 16:47:55.654 | INFO     | [portfolio_updater:scheduler] 🔄 Найдено 1 токенов для обработки
2026-03-16 16:47:55.654 | INFO     | [portfolio_updater:scheduler] ▶️ Запуск робота v1.0.0
2026-03-16 16:47:55.654 | INFO     | [portfolio_updater:scheduler]    User ID: 1, Token ID: 15
2026-03-16 16:47:55.663 | ERROR    | [portfolio_updater:scheduler] ❌ Ошибка: (sqlalchemy.exc.InvalidRequestError) A value is required for bind parameter 'robot_display_name'
[SQL: 
           INSERT INTO ganaly.robot_logs
           (robot_name, robot_display_name, robot_version, token_id, user_id,
            started_at, endpoint, level, request_data)
           VALUES
               (%(robot_name)s, %(robot_display_name)s, %(robot_version)s, %(token_id)s, %(user_id)s,
                %(started_at)s, %(endpoint)s, %(level)s, %(request_data)s)
               RETURNING id            ]
[parameters: [{'robot_name': 'portfolio_updater_scheduler', 'robot_version': '1.0.0', 'token_id': 15, 'user_id': 1, 'started_at': datetime.datetime(2026, 3, 16, 13, 47, 55, 654173), 'endpoint': 'robot://portfolio_updater/scheduler'}]]
(Background on this error at: https://sqlalche.me/e/20/cd3x)
2026-03-16 16:47:55.666 | ERROR    | [portfolio_updater:scheduler] Traceback (most recent call last):
  File "C:\Users\Asus\AppData\Local\Programs\Python\Python311\Lib\site-packages\sqlalchemy\engine\base.py", line 1814, in _execute_context
    context = constructor(
              ^^^^^^^^^^^^
  File "C:\Users\Asus\AppData\Local\Programs\Python\Python311\Lib\site-packages\sqlalchemy\engine\default.py", line 1377, in _init_compiled
    self.compiled_parameters = [
                               ^
  File "C:\Users\Asus\AppData\Local\Programs\Python\Python311\Lib\site-packages\sqlalchemy\engine\default.py", line 1378, in <listcomp>
    compiled.construct_params(
  File "C:\Users\Asus\AppData\Local\Programs\Python\Python311\Lib\site-packages\sqlalchemy\sql\compiler.py", line 1906, in construct_params
    raise exc.InvalidRequestError(
sqlalchemy.exc.InvalidRequestError: A value is required for bind parameter 'robot_display_name' (Background on this error at: https://sqlalche.me/e/20/cd3x)

The above exception was the direct cause of the following exception:

Traceback (most recent call last):
  File "C:\Users\Asus\WebstormProject\gin\backend\app\modules\robots\base\base_robot.py", line 78, in run
    log_id = await self._create_db_log(user_id, token_id, started_at)
             ^^^^^^^^^^^^^^^^^^^^^^^^^^^^^^^^^^^^^^^^^^^^^^^^^^^^^^^^
  File "C:\Users\Asus\WebstormProject\gin\backend\app\modules\robots\base\base_robot.py", line 124, in _create_db_log
    result = self.db.execute(
             ^^^^^^^^^^^^^^^^
  File "C:\Users\Asus\AppData\Local\Programs\Python\Python311\Lib\site-packages\sqlalchemy\orm\session.py", line 2308, in execute
    return self._execute_internal(
           ^^^^^^^^^^^^^^^^^^^^^^^
  File "C:\Users\Asus\AppData\Local\Programs\Python\Python311\Lib\site-packages\sqlalchemy\orm\session.py", line 2199, in _execute_internal
    result = conn.execute(
             ^^^^^^^^^^^^^
  File "C:\Users\Asus\AppData\Local\Programs\Python\Python311\Lib\site-packages\sqlalchemy\engine\base.py", line 1416, in execute
    return meth(
           ^^^^^
  File "C:\Users\Asus\AppData\Local\Programs\Python\Python311\Lib\site-packages\sqlalchemy\sql\elements.py", line 516, in _execute_on_connection
    return connection._execute_clauseelement(
           ^^^^^^^^^^^^^^^^^^^^^^^^^^^^^^^^^^
  File "C:\Users\Asus\AppData\Local\Programs\Python\Python311\Lib\site-packages\sqlalchemy\engine\base.py", line 1639, in _execute_clauseelement
    ret = self._execute_context(
          ^^^^^^^^^^^^^^^^^^^^^^
  File "C:\Users\Asus\AppData\Local\Programs\Python\Python311\Lib\site-packages\sqlalchemy\engine\base.py", line 1820, in _execute_context
    self._handle_dbapi_exception(
  File "C:\Users\Asus\AppData\Local\Programs\Python\Python311\Lib\site-packages\sqlalchemy\engine\base.py", line 2343, in _handle_dbapi_exception
    raise sqlalchemy_exception.with_traceback(exc_info[2]) from e
  File "C:\Users\Asus\AppData\Local\Programs\Python\Python311\Lib\site-packages\sqlalchemy\engine\base.py", line 1814, in _execute_context
    context = constructor(
              ^^^^^^^^^^^^
  File "C:\Users\Asus\AppData\Local\Programs\Python\Python311\Lib\site-packages\sqlalchemy\engine\default.py", line 1377, in _init_compiled
    self.compiled_parameters = [
                               ^
  File "C:\Users\Asus\AppData\Local\Programs\Python\Python311\Lib\site-packages\sqlalchemy\engine\default.py", line 1378, in <listcomp>
    compiled.construct_params(
  File "C:\Users\Asus\AppData\Local\Programs\Python\Python311\Lib\site-packages\sqlalchemy\sql\compiler.py", line 1906, in construct_params
    raise exc.InvalidRequestError(
sqlalchemy.exc.StatementError: (sqlalchemy.exc.InvalidRequestError) A value is required for bind parameter 'robot_display_name'
[SQL: 
           INSERT INTO ganaly.robot_logs
           (robot_name, robot_display_name, robot_version, token_id, user_id,
            started_at, endpoint, level, request_data)
           VALUES
               (%(robot_name)s, %(robot_display_name)s, %(robot_version)s, %(token_id)s, %(user_id)s,
                %(started_at)s, %(endpoint)s, %(level)s, %(request_data)s)
               RETURNING id            ]
[parameters: [{'robot_name': 'portfolio_updater_scheduler', 'robot_version': '1.0.0', 'token_id': 15, 'user_id': 1, 'started_at': datetime.datetime(2026, 3, 16, 13, 47, 55, 654173), 'endpoint': 'robot://portfolio_updater/scheduler'}]]
(Background on this error at: https://sqlalche.me/e/20/cd3x)

2026-03-16 16:47:55.671 | ERROR    | [portfolio_updater:scheduler] ❌ Ошибка для токена 15: (sqlalchemy.exc.InvalidRequestError) A value is required for bind parameter 'robot_display_name'
[SQL: 
           INSERT INTO ganaly.robot_logs
           (robot_name, robot_display_name, robot_version, token_id, user_id,
            started_at, endpoint, level, request_data)
           VALUES
               (%(robot_name)s, %(robot_display_name)s, %(robot_version)s, %(token_id)s, %(user_id)s,
                %(started_at)s, %(endpoint)s, %(level)s, %(request_data)s)
               RETURNING id            ]
[parameters: [{'robot_name': 'portfolio_updater_scheduler', 'robot_version': '1.0.0', 'token_id': 15, 'user_id': 1, 'started_at': datetime.datetime(2026, 3, 16, 13, 47, 55, 654173), 'endpoint': 'robot://portfolio_updater/scheduler'}]]
(Background on this error at: https://sqlalche.me/e/20/cd3x)
2026-03-16 16:47:55.671 | INFO     | [portfolio_updater:scheduler] 📊 Итоги: всего=1, обработано=0, пропущено=0, ошибок=1
2026-03-16 16:47:55.671 | INFO     | [SYSTEM:SCHEDULER] ✅ Цикл завершен: {'total': 1, 'processed': 0, 'skipped': 0, 'errors': [{'token_id': 15, 'user_id': 1, 'error': "(sqlalchemy.exc.InvalidRequestError) A value is required for bind parameter 'robot_display_name'\n[SQL: \n           INSERT INTO ganaly.robot_logs\n           (robot_name, robot_display_name, robot_version, token_id, user_id,\n            started_at, endpoint, level, request_data)\n           VALUES\n               (%(robot_name)s, %(robot_display_name)s, %(robot_version)s, %(token_id)s, %(user_id)s,\n                %(started_at)s, %(endpoint)s, %(level)s, %(request_data)s)\n               RETURNING id            ]\n[parameters: [{'robot_name': 'portfolio_updater_scheduler', 'robot_version': '1.0.0', 'token_id': 15, 'user_id': 1, 'started_at': datetime.datetime(2026, 3, 16, 13, 47, 55, 654173), 'endpoint': 'robot://portfolio_updater/scheduler'}]]\n(Background on this error at: https://sqlalche.me/e/20/cd3x)"}]}
2026-03-16 16:48:55.668 | INFO     | [SYSTEM:SCHEDULER] 🔄 Запуск цикла обновления
2026-03-16 16:48:55.683 | INFO     | [portfolio_updater:scheduler] 🔄 Найдено 1 токенов для обработки
2026-03-16 16:48:55.683 | INFO     | [portfolio_updater:scheduler] ▶️ Запуск робота v1.0.0
2026-03-16 16:48:55.683 | INFO     | [portfolio_updater:scheduler]    User ID: 1, Token ID: 15
2026-03-16 16:48:55.694 | ERROR    | [portfolio_updater:scheduler] ❌ Ошибка: (sqlalchemy.exc.InvalidRequestError) A value is required for bind parameter 'robot_display_name'
[SQL: 
           INSERT INTO ganaly.robot_logs
           (robot_name, robot_display_name, robot_version, token_id, user_id,
            started_at, endpoint, level, request_data)
           VALUES
               (%(robot_name)s, %(robot_display_name)s, %(robot_version)s, %(token_id)s, %(user_id)s,
                %(started_at)s, %(endpoint)s, %(level)s, %(request_data)s)
               RETURNING id            ]
[parameters: [{'robot_name': 'portfolio_updater_scheduler', 'robot_version': '1.0.0', 'token_id': 15, 'user_id': 1, 'started_at': datetime.datetime(2026, 3, 16, 13, 48, 55, 683671), 'endpoint': 'robot://portfolio_updater/scheduler'}]]
(Background on this error at: https://sqlalche.me/e/20/cd3x)
2026-03-16 16:48:55.694 | ERROR    | [portfolio_updater:scheduler] Traceback (most recent call last):
  File "C:\Users\Asus\AppData\Local\Programs\Python\Python311\Lib\site-packages\sqlalchemy\engine\base.py", line 1814, in _execute_context
    context = constructor(
              ^^^^^^^^^^^^
  File "C:\Users\Asus\AppData\Local\Programs\Python\Python311\Lib\site-packages\sqlalchemy\engine\default.py", line 1377, in _init_compiled
    self.compiled_parameters = [
                               ^
  File "C:\Users\Asus\AppData\Local\Programs\Python\Python311\Lib\site-packages\sqlalchemy\engine\default.py", line 1378, in <listcomp>
    compiled.construct_params(
  File "C:\Users\Asus\AppData\Local\Programs\Python\Python311\Lib\site-packages\sqlalchemy\sql\compiler.py", line 1906, in construct_params
    raise exc.InvalidRequestError(
sqlalchemy.exc.InvalidRequestError: A value is required for bind parameter 'robot_display_name' (Background on this error at: https://sqlalche.me/e/20/cd3x)

The above exception was the direct cause of the following exception:

Traceback (most recent call last):
  File "C:\Users\Asus\WebstormProject\gin\backend\app\modules\robots\base\base_robot.py", line 78, in run
    log_id = await self._create_db_log(user_id, token_id, started_at)
             ^^^^^^^^^^^^^^^^^^^^^^^^^^^^^^^^^^^^^^^^^^^^^^^^^^^^^^^^
  File "C:\Users\Asus\WebstormProject\gin\backend\app\modules\robots\base\base_robot.py", line 124, in _create_db_log
    result = self.db.execute(
             ^^^^^^^^^^^^^^^^
  File "C:\Users\Asus\AppData\Local\Programs\Python\Python311\Lib\site-packages\sqlalchemy\orm\session.py", line 2308, in execute
    return self._execute_internal(
           ^^^^^^^^^^^^^^^^^^^^^^^
  File "C:\Users\Asus\AppData\Local\Programs\Python\Python311\Lib\site-packages\sqlalchemy\orm\session.py", line 2199, in _execute_internal
    result = conn.execute(
             ^^^^^^^^^^^^^
  File "C:\Users\Asus\AppData\Local\Programs\Python\Python311\Lib\site-packages\sqlalchemy\engine\base.py", line 1416, in execute
    return meth(
           ^^^^^
  File "C:\Users\Asus\AppData\Local\Programs\Python\Python311\Lib\site-packages\sqlalchemy\sql\elements.py", line 516, in _execute_on_connection
    return connection._execute_clauseelement(
           ^^^^^^^^^^^^^^^^^^^^^^^^^^^^^^^^^^
  File "C:\Users\Asus\AppData\Local\Programs\Python\Python311\Lib\site-packages\sqlalchemy\engine\base.py", line 1639, in _execute_clauseelement
    ret = self._execute_context(
          ^^^^^^^^^^^^^^^^^^^^^^
  File "C:\Users\Asus\AppData\Local\Programs\Python\Python311\Lib\site-packages\sqlalchemy\engine\base.py", line 1820, in _execute_context
    self._handle_dbapi_exception(
  File "C:\Users\Asus\AppData\Local\Programs\Python\Python311\Lib\site-packages\sqlalchemy\engine\base.py", line 2343, in _handle_dbapi_exception
    raise sqlalchemy_exception.with_traceback(exc_info[2]) from e
  File "C:\Users\Asus\AppData\Local\Programs\Python\Python311\Lib\site-packages\sqlalchemy\engine\base.py", line 1814, in _execute_context
    context = constructor(
              ^^^^^^^^^^^^
  File "C:\Users\Asus\AppData\Local\Programs\Python\Python311\Lib\site-packages\sqlalchemy\engine\default.py", line 1377, in _init_compiled
    self.compiled_parameters = [
                               ^
  File "C:\Users\Asus\AppData\Local\Programs\Python\Python311\Lib\site-packages\sqlalchemy\engine\default.py", line 1378, in <listcomp>
    compiled.construct_params(
  File "C:\Users\Asus\AppData\Local\Programs\Python\Python311\Lib\site-packages\sqlalchemy\sql\compiler.py", line 1906, in construct_params
    raise exc.InvalidRequestError(
sqlalchemy.exc.StatementError: (sqlalchemy.exc.InvalidRequestError) A value is required for bind parameter 'robot_display_name'
[SQL: 
           INSERT INTO ganaly.robot_logs
           (robot_name, robot_display_name, robot_version, token_id, user_id,
            started_at, endpoint, level, request_data)
           VALUES
               (%(robot_name)s, %(robot_display_name)s, %(robot_version)s, %(token_id)s, %(user_id)s,
                %(started_at)s, %(endpoint)s, %(level)s, %(request_data)s)
               RETURNING id            ]
[parameters: [{'robot_name': 'portfolio_updater_scheduler', 'robot_version': '1.0.0', 'token_id': 15, 'user_id': 1, 'started_at': datetime.datetime(2026, 3, 16, 13, 48, 55, 683671), 'endpoint': 'robot://portfolio_updater/scheduler'}]]
(Background on this error at: https://sqlalche.me/e/20/cd3x)

2026-03-16 16:48:55.694 | ERROR    | [portfolio_updater:scheduler] ❌ Ошибка для токена 15: (sqlalchemy.exc.InvalidRequestError) A value is required for bind parameter 'robot_display_name'
[SQL: 
           INSERT INTO ganaly.robot_logs
           (robot_name, robot_display_name, robot_version, token_id, user_id,
            started_at, endpoint, level, request_data)
           VALUES
               (%(robot_name)s, %(robot_display_name)s, %(robot_version)s, %(token_id)s, %(user_id)s,
                %(started_at)s, %(endpoint)s, %(level)s, %(request_data)s)
               RETURNING id            ]
[parameters: [{'robot_name': 'portfolio_updater_scheduler', 'robot_version': '1.0.0', 'token_id': 15, 'user_id': 1, 'started_at': datetime.datetime(2026, 3, 16, 13, 48, 55, 683671), 'endpoint': 'robot://portfolio_updater/scheduler'}]]
(Background on this error at: https://sqlalche.me/e/20/cd3x)
2026-03-16 16:48:55.694 | INFO     | [portfolio_updater:scheduler] 📊 Итоги: всего=1, обработано=0, пропущено=0, ошибок=1
2026-03-16 16:48:55.694 | INFO     | [SYSTEM:SCHEDULER] ✅ Цикл завершен: {'total': 1, 'processed': 0, 'skipped': 0, 'errors': [{'token_id': 15, 'user_id': 1, 'error': "(sqlalchemy.exc.InvalidRequestError) A value is required for bind parameter 'robot_display_name'\n[SQL: \n           INSERT INTO ganaly.robot_logs\n           (robot_name, robot_display_name, robot_version, token_id, user_id,\n            started_at, endpoint, level, request_data)\n           VALUES\n               (%(robot_name)s, %(robot_display_name)s, %(robot_version)s, %(token_id)s, %(user_id)s,\n                %(started_at)s, %(endpoint)s, %(level)s, %(request_data)s)\n               RETURNING id            ]\n[parameters: [{'robot_name': 'portfolio_updater_scheduler', 'robot_version': '1.0.0', 'token_id': 15, 'user_id': 1, 'started_at': datetime.datetime(2026, 3, 16, 13, 48, 55, 683671), 'endpoint': 'robot://portfolio_updater/scheduler'}]]\n(Background on this error at: https://sqlalche.me/e/20/cd3x)"}]}
2026-03-16 16:49:55.699 | INFO     | [SYSTEM:SCHEDULER] 🔄 Запуск цикла обновления
2026-03-16 16:49:55.718 | INFO     | [portfolio_updater:scheduler] 🔄 Найдено 1 токенов для обработки
2026-03-16 16:49:55.718 | INFO     | [portfolio_updater:scheduler] ▶️ Запуск робота v1.0.0
2026-03-16 16:49:55.718 | INFO     | [portfolio_updater:scheduler]    User ID: 1, Token ID: 15
2026-03-16 16:49:55.723 | ERROR    | [portfolio_updater:scheduler] ❌ Ошибка: (sqlalchemy.exc.InvalidRequestError) A value is required for bind parameter 'robot_display_name'
[SQL: 
           INSERT INTO ganaly.robot_logs
           (robot_name, robot_display_name, robot_version, token_id, user_id,
            started_at, endpoint, level, request_data)
           VALUES
               (%(robot_name)s, %(robot_display_name)s, %(robot_version)s, %(token_id)s, %(user_id)s,
                %(started_at)s, %(endpoint)s, %(level)s, %(request_data)s)
               RETURNING id            ]
[parameters: [{'robot_name': 'portfolio_updater_scheduler', 'robot_version': '1.0.0', 'token_id': 15, 'user_id': 1, 'started_at': datetime.datetime(2026, 3, 16, 13, 49, 55, 718155), 'endpoint': 'robot://portfolio_updater/scheduler'}]]
(Background on this error at: https://sqlalche.me/e/20/cd3x)
2026-03-16 16:49:55.726 | ERROR    | [portfolio_updater:scheduler] Traceback (most recent call last):
  File "C:\Users\Asus\AppData\Local\Programs\Python\Python311\Lib\site-packages\sqlalchemy\engine\base.py", line 1814, in _execute_context
    context = constructor(
              ^^^^^^^^^^^^
  File "C:\Users\Asus\AppData\Local\Programs\Python\Python311\Lib\site-packages\sqlalchemy\engine\default.py", line 1377, in _init_compiled
    self.compiled_parameters = [
                               ^
  File "C:\Users\Asus\AppData\Local\Programs\Python\Python311\Lib\site-packages\sqlalchemy\engine\default.py", line 1378, in <listcomp>
    compiled.construct_params(
  File "C:\Users\Asus\AppData\Local\Programs\Python\Python311\Lib\site-packages\sqlalchemy\sql\compiler.py", line 1906, in construct_params
    raise exc.InvalidRequestError(
sqlalchemy.exc.InvalidRequestError: A value is required for bind parameter 'robot_display_name' (Background on this error at: https://sqlalche.me/e/20/cd3x)

The above exception was the direct cause of the following exception:

Traceback (most recent call last):
  File "C:\Users\Asus\WebstormProject\gin\backend\app\modules\robots\base\base_robot.py", line 78, in run
    log_id = await self._create_db_log(user_id, token_id, started_at)
             ^^^^^^^^^^^^^^^^^^^^^^^^^^^^^^^^^^^^^^^^^^^^^^^^^^^^^^^^
  File "C:\Users\Asus\WebstormProject\gin\backend\app\modules\robots\base\base_robot.py", line 124, in _create_db_log
    result = self.db.execute(
             ^^^^^^^^^^^^^^^^
  File "C:\Users\Asus\AppData\Local\Programs\Python\Python311\Lib\site-packages\sqlalchemy\orm\session.py", line 2308, in execute
    return self._execute_internal(
           ^^^^^^^^^^^^^^^^^^^^^^^
  File "C:\Users\Asus\AppData\Local\Programs\Python\Python311\Lib\site-packages\sqlalchemy\orm\session.py", line 2199, in _execute_internal
    result = conn.execute(
             ^^^^^^^^^^^^^
  File "C:\Users\Asus\AppData\Local\Programs\Python\Python311\Lib\site-packages\sqlalchemy\engine\base.py", line 1416, in execute
    return meth(
           ^^^^^
  File "C:\Users\Asus\AppData\Local\Programs\Python\Python311\Lib\site-packages\sqlalchemy\sql\elements.py", line 516, in _execute_on_connection
    return connection._execute_clauseelement(
           ^^^^^^^^^^^^^^^^^^^^^^^^^^^^^^^^^^
  File "C:\Users\Asus\AppData\Local\Programs\Python\Python311\Lib\site-packages\sqlalchemy\engine\base.py", line 1639, in _execute_clauseelement
    ret = self._execute_context(
          ^^^^^^^^^^^^^^^^^^^^^^
  File "C:\Users\Asus\AppData\Local\Programs\Python\Python311\Lib\site-packages\sqlalchemy\engine\base.py", line 1820, in _execute_context
    self._handle_dbapi_exception(
  File "C:\Users\Asus\AppData\Local\Programs\Python\Python311\Lib\site-packages\sqlalchemy\engine\base.py", line 2343, in _handle_dbapi_exception
    raise sqlalchemy_exception.with_traceback(exc_info[2]) from e
  File "C:\Users\Asus\AppData\Local\Programs\Python\Python311\Lib\site-packages\sqlalchemy\engine\base.py", line 1814, in _execute_context
    context = constructor(
              ^^^^^^^^^^^^
  File "C:\Users\Asus\AppData\Local\Programs\Python\Python311\Lib\site-packages\sqlalchemy\engine\default.py", line 1377, in _init_compiled
    self.compiled_parameters = [
                               ^
  File "C:\Users\Asus\AppData\Local\Programs\Python\Python311\Lib\site-packages\sqlalchemy\engine\default.py", line 1378, in <listcomp>
    compiled.construct_params(
  File "C:\Users\Asus\AppData\Local\Programs\Python\Python311\Lib\site-packages\sqlalchemy\sql\compiler.py", line 1906, in construct_params
    raise exc.InvalidRequestError(
sqlalchemy.exc.StatementError: (sqlalchemy.exc.InvalidRequestError) A value is required for bind parameter 'robot_display_name'
[SQL: 
           INSERT INTO ganaly.robot_logs
           (robot_name, robot_display_name, robot_version, token_id, user_id,
            started_at, endpoint, level, request_data)
           VALUES
               (%(robot_name)s, %(robot_display_name)s, %(robot_version)s, %(token_id)s, %(user_id)s,
                %(started_at)s, %(endpoint)s, %(level)s, %(request_data)s)
               RETURNING id            ]
[parameters: [{'robot_name': 'portfolio_updater_scheduler', 'robot_version': '1.0.0', 'token_id': 15, 'user_id': 1, 'started_at': datetime.datetime(2026, 3, 16, 13, 49, 55, 718155), 'endpoint': 'robot://portfolio_updater/scheduler'}]]
(Background on this error at: https://sqlalche.me/e/20/cd3x)

2026-03-16 16:49:55.726 | ERROR    | [portfolio_updater:scheduler] ❌ Ошибка для токена 15: (sqlalchemy.exc.InvalidRequestError) A value is required for bind parameter 'robot_display_name'
[SQL: 
           INSERT INTO ganaly.robot_logs
           (robot_name, robot_display_name, robot_version, token_id, user_id,
            started_at, endpoint, level, request_data)
           VALUES
               (%(robot_name)s, %(robot_display_name)s, %(robot_version)s, %(token_id)s, %(user_id)s,
                %(started_at)s, %(endpoint)s, %(level)s, %(request_data)s)
               RETURNING id            ]
[parameters: [{'robot_name': 'portfolio_updater_scheduler', 'robot_version': '1.0.0', 'token_id': 15, 'user_id': 1, 'started_at': datetime.datetime(2026, 3, 16, 13, 49, 55, 718155), 'endpoint': 'robot://portfolio_updater/scheduler'}]]
(Background on this error at: https://sqlalche.me/e/20/cd3x)
2026-03-16 16:49:55.726 | INFO     | [portfolio_updater:scheduler] 📊 Итоги: всего=1, обработано=0, пропущено=0, ошибок=1
2026-03-16 16:49:55.726 | INFO     | [SYSTEM:SCHEDULER] ✅ Цикл завершен: {'total': 1, 'processed': 0, 'skipped': 0, 'errors': [{'token_id': 15, 'user_id': 1, 'error': "(sqlalchemy.exc.InvalidRequestError) A value is required for bind parameter 'robot_display_name'\n[SQL: \n           INSERT INTO ganaly.robot_logs\n           (robot_name, robot_display_name, robot_version, token_id, user_id,\n            started_at, endpoint, level, request_data)\n           VALUES\n               (%(robot_name)s, %(robot_display_name)s, %(robot_version)s, %(token_id)s, %(user_id)s,\n                %(started_at)s, %(endpoint)s, %(level)s, %(request_data)s)\n               RETURNING id            ]\n[parameters: [{'robot_name': 'portfolio_updater_scheduler', 'robot_version': '1.0.0', 'token_id': 15, 'user_id': 1, 'started_at': datetime.datetime(2026, 3, 16, 13, 49, 55, 718155), 'endpoint': 'robot://portfolio_updater/scheduler'}]]\n(Background on this error at: https://sqlalche.me/e/20/cd3x)"}]}
2026-03-16 16:50:55.739 | INFO     | [SYSTEM:SCHEDULER] 🔄 Запуск цикла обновления
2026-03-16 16:50:55.763 | INFO     | [portfolio_updater:scheduler] 🔄 Найдено 1 токенов для обработки
2026-03-16 16:50:55.763 | INFO     | [portfolio_updater:scheduler] ▶️ Запуск робота v1.0.0
2026-03-16 16:50:55.763 | INFO     | [portfolio_updater:scheduler]    User ID: 1, Token ID: 15
2026-03-16 16:50:55.767 | ERROR    | [portfolio_updater:scheduler] ❌ Ошибка: (sqlalchemy.exc.InvalidRequestError) A value is required for bind parameter 'robot_display_name'
[SQL: 
           INSERT INTO ganaly.robot_logs
           (robot_name, robot_display_name, robot_version, token_id, user_id,
            started_at, endpoint, level, request_data)
           VALUES
               (%(robot_name)s, %(robot_display_name)s, %(robot_version)s, %(token_id)s, %(user_id)s,
                %(started_at)s, %(endpoint)s, %(level)s, %(request_data)s)
               RETURNING id            ]
[parameters: [{'robot_name': 'portfolio_updater_scheduler', 'robot_version': '1.0.0', 'token_id': 15, 'user_id': 1, 'started_at': datetime.datetime(2026, 3, 16, 13, 50, 55, 763886), 'endpoint': 'robot://portfolio_updater/scheduler'}]]
(Background on this error at: https://sqlalche.me/e/20/cd3x)
2026-03-16 16:50:55.767 | ERROR    | [portfolio_updater:scheduler] Traceback (most recent call last):
  File "C:\Users\Asus\AppData\Local\Programs\Python\Python311\Lib\site-packages\sqlalchemy\engine\base.py", line 1814, in _execute_context
    context = constructor(
              ^^^^^^^^^^^^
  File "C:\Users\Asus\AppData\Local\Programs\Python\Python311\Lib\site-packages\sqlalchemy\engine\default.py", line 1377, in _init_compiled
    self.compiled_parameters = [
                               ^
  File "C:\Users\Asus\AppData\Local\Programs\Python\Python311\Lib\site-packages\sqlalchemy\engine\default.py", line 1378, in <listcomp>
    compiled.construct_params(
  File "C:\Users\Asus\AppData\Local\Programs\Python\Python311\Lib\site-packages\sqlalchemy\sql\compiler.py", line 1906, in construct_params
    raise exc.InvalidRequestError(
sqlalchemy.exc.InvalidRequestError: A value is required for bind parameter 'robot_display_name' (Background on this error at: https://sqlalche.me/e/20/cd3x)

The above exception was the direct cause of the following exception:

Traceback (most recent call last):
  File "C:\Users\Asus\WebstormProject\gin\backend\app\modules\robots\base\base_robot.py", line 78, in run
    log_id = await self._create_db_log(user_id, token_id, started_at)
             ^^^^^^^^^^^^^^^^^^^^^^^^^^^^^^^^^^^^^^^^^^^^^^^^^^^^^^^^
  File "C:\Users\Asus\WebstormProject\gin\backend\app\modules\robots\base\base_robot.py", line 124, in _create_db_log
    result = self.db.execute(
             ^^^^^^^^^^^^^^^^
  File "C:\Users\Asus\AppData\Local\Programs\Python\Python311\Lib\site-packages\sqlalchemy\orm\session.py", line 2308, in execute
    return self._execute_internal(
           ^^^^^^^^^^^^^^^^^^^^^^^
  File "C:\Users\Asus\AppData\Local\Programs\Python\Python311\Lib\site-packages\sqlalchemy\orm\session.py", line 2199, in _execute_internal
    result = conn.execute(
             ^^^^^^^^^^^^^
  File "C:\Users\Asus\AppData\Local\Programs\Python\Python311\Lib\site-packages\sqlalchemy\engine\base.py", line 1416, in execute
    return meth(
           ^^^^^
  File "C:\Users\Asus\AppData\Local\Programs\Python\Python311\Lib\site-packages\sqlalchemy\sql\elements.py", line 516, in _execute_on_connection
    return connection._execute_clauseelement(
           ^^^^^^^^^^^^^^^^^^^^^^^^^^^^^^^^^^
  File "C:\Users\Asus\AppData\Local\Programs\Python\Python311\Lib\site-packages\sqlalchemy\engine\base.py", line 1639, in _execute_clauseelement
    ret = self._execute_context(
          ^^^^^^^^^^^^^^^^^^^^^^
  File "C:\Users\Asus\AppData\Local\Programs\Python\Python311\Lib\site-packages\sqlalchemy\engine\base.py", line 1820, in _execute_context
    self._handle_dbapi_exception(
  File "C:\Users\Asus\AppData\Local\Programs\Python\Python311\Lib\site-packages\sqlalchemy\engine\base.py", line 2343, in _handle_dbapi_exception
    raise sqlalchemy_exception.with_traceback(exc_info[2]) from e
  File "C:\Users\Asus\AppData\Local\Programs\Python\Python311\Lib\site-packages\sqlalchemy\engine\base.py", line 1814, in _execute_context
    context = constructor(
              ^^^^^^^^^^^^
  File "C:\Users\Asus\AppData\Local\Programs\Python\Python311\Lib\site-packages\sqlalchemy\engine\default.py", line 1377, in _init_compiled
    self.compiled_parameters = [
                               ^
  File "C:\Users\Asus\AppData\Local\Programs\Python\Python311\Lib\site-packages\sqlalchemy\engine\default.py", line 1378, in <listcomp>
    compiled.construct_params(
  File "C:\Users\Asus\AppData\Local\Programs\Python\Python311\Lib\site-packages\sqlalchemy\sql\compiler.py", line 1906, in construct_params
    raise exc.InvalidRequestError(
sqlalchemy.exc.StatementError: (sqlalchemy.exc.InvalidRequestError) A value is required for bind parameter 'robot_display_name'
[SQL: 
           INSERT INTO ganaly.robot_logs
           (robot_name, robot_display_name, robot_version, token_id, user_id,
            started_at, endpoint, level, request_data)
           VALUES
               (%(robot_name)s, %(robot_display_name)s, %(robot_version)s, %(token_id)s, %(user_id)s,
                %(started_at)s, %(endpoint)s, %(level)s, %(request_data)s)
               RETURNING id            ]
[parameters: [{'robot_name': 'portfolio_updater_scheduler', 'robot_version': '1.0.0', 'token_id': 15, 'user_id': 1, 'started_at': datetime.datetime(2026, 3, 16, 13, 50, 55, 763886), 'endpoint': 'robot://portfolio_updater/scheduler'}]]
(Background on this error at: https://sqlalche.me/e/20/cd3x)

2026-03-16 16:50:55.767 | ERROR    | [portfolio_updater:scheduler] ❌ Ошибка для токена 15: (sqlalchemy.exc.InvalidRequestError) A value is required for bind parameter 'robot_display_name'
[SQL: 
           INSERT INTO ganaly.robot_logs
           (robot_name, robot_display_name, robot_version, token_id, user_id,
            started_at, endpoint, level, request_data)
           VALUES
               (%(robot_name)s, %(robot_display_name)s, %(robot_version)s, %(token_id)s, %(user_id)s,
                %(started_at)s, %(endpoint)s, %(level)s, %(request_data)s)
               RETURNING id            ]
[parameters: [{'robot_name': 'portfolio_updater_scheduler', 'robot_version': '1.0.0', 'token_id': 15, 'user_id': 1, 'started_at': datetime.datetime(2026, 3, 16, 13, 50, 55, 763886), 'endpoint': 'robot://portfolio_updater/scheduler'}]]
(Background on this error at: https://sqlalche.me/e/20/cd3x)
2026-03-16 16:50:55.767 | INFO     | [portfolio_updater:scheduler] 📊 Итоги: всего=1, обработано=0, пропущено=0, ошибок=1
2026-03-16 16:50:55.771 | INFO     | [SYSTEM:SCHEDULER] ✅ Цикл завершен: {'total': 1, 'processed': 0, 'skipped': 0, 'errors': [{'token_id': 15, 'user_id': 1, 'error': "(sqlalchemy.exc.InvalidRequestError) A value is required for bind parameter 'robot_display_name'\n[SQL: \n           INSERT INTO ganaly.robot_logs\n           (robot_name, robot_display_name, robot_version, token_id, user_id,\n            started_at, endpoint, level, request_data)\n           VALUES\n               (%(robot_name)s, %(robot_display_name)s, %(robot_version)s, %(token_id)s, %(user_id)s,\n                %(started_at)s, %(endpoint)s, %(level)s, %(request_data)s)\n               RETURNING id            ]\n[parameters: [{'robot_name': 'portfolio_updater_scheduler', 'robot_version': '1.0.0', 'token_id': 15, 'user_id': 1, 'started_at': datetime.datetime(2026, 3, 16, 13, 50, 55, 763886), 'endpoint': 'robot://portfolio_updater/scheduler'}]]\n(Background on this error at: https://sqlalche.me/e/20/cd3x)"}]}
2026-03-16 16:51:55.794 | INFO     | [SYSTEM:SCHEDULER] 🔄 Запуск цикла обновления
2026-03-16 16:51:55.815 | INFO     | [portfolio_updater:scheduler] 🔄 Найдено 1 токенов для обработки
2026-03-16 16:51:55.815 | INFO     | [portfolio_updater:scheduler] ▶️ Запуск робота v1.0.0
2026-03-16 16:51:55.815 | INFO     | [portfolio_updater:scheduler]    User ID: 1, Token ID: 15
2026-03-16 16:51:55.827 | ERROR    | [portfolio_updater:scheduler] ❌ Ошибка: (sqlalchemy.exc.InvalidRequestError) A value is required for bind parameter 'robot_display_name'
[SQL: 
           INSERT INTO ganaly.robot_logs
           (robot_name, robot_display_name, robot_version, token_id, user_id,
            started_at, endpoint, level, request_data)
           VALUES
               (%(robot_name)s, %(robot_display_name)s, %(robot_version)s, %(token_id)s, %(user_id)s,
                %(started_at)s, %(endpoint)s, %(level)s, %(request_data)s)
               RETURNING id            ]
[parameters: [{'robot_name': 'portfolio_updater_scheduler', 'robot_version': '1.0.0', 'token_id': 15, 'user_id': 1, 'started_at': datetime.datetime(2026, 3, 16, 13, 51, 55, 815524), 'endpoint': 'robot://portfolio_updater/scheduler'}]]
(Background on this error at: https://sqlalche.me/e/20/cd3x)
2026-03-16 16:51:55.827 | ERROR    | [portfolio_updater:scheduler] Traceback (most recent call last):
  File "C:\Users\Asus\AppData\Local\Programs\Python\Python311\Lib\site-packages\sqlalchemy\engine\base.py", line 1814, in _execute_context
    context = constructor(
              ^^^^^^^^^^^^
  File "C:\Users\Asus\AppData\Local\Programs\Python\Python311\Lib\site-packages\sqlalchemy\engine\default.py", line 1377, in _init_compiled
    self.compiled_parameters = [
                               ^
  File "C:\Users\Asus\AppData\Local\Programs\Python\Python311\Lib\site-packages\sqlalchemy\engine\default.py", line 1378, in <listcomp>
    compiled.construct_params(
  File "C:\Users\Asus\AppData\Local\Programs\Python\Python311\Lib\site-packages\sqlalchemy\sql\compiler.py", line 1906, in construct_params
    raise exc.InvalidRequestError(
sqlalchemy.exc.InvalidRequestError: A value is required for bind parameter 'robot_display_name' (Background on this error at: https://sqlalche.me/e/20/cd3x)

The above exception was the direct cause of the following exception:

Traceback (most recent call last):
  File "C:\Users\Asus\WebstormProject\gin\backend\app\modules\robots\base\base_robot.py", line 78, in run
    log_id = await self._create_db_log(user_id, token_id, started_at)
             ^^^^^^^^^^^^^^^^^^^^^^^^^^^^^^^^^^^^^^^^^^^^^^^^^^^^^^^^
  File "C:\Users\Asus\WebstormProject\gin\backend\app\modules\robots\base\base_robot.py", line 124, in _create_db_log
    result = self.db.execute(
             ^^^^^^^^^^^^^^^^
  File "C:\Users\Asus\AppData\Local\Programs\Python\Python311\Lib\site-packages\sqlalchemy\orm\session.py", line 2308, in execute
    return self._execute_internal(
           ^^^^^^^^^^^^^^^^^^^^^^^
  File "C:\Users\Asus\AppData\Local\Programs\Python\Python311\Lib\site-packages\sqlalchemy\orm\session.py", line 2199, in _execute_internal
    result = conn.execute(
             ^^^^^^^^^^^^^
  File "C:\Users\Asus\AppData\Local\Programs\Python\Python311\Lib\site-packages\sqlalchemy\engine\base.py", line 1416, in execute
    return meth(
           ^^^^^
  File "C:\Users\Asus\AppData\Local\Programs\Python\Python311\Lib\site-packages\sqlalchemy\sql\elements.py", line 516, in _execute_on_connection
    return connection._execute_clauseelement(
           ^^^^^^^^^^^^^^^^^^^^^^^^^^^^^^^^^^
  File "C:\Users\Asus\AppData\Local\Programs\Python\Python311\Lib\site-packages\sqlalchemy\engine\base.py", line 1639, in _execute_clauseelement
    ret = self._execute_context(
          ^^^^^^^^^^^^^^^^^^^^^^
  File "C:\Users\Asus\AppData\Local\Programs\Python\Python311\Lib\site-packages\sqlalchemy\engine\base.py", line 1820, in _execute_context
    self._handle_dbapi_exception(
  File "C:\Users\Asus\AppData\Local\Programs\Python\Python311\Lib\site-packages\sqlalchemy\engine\base.py", line 2343, in _handle_dbapi_exception
    raise sqlalchemy_exception.with_traceback(exc_info[2]) from e
  File "C:\Users\Asus\AppData\Local\Programs\Python\Python311\Lib\site-packages\sqlalchemy\engine\base.py", line 1814, in _execute_context
    context = constructor(
              ^^^^^^^^^^^^
  File "C:\Users\Asus\AppData\Local\Programs\Python\Python311\Lib\site-packages\sqlalchemy\engine\default.py", line 1377, in _init_compiled
    self.compiled_parameters = [
                               ^
  File "C:\Users\Asus\AppData\Local\Programs\Python\Python311\Lib\site-packages\sqlalchemy\engine\default.py", line 1378, in <listcomp>
    compiled.construct_params(
  File "C:\Users\Asus\AppData\Local\Programs\Python\Python311\Lib\site-packages\sqlalchemy\sql\compiler.py", line 1906, in construct_params
    raise exc.InvalidRequestError(
sqlalchemy.exc.StatementError: (sqlalchemy.exc.InvalidRequestError) A value is required for bind parameter 'robot_display_name'
[SQL: 
           INSERT INTO ganaly.robot_logs
           (robot_name, robot_display_name, robot_version, token_id, user_id,
            started_at, endpoint, level, request_data)
           VALUES
               (%(robot_name)s, %(robot_display_name)s, %(robot_version)s, %(token_id)s, %(user_id)s,
                %(started_at)s, %(endpoint)s, %(level)s, %(request_data)s)
               RETURNING id            ]
[parameters: [{'robot_name': 'portfolio_updater_scheduler', 'robot_version': '1.0.0', 'token_id': 15, 'user_id': 1, 'started_at': datetime.datetime(2026, 3, 16, 13, 51, 55, 815524), 'endpoint': 'robot://portfolio_updater/scheduler'}]]
(Background on this error at: https://sqlalche.me/e/20/cd3x)

2026-03-16 16:51:55.827 | ERROR    | [portfolio_updater:scheduler] ❌ Ошибка для токена 15: (sqlalchemy.exc.InvalidRequestError) A value is required for bind parameter 'robot_display_name'
[SQL: 
           INSERT INTO ganaly.robot_logs
           (robot_name, robot_display_name, robot_version, token_id, user_id,
            started_at, endpoint, level, request_data)
           VALUES
               (%(robot_name)s, %(robot_display_name)s, %(robot_version)s, %(token_id)s, %(user_id)s,
                %(started_at)s, %(endpoint)s, %(level)s, %(request_data)s)
               RETURNING id            ]
[parameters: [{'robot_name': 'portfolio_updater_scheduler', 'robot_version': '1.0.0', 'token_id': 15, 'user_id': 1, 'started_at': datetime.datetime(2026, 3, 16, 13, 51, 55, 815524), 'endpoint': 'robot://portfolio_updater/scheduler'}]]
(Background on this error at: https://sqlalche.me/e/20/cd3x)
2026-03-16 16:51:55.827 | INFO     | [portfolio_updater:scheduler] 📊 Итоги: всего=1, обработано=0, пропущено=0, ошибок=1
2026-03-16 16:51:55.827 | INFO     | [SYSTEM:SCHEDULER] ✅ Цикл завершен: {'total': 1, 'processed': 0, 'skipped': 0, 'errors': [{'token_id': 15, 'user_id': 1, 'error': "(sqlalchemy.exc.InvalidRequestError) A value is required for bind parameter 'robot_display_name'\n[SQL: \n           INSERT INTO ganaly.robot_logs\n           (robot_name, robot_display_name, robot_version, token_id, user_id,\n            started_at, endpoint, level, request_data)\n           VALUES\n               (%(robot_name)s, %(robot_display_name)s, %(robot_version)s, %(token_id)s, %(user_id)s,\n                %(started_at)s, %(endpoint)s, %(level)s, %(request_data)s)\n               RETURNING id            ]\n[parameters: [{'robot_name': 'portfolio_updater_scheduler', 'robot_version': '1.0.0', 'token_id': 15, 'user_id': 1, 'started_at': datetime.datetime(2026, 3, 16, 13, 51, 55, 815524), 'endpoint': 'robot://portfolio_updater/scheduler'}]]\n(Background on this error at: https://sqlalche.me/e/20/cd3x)"}]}
2026-03-16 16:52:55.837 | INFO     | [SYSTEM:SCHEDULER] 🔄 Запуск цикла обновления
2026-03-16 16:52:55.852 | INFO     | [portfolio_updater:scheduler] 🔄 Найдено 1 токенов для обработки
2026-03-16 16:52:55.852 | INFO     | [portfolio_updater:scheduler] ▶️ Запуск робота v1.0.0
2026-03-16 16:52:55.852 | INFO     | [portfolio_updater:scheduler]    User ID: 1, Token ID: 15
2026-03-16 16:52:55.858 | ERROR    | [portfolio_updater:scheduler] ❌ Ошибка: (sqlalchemy.exc.InvalidRequestError) A value is required for bind parameter 'robot_display_name'
[SQL: 
           INSERT INTO ganaly.robot_logs
           (robot_name, robot_display_name, robot_version, token_id, user_id,
            started_at, endpoint, level, request_data)
           VALUES
               (%(robot_name)s, %(robot_display_name)s, %(robot_version)s, %(token_id)s, %(user_id)s,
                %(started_at)s, %(endpoint)s, %(level)s, %(request_data)s)
               RETURNING id            ]
[parameters: [{'robot_name': 'portfolio_updater_scheduler', 'robot_version': '1.0.0', 'token_id': 15, 'user_id': 1, 'started_at': datetime.datetime(2026, 3, 16, 13, 52, 55, 852246), 'endpoint': 'robot://portfolio_updater/scheduler'}]]
(Background on this error at: https://sqlalche.me/e/20/cd3x)
2026-03-16 16:52:55.858 | ERROR    | [portfolio_updater:scheduler] Traceback (most recent call last):
  File "C:\Users\Asus\AppData\Local\Programs\Python\Python311\Lib\site-packages\sqlalchemy\engine\base.py", line 1814, in _execute_context
    context = constructor(
              ^^^^^^^^^^^^
  File "C:\Users\Asus\AppData\Local\Programs\Python\Python311\Lib\site-packages\sqlalchemy\engine\default.py", line 1377, in _init_compiled
    self.compiled_parameters = [
                               ^
  File "C:\Users\Asus\AppData\Local\Programs\Python\Python311\Lib\site-packages\sqlalchemy\engine\default.py", line 1378, in <listcomp>
    compiled.construct_params(
  File "C:\Users\Asus\AppData\Local\Programs\Python\Python311\Lib\site-packages\sqlalchemy\sql\compiler.py", line 1906, in construct_params
    raise exc.InvalidRequestError(
sqlalchemy.exc.InvalidRequestError: A value is required for bind parameter 'robot_display_name' (Background on this error at: https://sqlalche.me/e/20/cd3x)

The above exception was the direct cause of the following exception:

Traceback (most recent call last):
  File "C:\Users\Asus\WebstormProject\gin\backend\app\modules\robots\base\base_robot.py", line 78, in run
    log_id = await self._create_db_log(user_id, token_id, started_at)
             ^^^^^^^^^^^^^^^^^^^^^^^^^^^^^^^^^^^^^^^^^^^^^^^^^^^^^^^^
  File "C:\Users\Asus\WebstormProject\gin\backend\app\modules\robots\base\base_robot.py", line 124, in _create_db_log
    result = self.db.execute(
             ^^^^^^^^^^^^^^^^
  File "C:\Users\Asus\AppData\Local\Programs\Python\Python311\Lib\site-packages\sqlalchemy\orm\session.py", line 2308, in execute
    return self._execute_internal(
           ^^^^^^^^^^^^^^^^^^^^^^^
  File "C:\Users\Asus\AppData\Local\Programs\Python\Python311\Lib\site-packages\sqlalchemy\orm\session.py", line 2199, in _execute_internal
    result = conn.execute(
             ^^^^^^^^^^^^^
  File "C:\Users\Asus\AppData\Local\Programs\Python\Python311\Lib\site-packages\sqlalchemy\engine\base.py", line 1416, in execute
    return meth(
           ^^^^^
  File "C:\Users\Asus\AppData\Local\Programs\Python\Python311\Lib\site-packages\sqlalchemy\sql\elements.py", line 516, in _execute_on_connection
    return connection._execute_clauseelement(
           ^^^^^^^^^^^^^^^^^^^^^^^^^^^^^^^^^^
  File "C:\Users\Asus\AppData\Local\Programs\Python\Python311\Lib\site-packages\sqlalchemy\engine\base.py", line 1639, in _execute_clauseelement
    ret = self._execute_context(
          ^^^^^^^^^^^^^^^^^^^^^^
  File "C:\Users\Asus\AppData\Local\Programs\Python\Python311\Lib\site-packages\sqlalchemy\engine\base.py", line 1820, in _execute_context
    self._handle_dbapi_exception(
  File "C:\Users\Asus\AppData\Local\Programs\Python\Python311\Lib\site-packages\sqlalchemy\engine\base.py", line 2343, in _handle_dbapi_exception
    raise sqlalchemy_exception.with_traceback(exc_info[2]) from e
  File "C:\Users\Asus\AppData\Local\Programs\Python\Python311\Lib\site-packages\sqlalchemy\engine\base.py", line 1814, in _execute_context
    context = constructor(
              ^^^^^^^^^^^^
  File "C:\Users\Asus\AppData\Local\Programs\Python\Python311\Lib\site-packages\sqlalchemy\engine\default.py", line 1377, in _init_compiled
    self.compiled_parameters = [
                               ^
  File "C:\Users\Asus\AppData\Local\Programs\Python\Python311\Lib\site-packages\sqlalchemy\engine\default.py", line 1378, in <listcomp>
    compiled.construct_params(
  File "C:\Users\Asus\AppData\Local\Programs\Python\Python311\Lib\site-packages\sqlalchemy\sql\compiler.py", line 1906, in construct_params
    raise exc.InvalidRequestError(
sqlalchemy.exc.StatementError: (sqlalchemy.exc.InvalidRequestError) A value is required for bind parameter 'robot_display_name'
[SQL: 
           INSERT INTO ganaly.robot_logs
           (robot_name, robot_display_name, robot_version, token_id, user_id,
            started_at, endpoint, level, request_data)
           VALUES
               (%(robot_name)s, %(robot_display_name)s, %(robot_version)s, %(token_id)s, %(user_id)s,
                %(started_at)s, %(endpoint)s, %(level)s, %(request_data)s)
               RETURNING id            ]
[parameters: [{'robot_name': 'portfolio_updater_scheduler', 'robot_version': '1.0.0', 'token_id': 15, 'user_id': 1, 'started_at': datetime.datetime(2026, 3, 16, 13, 52, 55, 852246), 'endpoint': 'robot://portfolio_updater/scheduler'}]]
(Background on this error at: https://sqlalche.me/e/20/cd3x)

2026-03-16 16:52:55.859 | ERROR    | [portfolio_updater:scheduler] ❌ Ошибка для токена 15: (sqlalchemy.exc.InvalidRequestError) A value is required for bind parameter 'robot_display_name'
[SQL: 
           INSERT INTO ganaly.robot_logs
           (robot_name, robot_display_name, robot_version, token_id, user_id,
            started_at, endpoint, level, request_data)
           VALUES
               (%(robot_name)s, %(robot_display_name)s, %(robot_version)s, %(token_id)s, %(user_id)s,
                %(started_at)s, %(endpoint)s, %(level)s, %(request_data)s)
               RETURNING id            ]
[parameters: [{'robot_name': 'portfolio_updater_scheduler', 'robot_version': '1.0.0', 'token_id': 15, 'user_id': 1, 'started_at': datetime.datetime(2026, 3, 16, 13, 52, 55, 852246), 'endpoint': 'robot://portfolio_updater/scheduler'}]]
(Background on this error at: https://sqlalche.me/e/20/cd3x)
2026-03-16 16:52:55.859 | INFO     | [portfolio_updater:scheduler] 📊 Итоги: всего=1, обработано=0, пропущено=0, ошибок=1
2026-03-16 16:52:55.859 | INFO     | [SYSTEM:SCHEDULER] ✅ Цикл завершен: {'total': 1, 'processed': 0, 'skipped': 0, 'errors': [{'token_id': 15, 'user_id': 1, 'error': "(sqlalchemy.exc.InvalidRequestError) A value is required for bind parameter 'robot_display_name'\n[SQL: \n           INSERT INTO ganaly.robot_logs\n           (robot_name, robot_display_name, robot_version, token_id, user_id,\n            started_at, endpoint, level, request_data)\n           VALUES\n               (%(robot_name)s, %(robot_display_name)s, %(robot_version)s, %(token_id)s, %(user_id)s,\n                %(started_at)s, %(endpoint)s, %(level)s, %(request_data)s)\n               RETURNING id            ]\n[parameters: [{'robot_name': 'portfolio_updater_scheduler', 'robot_version': '1.0.0', 'token_id': 15, 'user_id': 1, 'started_at': datetime.datetime(2026, 3, 16, 13, 52, 55, 852246), 'endpoint': 'robot://portfolio_updater/scheduler'}]]\n(Background on this error at: https://sqlalche.me/e/20/cd3x)"}]}
2026-03-16 16:53:55.859 | INFO     | [SYSTEM:SCHEDULER] 🔄 Запуск цикла обновления
2026-03-16 16:53:55.879 | INFO     | [portfolio_updater:scheduler] 🔄 Найдено 1 токенов для обработки
2026-03-16 16:53:55.879 | INFO     | [portfolio_updater:scheduler] ▶️ Запуск робота v1.0.0
2026-03-16 16:53:55.883 | INFO     | [portfolio_updater:scheduler]    User ID: 1, Token ID: 15
2026-03-16 16:53:55.889 | ERROR    | [portfolio_updater:scheduler] ❌ Ошибка: (sqlalchemy.exc.InvalidRequestError) A value is required for bind parameter 'robot_display_name'
[SQL: 
           INSERT INTO ganaly.robot_logs
           (robot_name, robot_display_name, robot_version, token_id, user_id,
            started_at, endpoint, level, request_data)
           VALUES
               (%(robot_name)s, %(robot_display_name)s, %(robot_version)s, %(token_id)s, %(user_id)s,
                %(started_at)s, %(endpoint)s, %(level)s, %(request_data)s)
               RETURNING id            ]
[parameters: [{'robot_name': 'portfolio_updater_scheduler', 'robot_version': '1.0.0', 'token_id': 15, 'user_id': 1, 'started_at': datetime.datetime(2026, 3, 16, 13, 53, 55, 879298), 'endpoint': 'robot://portfolio_updater/scheduler'}]]
(Background on this error at: https://sqlalche.me/e/20/cd3x)
2026-03-16 16:53:55.889 | ERROR    | [portfolio_updater:scheduler] Traceback (most recent call last):
  File "C:\Users\Asus\AppData\Local\Programs\Python\Python311\Lib\site-packages\sqlalchemy\engine\base.py", line 1814, in _execute_context
    context = constructor(
              ^^^^^^^^^^^^
  File "C:\Users\Asus\AppData\Local\Programs\Python\Python311\Lib\site-packages\sqlalchemy\engine\default.py", line 1377, in _init_compiled
    self.compiled_parameters = [
                               ^
  File "C:\Users\Asus\AppData\Local\Programs\Python\Python311\Lib\site-packages\sqlalchemy\engine\default.py", line 1378, in <listcomp>
    compiled.construct_params(
  File "C:\Users\Asus\AppData\Local\Programs\Python\Python311\Lib\site-packages\sqlalchemy\sql\compiler.py", line 1906, in construct_params
    raise exc.InvalidRequestError(
sqlalchemy.exc.InvalidRequestError: A value is required for bind parameter 'robot_display_name' (Background on this error at: https://sqlalche.me/e/20/cd3x)

The above exception was the direct cause of the following exception:

Traceback (most recent call last):
  File "C:\Users\Asus\WebstormProject\gin\backend\app\modules\robots\base\base_robot.py", line 78, in run
    log_id = await self._create_db_log(user_id, token_id, started_at)
             ^^^^^^^^^^^^^^^^^^^^^^^^^^^^^^^^^^^^^^^^^^^^^^^^^^^^^^^^
  File "C:\Users\Asus\WebstormProject\gin\backend\app\modules\robots\base\base_robot.py", line 124, in _create_db_log
    result = self.db.execute(
             ^^^^^^^^^^^^^^^^
  File "C:\Users\Asus\AppData\Local\Programs\Python\Python311\Lib\site-packages\sqlalchemy\orm\session.py", line 2308, in execute
    return self._execute_internal(
           ^^^^^^^^^^^^^^^^^^^^^^^
  File "C:\Users\Asus\AppData\Local\Programs\Python\Python311\Lib\site-packages\sqlalchemy\orm\session.py", line 2199, in _execute_internal
    result = conn.execute(
             ^^^^^^^^^^^^^
  File "C:\Users\Asus\AppData\Local\Programs\Python\Python311\Lib\site-packages\sqlalchemy\engine\base.py", line 1416, in execute
    return meth(
           ^^^^^
  File "C:\Users\Asus\AppData\Local\Programs\Python\Python311\Lib\site-packages\sqlalchemy\sql\elements.py", line 516, in _execute_on_connection
    return connection._execute_clauseelement(
           ^^^^^^^^^^^^^^^^^^^^^^^^^^^^^^^^^^
  File "C:\Users\Asus\AppData\Local\Programs\Python\Python311\Lib\site-packages\sqlalchemy\engine\base.py", line 1639, in _execute_clauseelement
    ret = self._execute_context(
          ^^^^^^^^^^^^^^^^^^^^^^
  File "C:\Users\Asus\AppData\Local\Programs\Python\Python311\Lib\site-packages\sqlalchemy\engine\base.py", line 1820, in _execute_context
    self._handle_dbapi_exception(
  File "C:\Users\Asus\AppData\Local\Programs\Python\Python311\Lib\site-packages\sqlalchemy\engine\base.py", line 2343, in _handle_dbapi_exception
    raise sqlalchemy_exception.with_traceback(exc_info[2]) from e
  File "C:\Users\Asus\AppData\Local\Programs\Python\Python311\Lib\site-packages\sqlalchemy\engine\base.py", line 1814, in _execute_context
    context = constructor(
              ^^^^^^^^^^^^
  File "C:\Users\Asus\AppData\Local\Programs\Python\Python311\Lib\site-packages\sqlalchemy\engine\default.py", line 1377, in _init_compiled
    self.compiled_parameters = [
                               ^
  File "C:\Users\Asus\AppData\Local\Programs\Python\Python311\Lib\site-packages\sqlalchemy\engine\default.py", line 1378, in <listcomp>
    compiled.construct_params(
  File "C:\Users\Asus\AppData\Local\Programs\Python\Python311\Lib\site-packages\sqlalchemy\sql\compiler.py", line 1906, in construct_params
    raise exc.InvalidRequestError(
sqlalchemy.exc.StatementError: (sqlalchemy.exc.InvalidRequestError) A value is required for bind parameter 'robot_display_name'
[SQL: 
           INSERT INTO ganaly.robot_logs
           (robot_name, robot_display_name, robot_version, token_id, user_id,
            started_at, endpoint, level, request_data)
           VALUES
               (%(robot_name)s, %(robot_display_name)s, %(robot_version)s, %(token_id)s, %(user_id)s,
                %(started_at)s, %(endpoint)s, %(level)s, %(request_data)s)
               RETURNING id            ]
[parameters: [{'robot_name': 'portfolio_updater_scheduler', 'robot_version': '1.0.0', 'token_id': 15, 'user_id': 1, 'started_at': datetime.datetime(2026, 3, 16, 13, 53, 55, 879298), 'endpoint': 'robot://portfolio_updater/scheduler'}]]
(Background on this error at: https://sqlalche.me/e/20/cd3x)

2026-03-16 16:53:55.889 | ERROR    | [portfolio_updater:scheduler] ❌ Ошибка для токена 15: (sqlalchemy.exc.InvalidRequestError) A value is required for bind parameter 'robot_display_name'
[SQL: 
           INSERT INTO ganaly.robot_logs
           (robot_name, robot_display_name, robot_version, token_id, user_id,
            started_at, endpoint, level, request_data)
           VALUES
               (%(robot_name)s, %(robot_display_name)s, %(robot_version)s, %(token_id)s, %(user_id)s,
                %(started_at)s, %(endpoint)s, %(level)s, %(request_data)s)
               RETURNING id            ]
[parameters: [{'robot_name': 'portfolio_updater_scheduler', 'robot_version': '1.0.0', 'token_id': 15, 'user_id': 1, 'started_at': datetime.datetime(2026, 3, 16, 13, 53, 55, 879298), 'endpoint': 'robot://portfolio_updater/scheduler'}]]
(Background on this error at: https://sqlalche.me/e/20/cd3x)
2026-03-16 16:53:55.889 | INFO     | [portfolio_updater:scheduler] 📊 Итоги: всего=1, обработано=0, пропущено=0, ошибок=1
2026-03-16 16:53:55.889 | INFO     | [SYSTEM:SCHEDULER] ✅ Цикл завершен: {'total': 1, 'processed': 0, 'skipped': 0, 'errors': [{'token_id': 15, 'user_id': 1, 'error': "(sqlalchemy.exc.InvalidRequestError) A value is required for bind parameter 'robot_display_name'\n[SQL: \n           INSERT INTO ganaly.robot_logs\n           (robot_name, robot_display_name, robot_version, token_id, user_id,\n            started_at, endpoint, level, request_data)\n           VALUES\n               (%(robot_name)s, %(robot_display_name)s, %(robot_version)s, %(token_id)s, %(user_id)s,\n                %(started_at)s, %(endpoint)s, %(level)s, %(request_data)s)\n               RETURNING id            ]\n[parameters: [{'robot_name': 'portfolio_updater_scheduler', 'robot_version': '1.0.0', 'token_id': 15, 'user_id': 1, 'started_at': datetime.datetime(2026, 3, 16, 13, 53, 55, 879298), 'endpoint': 'robot://portfolio_updater/scheduler'}]]\n(Background on this error at: https://sqlalche.me/e/20/cd3x)"}]}
2026-03-16 16:54:55.873 | INFO     | [SYSTEM:SCHEDULER] 🔄 Запуск цикла обновления
2026-03-16 16:54:55.888 | INFO     | [portfolio_updater:scheduler] 🔄 Найдено 1 токенов для обработки
2026-03-16 16:54:55.888 | INFO     | [portfolio_updater:scheduler] ▶️ Запуск робота v1.0.0
2026-03-16 16:54:55.888 | INFO     | [portfolio_updater:scheduler]    User ID: 1, Token ID: 15
2026-03-16 16:54:55.904 | ERROR    | [portfolio_updater:scheduler] ❌ Ошибка: (sqlalchemy.exc.InvalidRequestError) A value is required for bind parameter 'robot_display_name'
[SQL: 
           INSERT INTO ganaly.robot_logs
           (robot_name, robot_display_name, robot_version, token_id, user_id,
            started_at, endpoint, level, request_data)
           VALUES
               (%(robot_name)s, %(robot_display_name)s, %(robot_version)s, %(token_id)s, %(user_id)s,
                %(started_at)s, %(endpoint)s, %(level)s, %(request_data)s)
               RETURNING id            ]
[parameters: [{'robot_name': 'portfolio_updater_scheduler', 'robot_version': '1.0.0', 'token_id': 15, 'user_id': 1, 'started_at': datetime.datetime(2026, 3, 16, 13, 54, 55, 888185), 'endpoint': 'robot://portfolio_updater/scheduler'}]]
(Background on this error at: https://sqlalche.me/e/20/cd3x)
2026-03-16 16:54:55.905 | ERROR    | [portfolio_updater:scheduler] Traceback (most recent call last):
  File "C:\Users\Asus\AppData\Local\Programs\Python\Python311\Lib\site-packages\sqlalchemy\engine\base.py", line 1814, in _execute_context
    context = constructor(
              ^^^^^^^^^^^^
  File "C:\Users\Asus\AppData\Local\Programs\Python\Python311\Lib\site-packages\sqlalchemy\engine\default.py", line 1377, in _init_compiled
    self.compiled_parameters = [
                               ^
  File "C:\Users\Asus\AppData\Local\Programs\Python\Python311\Lib\site-packages\sqlalchemy\engine\default.py", line 1378, in <listcomp>
    compiled.construct_params(
  File "C:\Users\Asus\AppData\Local\Programs\Python\Python311\Lib\site-packages\sqlalchemy\sql\compiler.py", line 1906, in construct_params
    raise exc.InvalidRequestError(
sqlalchemy.exc.InvalidRequestError: A value is required for bind parameter 'robot_display_name' (Background on this error at: https://sqlalche.me/e/20/cd3x)

The above exception was the direct cause of the following exception:

Traceback (most recent call last):
  File "C:\Users\Asus\WebstormProject\gin\backend\app\modules\robots\base\base_robot.py", line 78, in run
    log_id = await self._create_db_log(user_id, token_id, started_at)
             ^^^^^^^^^^^^^^^^^^^^^^^^^^^^^^^^^^^^^^^^^^^^^^^^^^^^^^^^
  File "C:\Users\Asus\WebstormProject\gin\backend\app\modules\robots\base\base_robot.py", line 124, in _create_db_log
    result = self.db.execute(
             ^^^^^^^^^^^^^^^^
  File "C:\Users\Asus\AppData\Local\Programs\Python\Python311\Lib\site-packages\sqlalchemy\orm\session.py", line 2308, in execute
    return self._execute_internal(
           ^^^^^^^^^^^^^^^^^^^^^^^
  File "C:\Users\Asus\AppData\Local\Programs\Python\Python311\Lib\site-packages\sqlalchemy\orm\session.py", line 2199, in _execute_internal
    result = conn.execute(
             ^^^^^^^^^^^^^
  File "C:\Users\Asus\AppData\Local\Programs\Python\Python311\Lib\site-packages\sqlalchemy\engine\base.py", line 1416, in execute
    return meth(
           ^^^^^
  File "C:\Users\Asus\AppData\Local\Programs\Python\Python311\Lib\site-packages\sqlalchemy\sql\elements.py", line 516, in _execute_on_connection
    return connection._execute_clauseelement(
           ^^^^^^^^^^^^^^^^^^^^^^^^^^^^^^^^^^
  File "C:\Users\Asus\AppData\Local\Programs\Python\Python311\Lib\site-packages\sqlalchemy\engine\base.py", line 1639, in _execute_clauseelement
    ret = self._execute_context(
          ^^^^^^^^^^^^^^^^^^^^^^
  File "C:\Users\Asus\AppData\Local\Programs\Python\Python311\Lib\site-packages\sqlalchemy\engine\base.py", line 1820, in _execute_context
    self._handle_dbapi_exception(
  File "C:\Users\Asus\AppData\Local\Programs\Python\Python311\Lib\site-packages\sqlalchemy\engine\base.py", line 2343, in _handle_dbapi_exception
    raise sqlalchemy_exception.with_traceback(exc_info[2]) from e
  File "C:\Users\Asus\AppData\Local\Programs\Python\Python311\Lib\site-packages\sqlalchemy\engine\base.py", line 1814, in _execute_context
    context = constructor(
              ^^^^^^^^^^^^
  File "C:\Users\Asus\AppData\Local\Programs\Python\Python311\Lib\site-packages\sqlalchemy\engine\default.py", line 1377, in _init_compiled
    self.compiled_parameters = [
                               ^
  File "C:\Users\Asus\AppData\Local\Programs\Python\Python311\Lib\site-packages\sqlalchemy\engine\default.py", line 1378, in <listcomp>
    compiled.construct_params(
  File "C:\Users\Asus\AppData\Local\Programs\Python\Python311\Lib\site-packages\sqlalchemy\sql\compiler.py", line 1906, in construct_params
    raise exc.InvalidRequestError(
sqlalchemy.exc.StatementError: (sqlalchemy.exc.InvalidRequestError) A value is required for bind parameter 'robot_display_name'
[SQL: 
           INSERT INTO ganaly.robot_logs
           (robot_name, robot_display_name, robot_version, token_id, user_id,
            started_at, endpoint, level, request_data)
           VALUES
               (%(robot_name)s, %(robot_display_name)s, %(robot_version)s, %(token_id)s, %(user_id)s,
                %(started_at)s, %(endpoint)s, %(level)s, %(request_data)s)
               RETURNING id            ]
[parameters: [{'robot_name': 'portfolio_updater_scheduler', 'robot_version': '1.0.0', 'token_id': 15, 'user_id': 1, 'started_at': datetime.datetime(2026, 3, 16, 13, 54, 55, 888185), 'endpoint': 'robot://portfolio_updater/scheduler'}]]
(Background on this error at: https://sqlalche.me/e/20/cd3x)

2026-03-16 16:54:55.906 | ERROR    | [portfolio_updater:scheduler] ❌ Ошибка для токена 15: (sqlalchemy.exc.InvalidRequestError) A value is required for bind parameter 'robot_display_name'
[SQL: 
           INSERT INTO ganaly.robot_logs
           (robot_name, robot_display_name, robot_version, token_id, user_id,
            started_at, endpoint, level, request_data)
           VALUES
               (%(robot_name)s, %(robot_display_name)s, %(robot_version)s, %(token_id)s, %(user_id)s,
                %(started_at)s, %(endpoint)s, %(level)s, %(request_data)s)
               RETURNING id            ]
[parameters: [{'robot_name': 'portfolio_updater_scheduler', 'robot_version': '1.0.0', 'token_id': 15, 'user_id': 1, 'started_at': datetime.datetime(2026, 3, 16, 13, 54, 55, 888185), 'endpoint': 'robot://portfolio_updater/scheduler'}]]
(Background on this error at: https://sqlalche.me/e/20/cd3x)
2026-03-16 16:54:55.906 | INFO     | [portfolio_updater:scheduler] 📊 Итоги: всего=1, обработано=0, пропущено=0, ошибок=1
2026-03-16 16:54:55.906 | INFO     | [SYSTEM:SCHEDULER] ✅ Цикл завершен: {'total': 1, 'processed': 0, 'skipped': 0, 'errors': [{'token_id': 15, 'user_id': 1, 'error': "(sqlalchemy.exc.InvalidRequestError) A value is required for bind parameter 'robot_display_name'\n[SQL: \n           INSERT INTO ganaly.robot_logs\n           (robot_name, robot_display_name, robot_version, token_id, user_id,\n            started_at, endpoint, level, request_data)\n           VALUES\n               (%(robot_name)s, %(robot_display_name)s, %(robot_version)s, %(token_id)s, %(user_id)s,\n                %(started_at)s, %(endpoint)s, %(level)s, %(request_data)s)\n               RETURNING id            ]\n[parameters: [{'robot_name': 'portfolio_updater_scheduler', 'robot_version': '1.0.0', 'token_id': 15, 'user_id': 1, 'started_at': datetime.datetime(2026, 3, 16, 13, 54, 55, 888185), 'endpoint': 'robot://portfolio_updater/scheduler'}]]\n(Background on this error at: https://sqlalche.me/e/20/cd3x)"}]}
2026-03-16 16:55:55.905 | INFO     | [SYSTEM:SCHEDULER] 🔄 Запуск цикла обновления
2026-03-16 16:55:55.967 | INFO     | [portfolio_updater:scheduler] 🔄 Найдено 1 токенов для обработки
2026-03-16 16:55:55.967 | INFO     | [portfolio_updater:scheduler] ▶️ Запуск робота v1.0.0
2026-03-16 16:55:55.967 | INFO     | [portfolio_updater:scheduler]    User ID: 1, Token ID: 15
2026-03-16 16:55:55.993 | ERROR    | [portfolio_updater:scheduler] ❌ Ошибка: (sqlalchemy.exc.InvalidRequestError) A value is required for bind parameter 'robot_display_name'
[SQL: 
           INSERT INTO ganaly.robot_logs
           (robot_name, robot_display_name, robot_version, token_id, user_id,
            started_at, endpoint, level, request_data)
           VALUES
               (%(robot_name)s, %(robot_display_name)s, %(robot_version)s, %(token_id)s, %(user_id)s,
                %(started_at)s, %(endpoint)s, %(level)s, %(request_data)s)
               RETURNING id            ]
[parameters: [{'robot_name': 'portfolio_updater_scheduler', 'robot_version': '1.0.0', 'token_id': 15, 'user_id': 1, 'started_at': datetime.datetime(2026, 3, 16, 13, 55, 55, 967584), 'endpoint': 'robot://portfolio_updater/scheduler'}]]
(Background on this error at: https://sqlalche.me/e/20/cd3x)
2026-03-16 16:55:55.993 | ERROR    | [portfolio_updater:scheduler] Traceback (most recent call last):
  File "C:\Users\Asus\AppData\Local\Programs\Python\Python311\Lib\site-packages\sqlalchemy\engine\base.py", line 1814, in _execute_context
    context = constructor(
              ^^^^^^^^^^^^
  File "C:\Users\Asus\AppData\Local\Programs\Python\Python311\Lib\site-packages\sqlalchemy\engine\default.py", line 1377, in _init_compiled
    self.compiled_parameters = [
                               ^
  File "C:\Users\Asus\AppData\Local\Programs\Python\Python311\Lib\site-packages\sqlalchemy\engine\default.py", line 1378, in <listcomp>
    compiled.construct_params(
  File "C:\Users\Asus\AppData\Local\Programs\Python\Python311\Lib\site-packages\sqlalchemy\sql\compiler.py", line 1906, in construct_params
    raise exc.InvalidRequestError(
sqlalchemy.exc.InvalidRequestError: A value is required for bind parameter 'robot_display_name' (Background on this error at: https://sqlalche.me/e/20/cd3x)

The above exception was the direct cause of the following exception:

Traceback (most recent call last):
  File "C:\Users\Asus\WebstormProject\gin\backend\app\modules\robots\base\base_robot.py", line 78, in run
    log_id = await self._create_db_log(user_id, token_id, started_at)
             ^^^^^^^^^^^^^^^^^^^^^^^^^^^^^^^^^^^^^^^^^^^^^^^^^^^^^^^^
  File "C:\Users\Asus\WebstormProject\gin\backend\app\modules\robots\base\base_robot.py", line 124, in _create_db_log
    result = self.db.execute(
             ^^^^^^^^^^^^^^^^
  File "C:\Users\Asus\AppData\Local\Programs\Python\Python311\Lib\site-packages\sqlalchemy\orm\session.py", line 2308, in execute
    return self._execute_internal(
           ^^^^^^^^^^^^^^^^^^^^^^^
  File "C:\Users\Asus\AppData\Local\Programs\Python\Python311\Lib\site-packages\sqlalchemy\orm\session.py", line 2199, in _execute_internal
    result = conn.execute(
             ^^^^^^^^^^^^^
  File "C:\Users\Asus\AppData\Local\Programs\Python\Python311\Lib\site-packages\sqlalchemy\engine\base.py", line 1416, in execute
    return meth(
           ^^^^^
  File "C:\Users\Asus\AppData\Local\Programs\Python\Python311\Lib\site-packages\sqlalchemy\sql\elements.py", line 516, in _execute_on_connection
    return connection._execute_clauseelement(
           ^^^^^^^^^^^^^^^^^^^^^^^^^^^^^^^^^^
  File "C:\Users\Asus\AppData\Local\Programs\Python\Python311\Lib\site-packages\sqlalchemy\engine\base.py", line 1639, in _execute_clauseelement
    ret = self._execute_context(
          ^^^^^^^^^^^^^^^^^^^^^^
  File "C:\Users\Asus\AppData\Local\Programs\Python\Python311\Lib\site-packages\sqlalchemy\engine\base.py", line 1820, in _execute_context
    self._handle_dbapi_exception(
  File "C:\Users\Asus\AppData\Local\Programs\Python\Python311\Lib\site-packages\sqlalchemy\engine\base.py", line 2343, in _handle_dbapi_exception
    raise sqlalchemy_exception.with_traceback(exc_info[2]) from e
  File "C:\Users\Asus\AppData\Local\Programs\Python\Python311\Lib\site-packages\sqlalchemy\engine\base.py", line 1814, in _execute_context
    context = constructor(
              ^^^^^^^^^^^^
  File "C:\Users\Asus\AppData\Local\Programs\Python\Python311\Lib\site-packages\sqlalchemy\engine\default.py", line 1377, in _init_compiled
    self.compiled_parameters = [
                               ^
  File "C:\Users\Asus\AppData\Local\Programs\Python\Python311\Lib\site-packages\sqlalchemy\engine\default.py", line 1378, in <listcomp>
    compiled.construct_params(
  File "C:\Users\Asus\AppData\Local\Programs\Python\Python311\Lib\site-packages\sqlalchemy\sql\compiler.py", line 1906, in construct_params
    raise exc.InvalidRequestError(
sqlalchemy.exc.StatementError: (sqlalchemy.exc.InvalidRequestError) A value is required for bind parameter 'robot_display_name'
[SQL: 
           INSERT INTO ganaly.robot_logs
           (robot_name, robot_display_name, robot_version, token_id, user_id,
            started_at, endpoint, level, request_data)
           VALUES
               (%(robot_name)s, %(robot_display_name)s, %(robot_version)s, %(token_id)s, %(user_id)s,
                %(started_at)s, %(endpoint)s, %(level)s, %(request_data)s)
               RETURNING id            ]
[parameters: [{'robot_name': 'portfolio_updater_scheduler', 'robot_version': '1.0.0', 'token_id': 15, 'user_id': 1, 'started_at': datetime.datetime(2026, 3, 16, 13, 55, 55, 967584), 'endpoint': 'robot://portfolio_updater/scheduler'}]]
(Background on this error at: https://sqlalche.me/e/20/cd3x)

2026-03-16 16:55:55.993 | ERROR    | [portfolio_updater:scheduler] ❌ Ошибка для токена 15: (sqlalchemy.exc.InvalidRequestError) A value is required for bind parameter 'robot_display_name'
[SQL: 
           INSERT INTO ganaly.robot_logs
           (robot_name, robot_display_name, robot_version, token_id, user_id,
            started_at, endpoint, level, request_data)
           VALUES
               (%(robot_name)s, %(robot_display_name)s, %(robot_version)s, %(token_id)s, %(user_id)s,
                %(started_at)s, %(endpoint)s, %(level)s, %(request_data)s)
               RETURNING id            ]
[parameters: [{'robot_name': 'portfolio_updater_scheduler', 'robot_version': '1.0.0', 'token_id': 15, 'user_id': 1, 'started_at': datetime.datetime(2026, 3, 16, 13, 55, 55, 967584), 'endpoint': 'robot://portfolio_updater/scheduler'}]]
(Background on this error at: https://sqlalche.me/e/20/cd3x)
2026-03-16 16:55:55.993 | INFO     | [portfolio_updater:scheduler] 📊 Итоги: всего=1, обработано=0, пропущено=0, ошибок=1
2026-03-16 16:55:55.993 | INFO     | [SYSTEM:SCHEDULER] ✅ Цикл завершен: {'total': 1, 'processed': 0, 'skipped': 0, 'errors': [{'token_id': 15, 'user_id': 1, 'error': "(sqlalchemy.exc.InvalidRequestError) A value is required for bind parameter 'robot_display_name'\n[SQL: \n           INSERT INTO ganaly.robot_logs\n           (robot_name, robot_display_name, robot_version, token_id, user_id,\n            started_at, endpoint, level, request_data)\n           VALUES\n               (%(robot_name)s, %(robot_display_name)s, %(robot_version)s, %(token_id)s, %(user_id)s,\n                %(started_at)s, %(endpoint)s, %(level)s, %(request_data)s)\n               RETURNING id            ]\n[parameters: [{'robot_name': 'portfolio_updater_scheduler', 'robot_version': '1.0.0', 'token_id': 15, 'user_id': 1, 'started_at': datetime.datetime(2026, 3, 16, 13, 55, 55, 967584), 'endpoint': 'robot://portfolio_updater/scheduler'}]]\n(Background on this error at: https://sqlalche.me/e/20/cd3x)"}]}
2026-03-16 16:56:14.365 | INFO     | [SYSTEM:MAIN] 🛑 Приложение остановлено
2026-03-16 16:56:14.365 | INFO     | [SYSTEM:SCHEDULER] 🛑 Планировщик остановлен
2026-03-16 16:56:19.031 | INFO     | [SYSTEM:BOOT] ====================================================================================================
2026-03-16 16:56:19.031 | INFO     | [SYSTEM:BOOT] НОВЫЙ ПЕРИОД ЛОГИРОВАНИЯ: 2026-03-16 16:56:19
2026-03-16 16:56:19.031 | INFO     | [SYSTEM:BOOT] ====================================================================================================
2026-03-16 16:56:19.103 | INFO     | [SYSTEM:MAIN] 🚀 Приложение запущено
2026-03-16 16:56:19.103 | INFO     | [SYSTEM:SCHEDULER] 🚀 Запуск главного планировщика
2026-03-16 16:56:19.103 | INFO     | [SYSTEM:SCHEDULER] 🔄 Запуск цикла обновления
2026-03-16 16:56:19.316 | INFO     | [portfolio_updater:scheduler] 🔄 Найдено 1 токенов для обработки
2026-03-16 16:56:19.316 | INFO     | [portfolio_updater:scheduler] ▶️ Запуск робота v1.0.0
2026-03-16 16:56:19.316 | INFO     | [portfolio_updater:scheduler]    User ID: 1, Token ID: 15
2026-03-16 16:56:19.420 | ERROR    | [portfolio_updater:scheduler] ❌ Ошибка: (sqlalchemy.exc.InvalidRequestError) A value is required for bind parameter 'robot_display_name'
[SQL: 
           INSERT INTO ganaly.robot_logs
           (robot_name, robot_display_name, robot_version, token_id, user_id,
            started_at, endpoint, level, request_data)
           VALUES
               (%(robot_name)s, %(robot_display_name)s, %(robot_version)s, %(token_id)s, %(user_id)s,
                %(started_at)s, %(endpoint)s, %(level)s, %(request_data)s)
               RETURNING id            ]
[parameters: [{'robot_name': 'portfolio_updater_scheduler', 'robot_version': '1.0.0', 'token_id': 15, 'user_id': 1, 'started_at': datetime.datetime(2026, 3, 16, 13, 56, 19, 316295), 'endpoint': 'robot://portfolio_updater/scheduler'}]]
(Background on this error at: https://sqlalche.me/e/20/cd3x)
2026-03-16 16:56:19.424 | ERROR    | [portfolio_updater:scheduler] Traceback (most recent call last):
  File "C:\Users\Asus\AppData\Local\Programs\Python\Python311\Lib\site-packages\sqlalchemy\engine\base.py", line 1814, in _execute_context
    context = constructor(
              ^^^^^^^^^^^^
  File "C:\Users\Asus\AppData\Local\Programs\Python\Python311\Lib\site-packages\sqlalchemy\engine\default.py", line 1377, in _init_compiled
    self.compiled_parameters = [
                               ^
  File "C:\Users\Asus\AppData\Local\Programs\Python\Python311\Lib\site-packages\sqlalchemy\engine\default.py", line 1378, in <listcomp>
    compiled.construct_params(
  File "C:\Users\Asus\AppData\Local\Programs\Python\Python311\Lib\site-packages\sqlalchemy\sql\compiler.py", line 1906, in construct_params
    raise exc.InvalidRequestError(
sqlalchemy.exc.InvalidRequestError: A value is required for bind parameter 'robot_display_name' (Background on this error at: https://sqlalche.me/e/20/cd3x)

The above exception was the direct cause of the following exception:

Traceback (most recent call last):
  File "C:\Users\Asus\WebstormProject\gin\backend\app\modules\robots\base\base_robot.py", line 78, in run
    log_id = await self._create_db_log(user_id, token_id, started_at)
             ^^^^^^^^^^^^^^^^^^^^^^^^^^^^^^^^^^^^^^^^^^^^^^^^^^^^^^^^
  File "C:\Users\Asus\WebstormProject\gin\backend\app\modules\robots\base\base_robot.py", line 124, in _create_db_log
    result = self.db.execute(
             ^^^^^^^^^^^^^^^^
  File "C:\Users\Asus\AppData\Local\Programs\Python\Python311\Lib\site-packages\sqlalchemy\orm\session.py", line 2308, in execute
    return self._execute_internal(
           ^^^^^^^^^^^^^^^^^^^^^^^
  File "C:\Users\Asus\AppData\Local\Programs\Python\Python311\Lib\site-packages\sqlalchemy\orm\session.py", line 2199, in _execute_internal
    result = conn.execute(
             ^^^^^^^^^^^^^
  File "C:\Users\Asus\AppData\Local\Programs\Python\Python311\Lib\site-packages\sqlalchemy\engine\base.py", line 1416, in execute
    return meth(
           ^^^^^
  File "C:\Users\Asus\AppData\Local\Programs\Python\Python311\Lib\site-packages\sqlalchemy\sql\elements.py", line 516, in _execute_on_connection
    return connection._execute_clauseelement(
           ^^^^^^^^^^^^^^^^^^^^^^^^^^^^^^^^^^
  File "C:\Users\Asus\AppData\Local\Programs\Python\Python311\Lib\site-packages\sqlalchemy\engine\base.py", line 1639, in _execute_clauseelement
    ret = self._execute_context(
          ^^^^^^^^^^^^^^^^^^^^^^
  File "C:\Users\Asus\AppData\Local\Programs\Python\Python311\Lib\site-packages\sqlalchemy\engine\base.py", line 1820, in _execute_context
    self._handle_dbapi_exception(
  File "C:\Users\Asus\AppData\Local\Programs\Python\Python311\Lib\site-packages\sqlalchemy\engine\base.py", line 2343, in _handle_dbapi_exception
    raise sqlalchemy_exception.with_traceback(exc_info[2]) from e
  File "C:\Users\Asus\AppData\Local\Programs\Python\Python311\Lib\site-packages\sqlalchemy\engine\base.py", line 1814, in _execute_context
    context = constructor(
              ^^^^^^^^^^^^
  File "C:\Users\Asus\AppData\Local\Programs\Python\Python311\Lib\site-packages\sqlalchemy\engine\default.py", line 1377, in _init_compiled
    self.compiled_parameters = [
                               ^
  File "C:\Users\Asus\AppData\Local\Programs\Python\Python311\Lib\site-packages\sqlalchemy\engine\default.py", line 1378, in <listcomp>
    compiled.construct_params(
  File "C:\Users\Asus\AppData\Local\Programs\Python\Python311\Lib\site-packages\sqlalchemy\sql\compiler.py", line 1906, in construct_params
    raise exc.InvalidRequestError(
sqlalchemy.exc.StatementError: (sqlalchemy.exc.InvalidRequestError) A value is required for bind parameter 'robot_display_name'
[SQL: 
           INSERT INTO ganaly.robot_logs
           (robot_name, robot_display_name, robot_version, token_id, user_id,
            started_at, endpoint, level, request_data)
           VALUES
               (%(robot_name)s, %(robot_display_name)s, %(robot_version)s, %(token_id)s, %(user_id)s,
                %(started_at)s, %(endpoint)s, %(level)s, %(request_data)s)
               RETURNING id            ]
[parameters: [{'robot_name': 'portfolio_updater_scheduler', 'robot_version': '1.0.0', 'token_id': 15, 'user_id': 1, 'started_at': datetime.datetime(2026, 3, 16, 13, 56, 19, 316295), 'endpoint': 'robot://portfolio_updater/scheduler'}]]
(Background on this error at: https://sqlalche.me/e/20/cd3x)

2026-03-16 16:56:19.425 | ERROR    | [portfolio_updater:scheduler] ❌ Ошибка для токена 15: (sqlalchemy.exc.InvalidRequestError) A value is required for bind parameter 'robot_display_name'
[SQL: 
           INSERT INTO ganaly.robot_logs
           (robot_name, robot_display_name, robot_version, token_id, user_id,
            started_at, endpoint, level, request_data)
           VALUES
               (%(robot_name)s, %(robot_display_name)s, %(robot_version)s, %(token_id)s, %(user_id)s,
                %(started_at)s, %(endpoint)s, %(level)s, %(request_data)s)
               RETURNING id            ]
[parameters: [{'robot_name': 'portfolio_updater_scheduler', 'robot_version': '1.0.0', 'token_id': 15, 'user_id': 1, 'started_at': datetime.datetime(2026, 3, 16, 13, 56, 19, 316295), 'endpoint': 'robot://portfolio_updater/scheduler'}]]
(Background on this error at: https://sqlalche.me/e/20/cd3x)
2026-03-16 16:56:19.425 | INFO     | [portfolio_updater:scheduler] 📊 Итоги: всего=1, обработано=0, пропущено=0, ошибок=1
2026-03-16 16:56:19.425 | INFO     | [SYSTEM:SCHEDULER] ✅ Цикл завершен: {'total': 1, 'processed': 0, 'skipped': 0, 'errors': [{'token_id': 15, 'user_id': 1, 'error': "(sqlalchemy.exc.InvalidRequestError) A value is required for bind parameter 'robot_display_name'\n[SQL: \n           INSERT INTO ganaly.robot_logs\n           (robot_name, robot_display_name, robot_version, token_id, user_id,\n            started_at, endpoint, level, request_data)\n           VALUES\n               (%(robot_name)s, %(robot_display_name)s, %(robot_version)s, %(token_id)s, %(user_id)s,\n                %(started_at)s, %(endpoint)s, %(level)s, %(request_data)s)\n               RETURNING id            ]\n[parameters: [{'robot_name': 'portfolio_updater_scheduler', 'robot_version': '1.0.0', 'token_id': 15, 'user_id': 1, 'started_at': datetime.datetime(2026, 3, 16, 13, 56, 19, 316295), 'endpoint': 'robot://portfolio_updater/scheduler'}]]\n(Background on this error at: https://sqlalche.me/e/20/cd3x)"}]}
2026-03-16 16:57:19.449 | INFO     | [SYSTEM:SCHEDULER] 🔄 Запуск цикла обновления
2026-03-16 16:57:19.474 | INFO     | [portfolio_updater:scheduler] 🔄 Найдено 1 токенов для обработки
2026-03-16 16:57:19.474 | INFO     | [portfolio_updater:scheduler] ▶️ Запуск робота v1.0.0
2026-03-16 16:57:19.474 | INFO     | [portfolio_updater:scheduler]    User ID: 1, Token ID: 15
2026-03-16 16:57:19.482 | ERROR    | [portfolio_updater:scheduler] ❌ Ошибка: (sqlalchemy.exc.InvalidRequestError) A value is required for bind parameter 'robot_display_name'
[SQL: 
           INSERT INTO ganaly.robot_logs
           (robot_name, robot_display_name, robot_version, token_id, user_id,
            started_at, endpoint, level, request_data)
           VALUES
               (%(robot_name)s, %(robot_display_name)s, %(robot_version)s, %(token_id)s, %(user_id)s,
                %(started_at)s, %(endpoint)s, %(level)s, %(request_data)s)
               RETURNING id            ]
[parameters: [{'robot_name': 'portfolio_updater_scheduler', 'robot_version': '1.0.0', 'token_id': 15, 'user_id': 1, 'started_at': datetime.datetime(2026, 3, 16, 13, 57, 19, 474849), 'endpoint': 'robot://portfolio_updater/scheduler'}]]
(Background on this error at: https://sqlalche.me/e/20/cd3x)
2026-03-16 16:57:19.484 | ERROR    | [portfolio_updater:scheduler] Traceback (most recent call last):
  File "C:\Users\Asus\AppData\Local\Programs\Python\Python311\Lib\site-packages\sqlalchemy\engine\base.py", line 1814, in _execute_context
    context = constructor(
              ^^^^^^^^^^^^
  File "C:\Users\Asus\AppData\Local\Programs\Python\Python311\Lib\site-packages\sqlalchemy\engine\default.py", line 1377, in _init_compiled
    self.compiled_parameters = [
                               ^
  File "C:\Users\Asus\AppData\Local\Programs\Python\Python311\Lib\site-packages\sqlalchemy\engine\default.py", line 1378, in <listcomp>
    compiled.construct_params(
  File "C:\Users\Asus\AppData\Local\Programs\Python\Python311\Lib\site-packages\sqlalchemy\sql\compiler.py", line 1906, in construct_params
    raise exc.InvalidRequestError(
sqlalchemy.exc.InvalidRequestError: A value is required for bind parameter 'robot_display_name' (Background on this error at: https://sqlalche.me/e/20/cd3x)

The above exception was the direct cause of the following exception:

Traceback (most recent call last):
  File "C:\Users\Asus\WebstormProject\gin\backend\app\modules\robots\base\base_robot.py", line 78, in run
    log_id = await self._create_db_log(user_id, token_id, started_at)
             ^^^^^^^^^^^^^^^^^^^^^^^^^^^^^^^^^^^^^^^^^^^^^^^^^^^^^^^^
  File "C:\Users\Asus\WebstormProject\gin\backend\app\modules\robots\base\base_robot.py", line 124, in _create_db_log
    result = self.db.execute(
             ^^^^^^^^^^^^^^^^
  File "C:\Users\Asus\AppData\Local\Programs\Python\Python311\Lib\site-packages\sqlalchemy\orm\session.py", line 2308, in execute
    return self._execute_internal(
           ^^^^^^^^^^^^^^^^^^^^^^^
  File "C:\Users\Asus\AppData\Local\Programs\Python\Python311\Lib\site-packages\sqlalchemy\orm\session.py", line 2199, in _execute_internal
    result = conn.execute(
             ^^^^^^^^^^^^^
  File "C:\Users\Asus\AppData\Local\Programs\Python\Python311\Lib\site-packages\sqlalchemy\engine\base.py", line 1416, in execute
    return meth(
           ^^^^^
  File "C:\Users\Asus\AppData\Local\Programs\Python\Python311\Lib\site-packages\sqlalchemy\sql\elements.py", line 516, in _execute_on_connection
    return connection._execute_clauseelement(
           ^^^^^^^^^^^^^^^^^^^^^^^^^^^^^^^^^^
  File "C:\Users\Asus\AppData\Local\Programs\Python\Python311\Lib\site-packages\sqlalchemy\engine\base.py", line 1639, in _execute_clauseelement
    ret = self._execute_context(
          ^^^^^^^^^^^^^^^^^^^^^^
  File "C:\Users\Asus\AppData\Local\Programs\Python\Python311\Lib\site-packages\sqlalchemy\engine\base.py", line 1820, in _execute_context
    self._handle_dbapi_exception(
  File "C:\Users\Asus\AppData\Local\Programs\Python\Python311\Lib\site-packages\sqlalchemy\engine\base.py", line 2343, in _handle_dbapi_exception
    raise sqlalchemy_exception.with_traceback(exc_info[2]) from e
  File "C:\Users\Asus\AppData\Local\Programs\Python\Python311\Lib\site-packages\sqlalchemy\engine\base.py", line 1814, in _execute_context
    context = constructor(
              ^^^^^^^^^^^^
  File "C:\Users\Asus\AppData\Local\Programs\Python\Python311\Lib\site-packages\sqlalchemy\engine\default.py", line 1377, in _init_compiled
    self.compiled_parameters = [
                               ^
  File "C:\Users\Asus\AppData\Local\Programs\Python\Python311\Lib\site-packages\sqlalchemy\engine\default.py", line 1378, in <listcomp>
    compiled.construct_params(
  File "C:\Users\Asus\AppData\Local\Programs\Python\Python311\Lib\site-packages\sqlalchemy\sql\compiler.py", line 1906, in construct_params
    raise exc.InvalidRequestError(
sqlalchemy.exc.StatementError: (sqlalchemy.exc.InvalidRequestError) A value is required for bind parameter 'robot_display_name'
[SQL: 
           INSERT INTO ganaly.robot_logs
           (robot_name, robot_display_name, robot_version, token_id, user_id,
            started_at, endpoint, level, request_data)
           VALUES
               (%(robot_name)s, %(robot_display_name)s, %(robot_version)s, %(token_id)s, %(user_id)s,
                %(started_at)s, %(endpoint)s, %(level)s, %(request_data)s)
               RETURNING id            ]
[parameters: [{'robot_name': 'portfolio_updater_scheduler', 'robot_version': '1.0.0', 'token_id': 15, 'user_id': 1, 'started_at': datetime.datetime(2026, 3, 16, 13, 57, 19, 474849), 'endpoint': 'robot://portfolio_updater/scheduler'}]]
(Background on this error at: https://sqlalche.me/e/20/cd3x)

2026-03-16 16:57:19.486 | ERROR    | [portfolio_updater:scheduler] ❌ Ошибка для токена 15: (sqlalchemy.exc.InvalidRequestError) A value is required for bind parameter 'robot_display_name'
[SQL: 
           INSERT INTO ganaly.robot_logs
           (robot_name, robot_display_name, robot_version, token_id, user_id,
            started_at, endpoint, level, request_data)
           VALUES
               (%(robot_name)s, %(robot_display_name)s, %(robot_version)s, %(token_id)s, %(user_id)s,
                %(started_at)s, %(endpoint)s, %(level)s, %(request_data)s)
               RETURNING id            ]
[parameters: [{'robot_name': 'portfolio_updater_scheduler', 'robot_version': '1.0.0', 'token_id': 15, 'user_id': 1, 'started_at': datetime.datetime(2026, 3, 16, 13, 57, 19, 474849), 'endpoint': 'robot://portfolio_updater/scheduler'}]]
(Background on this error at: https://sqlalche.me/e/20/cd3x)
2026-03-16 16:57:19.488 | INFO     | [portfolio_updater:scheduler] 📊 Итоги: всего=1, обработано=0, пропущено=0, ошибок=1
2026-03-16 16:57:19.488 | INFO     | [SYSTEM:SCHEDULER] ✅ Цикл завершен: {'total': 1, 'processed': 0, 'skipped': 0, 'errors': [{'token_id': 15, 'user_id': 1, 'error': "(sqlalchemy.exc.InvalidRequestError) A value is required for bind parameter 'robot_display_name'\n[SQL: \n           INSERT INTO ganaly.robot_logs\n           (robot_name, robot_display_name, robot_version, token_id, user_id,\n            started_at, endpoint, level, request_data)\n           VALUES\n               (%(robot_name)s, %(robot_display_name)s, %(robot_version)s, %(token_id)s, %(user_id)s,\n                %(started_at)s, %(endpoint)s, %(level)s, %(request_data)s)\n               RETURNING id            ]\n[parameters: [{'robot_name': 'portfolio_updater_scheduler', 'robot_version': '1.0.0', 'token_id': 15, 'user_id': 1, 'started_at': datetime.datetime(2026, 3, 16, 13, 57, 19, 474849), 'endpoint': 'robot://portfolio_updater/scheduler'}]]\n(Background on this error at: https://sqlalche.me/e/20/cd3x)"}]}
2026-03-16 16:58:19.522 | INFO     | [SYSTEM:SCHEDULER] 🔄 Запуск цикла обновления
2026-03-16 16:58:19.545 | INFO     | [portfolio_updater:scheduler] 🔄 Найдено 1 токенов для обработки
2026-03-16 16:58:19.545 | INFO     | [portfolio_updater:scheduler] ▶️ Запуск робота v1.0.0
2026-03-16 16:58:19.545 | INFO     | [portfolio_updater:scheduler]    User ID: 1, Token ID: 15
2026-03-16 16:58:19.561 | ERROR    | [portfolio_updater:scheduler] ❌ Ошибка: (sqlalchemy.exc.InvalidRequestError) A value is required for bind parameter 'robot_display_name'
[SQL: 
           INSERT INTO ganaly.robot_logs
           (robot_name, robot_display_name, robot_version, token_id, user_id,
            started_at, endpoint, level, request_data)
           VALUES
               (%(robot_name)s, %(robot_display_name)s, %(robot_version)s, %(token_id)s, %(user_id)s,
                %(started_at)s, %(endpoint)s, %(level)s, %(request_data)s)
               RETURNING id            ]
[parameters: [{'robot_name': 'portfolio_updater_scheduler', 'robot_version': '1.0.0', 'token_id': 15, 'user_id': 1, 'started_at': datetime.datetime(2026, 3, 16, 13, 58, 19, 545241), 'endpoint': 'robot://portfolio_updater/scheduler'}]]
(Background on this error at: https://sqlalche.me/e/20/cd3x)
2026-03-16 16:58:19.563 | ERROR    | [portfolio_updater:scheduler] Traceback (most recent call last):
  File "C:\Users\Asus\AppData\Local\Programs\Python\Python311\Lib\site-packages\sqlalchemy\engine\base.py", line 1814, in _execute_context
    context = constructor(
              ^^^^^^^^^^^^
  File "C:\Users\Asus\AppData\Local\Programs\Python\Python311\Lib\site-packages\sqlalchemy\engine\default.py", line 1377, in _init_compiled
    self.compiled_parameters = [
                               ^
  File "C:\Users\Asus\AppData\Local\Programs\Python\Python311\Lib\site-packages\sqlalchemy\engine\default.py", line 1378, in <listcomp>
    compiled.construct_params(
  File "C:\Users\Asus\AppData\Local\Programs\Python\Python311\Lib\site-packages\sqlalchemy\sql\compiler.py", line 1906, in construct_params
    raise exc.InvalidRequestError(
sqlalchemy.exc.InvalidRequestError: A value is required for bind parameter 'robot_display_name' (Background on this error at: https://sqlalche.me/e/20/cd3x)

The above exception was the direct cause of the following exception:

Traceback (most recent call last):
  File "C:\Users\Asus\WebstormProject\gin\backend\app\modules\robots\base\base_robot.py", line 78, in run
    log_id = await self._create_db_log(user_id, token_id, started_at)
             ^^^^^^^^^^^^^^^^^^^^^^^^^^^^^^^^^^^^^^^^^^^^^^^^^^^^^^^^
  File "C:\Users\Asus\WebstormProject\gin\backend\app\modules\robots\base\base_robot.py", line 124, in _create_db_log
    result = self.db.execute(
             ^^^^^^^^^^^^^^^^
  File "C:\Users\Asus\AppData\Local\Programs\Python\Python311\Lib\site-packages\sqlalchemy\orm\session.py", line 2308, in execute
    return self._execute_internal(
           ^^^^^^^^^^^^^^^^^^^^^^^
  File "C:\Users\Asus\AppData\Local\Programs\Python\Python311\Lib\site-packages\sqlalchemy\orm\session.py", line 2199, in _execute_internal
    result = conn.execute(
             ^^^^^^^^^^^^^
  File "C:\Users\Asus\AppData\Local\Programs\Python\Python311\Lib\site-packages\sqlalchemy\engine\base.py", line 1416, in execute
    return meth(
           ^^^^^
  File "C:\Users\Asus\AppData\Local\Programs\Python\Python311\Lib\site-packages\sqlalchemy\sql\elements.py", line 516, in _execute_on_connection
    return connection._execute_clauseelement(
           ^^^^^^^^^^^^^^^^^^^^^^^^^^^^^^^^^^
  File "C:\Users\Asus\AppData\Local\Programs\Python\Python311\Lib\site-packages\sqlalchemy\engine\base.py", line 1639, in _execute_clauseelement
    ret = self._execute_context(
          ^^^^^^^^^^^^^^^^^^^^^^
  File "C:\Users\Asus\AppData\Local\Programs\Python\Python311\Lib\site-packages\sqlalchemy\engine\base.py", line 1820, in _execute_context
    self._handle_dbapi_exception(
  File "C:\Users\Asus\AppData\Local\Programs\Python\Python311\Lib\site-packages\sqlalchemy\engine\base.py", line 2343, in _handle_dbapi_exception
    raise sqlalchemy_exception.with_traceback(exc_info[2]) from e
  File "C:\Users\Asus\AppData\Local\Programs\Python\Python311\Lib\site-packages\sqlalchemy\engine\base.py", line 1814, in _execute_context
    context = constructor(
              ^^^^^^^^^^^^
  File "C:\Users\Asus\AppData\Local\Programs\Python\Python311\Lib\site-packages\sqlalchemy\engine\default.py", line 1377, in _init_compiled
    self.compiled_parameters = [
                               ^
  File "C:\Users\Asus\AppData\Local\Programs\Python\Python311\Lib\site-packages\sqlalchemy\engine\default.py", line 1378, in <listcomp>
    compiled.construct_params(
  File "C:\Users\Asus\AppData\Local\Programs\Python\Python311\Lib\site-packages\sqlalchemy\sql\compiler.py", line 1906, in construct_params
    raise exc.InvalidRequestError(
sqlalchemy.exc.StatementError: (sqlalchemy.exc.InvalidRequestError) A value is required for bind parameter 'robot_display_name'
[SQL: 
           INSERT INTO ganaly.robot_logs
           (robot_name, robot_display_name, robot_version, token_id, user_id,
            started_at, endpoint, level, request_data)
           VALUES
               (%(robot_name)s, %(robot_display_name)s, %(robot_version)s, %(token_id)s, %(user_id)s,
                %(started_at)s, %(endpoint)s, %(level)s, %(request_data)s)
               RETURNING id            ]
[parameters: [{'robot_name': 'portfolio_updater_scheduler', 'robot_version': '1.0.0', 'token_id': 15, 'user_id': 1, 'started_at': datetime.datetime(2026, 3, 16, 13, 58, 19, 545241), 'endpoint': 'robot://portfolio_updater/scheduler'}]]
(Background on this error at: https://sqlalche.me/e/20/cd3x)

2026-03-16 16:58:19.567 | ERROR    | [portfolio_updater:scheduler] ❌ Ошибка для токена 15: (sqlalchemy.exc.InvalidRequestError) A value is required for bind parameter 'robot_display_name'
[SQL: 
           INSERT INTO ganaly.robot_logs
           (robot_name, robot_display_name, robot_version, token_id, user_id,
            started_at, endpoint, level, request_data)
           VALUES
               (%(robot_name)s, %(robot_display_name)s, %(robot_version)s, %(token_id)s, %(user_id)s,
                %(started_at)s, %(endpoint)s, %(level)s, %(request_data)s)
               RETURNING id            ]
[parameters: [{'robot_name': 'portfolio_updater_scheduler', 'robot_version': '1.0.0', 'token_id': 15, 'user_id': 1, 'started_at': datetime.datetime(2026, 3, 16, 13, 58, 19, 545241), 'endpoint': 'robot://portfolio_updater/scheduler'}]]
(Background on this error at: https://sqlalche.me/e/20/cd3x)
2026-03-16 16:58:19.567 | INFO     | [portfolio_updater:scheduler] 📊 Итоги: всего=1, обработано=0, пропущено=0, ошибок=1
2026-03-16 16:58:19.567 | INFO     | [SYSTEM:SCHEDULER] ✅ Цикл завершен: {'total': 1, 'processed': 0, 'skipped': 0, 'errors': [{'token_id': 15, 'user_id': 1, 'error': "(sqlalchemy.exc.InvalidRequestError) A value is required for bind parameter 'robot_display_name'\n[SQL: \n           INSERT INTO ganaly.robot_logs\n           (robot_name, robot_display_name, robot_version, token_id, user_id,\n            started_at, endpoint, level, request_data)\n           VALUES\n               (%(robot_name)s, %(robot_display_name)s, %(robot_version)s, %(token_id)s, %(user_id)s,\n                %(started_at)s, %(endpoint)s, %(level)s, %(request_data)s)\n               RETURNING id            ]\n[parameters: [{'robot_name': 'portfolio_updater_scheduler', 'robot_version': '1.0.0', 'token_id': 15, 'user_id': 1, 'started_at': datetime.datetime(2026, 3, 16, 13, 58, 19, 545241), 'endpoint': 'robot://portfolio_updater/scheduler'}]]\n(Background on this error at: https://sqlalche.me/e/20/cd3x)"}]}
2026-03-16 16:59:19.629 | INFO     | [SYSTEM:SCHEDULER] 🔄 Запуск цикла обновления
2026-03-16 16:59:19.656 | INFO     | [portfolio_updater:scheduler] 🔄 Найдено 1 токенов для обработки
2026-03-16 16:59:19.656 | INFO     | [portfolio_updater:scheduler] ▶️ Запуск робота v1.0.0
2026-03-16 16:59:19.656 | INFO     | [portfolio_updater:scheduler]    User ID: 1, Token ID: 15
2026-03-16 16:59:19.661 | ERROR    | [portfolio_updater:scheduler] ❌ Ошибка: (sqlalchemy.exc.InvalidRequestError) A value is required for bind parameter 'robot_display_name'
[SQL: 
           INSERT INTO ganaly.robot_logs
           (robot_name, robot_display_name, robot_version, token_id, user_id,
            started_at, endpoint, level, request_data)
           VALUES
               (%(robot_name)s, %(robot_display_name)s, %(robot_version)s, %(token_id)s, %(user_id)s,
                %(started_at)s, %(endpoint)s, %(level)s, %(request_data)s)
               RETURNING id            ]
[parameters: [{'robot_name': 'portfolio_updater_scheduler', 'robot_version': '1.0.0', 'token_id': 15, 'user_id': 1, 'started_at': datetime.datetime(2026, 3, 16, 13, 59, 19, 656639), 'endpoint': 'robot://portfolio_updater/scheduler'}]]
(Background on this error at: https://sqlalche.me/e/20/cd3x)
2026-03-16 16:59:19.663 | ERROR    | [portfolio_updater:scheduler] Traceback (most recent call last):
  File "C:\Users\Asus\AppData\Local\Programs\Python\Python311\Lib\site-packages\sqlalchemy\engine\base.py", line 1814, in _execute_context
    context = constructor(
              ^^^^^^^^^^^^
  File "C:\Users\Asus\AppData\Local\Programs\Python\Python311\Lib\site-packages\sqlalchemy\engine\default.py", line 1377, in _init_compiled
    self.compiled_parameters = [
                               ^
  File "C:\Users\Asus\AppData\Local\Programs\Python\Python311\Lib\site-packages\sqlalchemy\engine\default.py", line 1378, in <listcomp>
    compiled.construct_params(
  File "C:\Users\Asus\AppData\Local\Programs\Python\Python311\Lib\site-packages\sqlalchemy\sql\compiler.py", line 1906, in construct_params
    raise exc.InvalidRequestError(
sqlalchemy.exc.InvalidRequestError: A value is required for bind parameter 'robot_display_name' (Background on this error at: https://sqlalche.me/e/20/cd3x)

The above exception was the direct cause of the following exception:

Traceback (most recent call last):
  File "C:\Users\Asus\WebstormProject\gin\backend\app\modules\robots\base\base_robot.py", line 78, in run
    log_id = await self._create_db_log(user_id, token_id, started_at)
             ^^^^^^^^^^^^^^^^^^^^^^^^^^^^^^^^^^^^^^^^^^^^^^^^^^^^^^^^
  File "C:\Users\Asus\WebstormProject\gin\backend\app\modules\robots\base\base_robot.py", line 124, in _create_db_log
    result = self.db.execute(
             ^^^^^^^^^^^^^^^^
  File "C:\Users\Asus\AppData\Local\Programs\Python\Python311\Lib\site-packages\sqlalchemy\orm\session.py", line 2308, in execute
    return self._execute_internal(
           ^^^^^^^^^^^^^^^^^^^^^^^
  File "C:\Users\Asus\AppData\Local\Programs\Python\Python311\Lib\site-packages\sqlalchemy\orm\session.py", line 2199, in _execute_internal
    result = conn.execute(
             ^^^^^^^^^^^^^
  File "C:\Users\Asus\AppData\Local\Programs\Python\Python311\Lib\site-packages\sqlalchemy\engine\base.py", line 1416, in execute
    return meth(
           ^^^^^
  File "C:\Users\Asus\AppData\Local\Programs\Python\Python311\Lib\site-packages\sqlalchemy\sql\elements.py", line 516, in _execute_on_connection
    return connection._execute_clauseelement(
           ^^^^^^^^^^^^^^^^^^^^^^^^^^^^^^^^^^
  File "C:\Users\Asus\AppData\Local\Programs\Python\Python311\Lib\site-packages\sqlalchemy\engine\base.py", line 1639, in _execute_clauseelement
    ret = self._execute_context(
          ^^^^^^^^^^^^^^^^^^^^^^
  File "C:\Users\Asus\AppData\Local\Programs\Python\Python311\Lib\site-packages\sqlalchemy\engine\base.py", line 1820, in _execute_context
    self._handle_dbapi_exception(
  File "C:\Users\Asus\AppData\Local\Programs\Python\Python311\Lib\site-packages\sqlalchemy\engine\base.py", line 2343, in _handle_dbapi_exception
    raise sqlalchemy_exception.with_traceback(exc_info[2]) from e
  File "C:\Users\Asus\AppData\Local\Programs\Python\Python311\Lib\site-packages\sqlalchemy\engine\base.py", line 1814, in _execute_context
    context = constructor(
              ^^^^^^^^^^^^
  File "C:\Users\Asus\AppData\Local\Programs\Python\Python311\Lib\site-packages\sqlalchemy\engine\default.py", line 1377, in _init_compiled
    self.compiled_parameters = [
                               ^
  File "C:\Users\Asus\AppData\Local\Programs\Python\Python311\Lib\site-packages\sqlalchemy\engine\default.py", line 1378, in <listcomp>
    compiled.construct_params(
  File "C:\Users\Asus\AppData\Local\Programs\Python\Python311\Lib\site-packages\sqlalchemy\sql\compiler.py", line 1906, in construct_params
    raise exc.InvalidRequestError(
sqlalchemy.exc.StatementError: (sqlalchemy.exc.InvalidRequestError) A value is required for bind parameter 'robot_display_name'
[SQL: 
           INSERT INTO ganaly.robot_logs
           (robot_name, robot_display_name, robot_version, token_id, user_id,
            started_at, endpoint, level, request_data)
           VALUES
               (%(robot_name)s, %(robot_display_name)s, %(robot_version)s, %(token_id)s, %(user_id)s,
                %(started_at)s, %(endpoint)s, %(level)s, %(request_data)s)
               RETURNING id            ]
[parameters: [{'robot_name': 'portfolio_updater_scheduler', 'robot_version': '1.0.0', 'token_id': 15, 'user_id': 1, 'started_at': datetime.datetime(2026, 3, 16, 13, 59, 19, 656639), 'endpoint': 'robot://portfolio_updater/scheduler'}]]
(Background on this error at: https://sqlalche.me/e/20/cd3x)

2026-03-16 16:59:19.663 | ERROR    | [portfolio_updater:scheduler] ❌ Ошибка для токена 15: (sqlalchemy.exc.InvalidRequestError) A value is required for bind parameter 'robot_display_name'
[SQL: 
           INSERT INTO ganaly.robot_logs
           (robot_name, robot_display_name, robot_version, token_id, user_id,
            started_at, endpoint, level, request_data)
           VALUES
               (%(robot_name)s, %(robot_display_name)s, %(robot_version)s, %(token_id)s, %(user_id)s,
                %(started_at)s, %(endpoint)s, %(level)s, %(request_data)s)
               RETURNING id            ]
[parameters: [{'robot_name': 'portfolio_updater_scheduler', 'robot_version': '1.0.0', 'token_id': 15, 'user_id': 1, 'started_at': datetime.datetime(2026, 3, 16, 13, 59, 19, 656639), 'endpoint': 'robot://portfolio_updater/scheduler'}]]
(Background on this error at: https://sqlalche.me/e/20/cd3x)
2026-03-16 16:59:19.663 | INFO     | [portfolio_updater:scheduler] 📊 Итоги: всего=1, обработано=0, пропущено=0, ошибок=1
2026-03-16 16:59:19.663 | INFO     | [SYSTEM:SCHEDULER] ✅ Цикл завершен: {'total': 1, 'processed': 0, 'skipped': 0, 'errors': [{'token_id': 15, 'user_id': 1, 'error': "(sqlalchemy.exc.InvalidRequestError) A value is required for bind parameter 'robot_display_name'\n[SQL: \n           INSERT INTO ganaly.robot_logs\n           (robot_name, robot_display_name, robot_version, token_id, user_id,\n            started_at, endpoint, level, request_data)\n           VALUES\n               (%(robot_name)s, %(robot_display_name)s, %(robot_version)s, %(token_id)s, %(user_id)s,\n                %(started_at)s, %(endpoint)s, %(level)s, %(request_data)s)\n               RETURNING id            ]\n[parameters: [{'robot_name': 'portfolio_updater_scheduler', 'robot_version': '1.0.0', 'token_id': 15, 'user_id': 1, 'started_at': datetime.datetime(2026, 3, 16, 13, 59, 19, 656639), 'endpoint': 'robot://portfolio_updater/scheduler'}]]\n(Background on this error at: https://sqlalche.me/e/20/cd3x)"}]}
2026-03-16 17:00:19.681 | INFO     | [SYSTEM:SCHEDULER] 🔄 Запуск цикла обновления
2026-03-16 17:00:19.701 | INFO     | [portfolio_updater:scheduler] 🔄 Найдено 1 токенов для обработки
2026-03-16 17:00:19.701 | INFO     | [portfolio_updater:scheduler] ▶️ Запуск робота v1.0.0
2026-03-16 17:00:19.701 | INFO     | [portfolio_updater:scheduler]    User ID: 1, Token ID: 15
2026-03-16 17:00:19.723 | ERROR    | [portfolio_updater:scheduler] ❌ Ошибка: (sqlalchemy.exc.InvalidRequestError) A value is required for bind parameter 'robot_display_name'
[SQL: 
           INSERT INTO ganaly.robot_logs
           (robot_name, robot_display_name, robot_version, token_id, user_id,
            started_at, endpoint, level, request_data)
           VALUES
               (%(robot_name)s, %(robot_display_name)s, %(robot_version)s, %(token_id)s, %(user_id)s,
                %(started_at)s, %(endpoint)s, %(level)s, %(request_data)s)
               RETURNING id            ]
[parameters: [{'robot_name': 'portfolio_updater_scheduler', 'robot_version': '1.0.0', 'token_id': 15, 'user_id': 1, 'started_at': datetime.datetime(2026, 3, 16, 14, 0, 19, 701496), 'endpoint': 'robot://portfolio_updater/scheduler'}]]
(Background on this error at: https://sqlalche.me/e/20/cd3x)
2026-03-16 17:00:19.725 | ERROR    | [portfolio_updater:scheduler] Traceback (most recent call last):
  File "C:\Users\Asus\AppData\Local\Programs\Python\Python311\Lib\site-packages\sqlalchemy\engine\base.py", line 1814, in _execute_context
    context = constructor(
              ^^^^^^^^^^^^
  File "C:\Users\Asus\AppData\Local\Programs\Python\Python311\Lib\site-packages\sqlalchemy\engine\default.py", line 1377, in _init_compiled
    self.compiled_parameters = [
                               ^
  File "C:\Users\Asus\AppData\Local\Programs\Python\Python311\Lib\site-packages\sqlalchemy\engine\default.py", line 1378, in <listcomp>
    compiled.construct_params(
  File "C:\Users\Asus\AppData\Local\Programs\Python\Python311\Lib\site-packages\sqlalchemy\sql\compiler.py", line 1906, in construct_params
    raise exc.InvalidRequestError(
sqlalchemy.exc.InvalidRequestError: A value is required for bind parameter 'robot_display_name' (Background on this error at: https://sqlalche.me/e/20/cd3x)

The above exception was the direct cause of the following exception:

Traceback (most recent call last):
  File "C:\Users\Asus\WebstormProject\gin\backend\app\modules\robots\base\base_robot.py", line 78, in run
    log_id = await self._create_db_log(user_id, token_id, started_at)
             ^^^^^^^^^^^^^^^^^^^^^^^^^^^^^^^^^^^^^^^^^^^^^^^^^^^^^^^^
  File "C:\Users\Asus\WebstormProject\gin\backend\app\modules\robots\base\base_robot.py", line 124, in _create_db_log
    result = self.db.execute(
             ^^^^^^^^^^^^^^^^
  File "C:\Users\Asus\AppData\Local\Programs\Python\Python311\Lib\site-packages\sqlalchemy\orm\session.py", line 2308, in execute
    return self._execute_internal(
           ^^^^^^^^^^^^^^^^^^^^^^^
  File "C:\Users\Asus\AppData\Local\Programs\Python\Python311\Lib\site-packages\sqlalchemy\orm\session.py", line 2199, in _execute_internal
    result = conn.execute(
             ^^^^^^^^^^^^^
  File "C:\Users\Asus\AppData\Local\Programs\Python\Python311\Lib\site-packages\sqlalchemy\engine\base.py", line 1416, in execute
    return meth(
           ^^^^^
  File "C:\Users\Asus\AppData\Local\Programs\Python\Python311\Lib\site-packages\sqlalchemy\sql\elements.py", line 516, in _execute_on_connection
    return connection._execute_clauseelement(
           ^^^^^^^^^^^^^^^^^^^^^^^^^^^^^^^^^^
  File "C:\Users\Asus\AppData\Local\Programs\Python\Python311\Lib\site-packages\sqlalchemy\engine\base.py", line 1639, in _execute_clauseelement
    ret = self._execute_context(
          ^^^^^^^^^^^^^^^^^^^^^^
  File "C:\Users\Asus\AppData\Local\Programs\Python\Python311\Lib\site-packages\sqlalchemy\engine\base.py", line 1820, in _execute_context
    self._handle_dbapi_exception(
  File "C:\Users\Asus\AppData\Local\Programs\Python\Python311\Lib\site-packages\sqlalchemy\engine\base.py", line 2343, in _handle_dbapi_exception
    raise sqlalchemy_exception.with_traceback(exc_info[2]) from e
  File "C:\Users\Asus\AppData\Local\Programs\Python\Python311\Lib\site-packages\sqlalchemy\engine\base.py", line 1814, in _execute_context
    context = constructor(
              ^^^^^^^^^^^^
  File "C:\Users\Asus\AppData\Local\Programs\Python\Python311\Lib\site-packages\sqlalchemy\engine\default.py", line 1377, in _init_compiled
    self.compiled_parameters = [
                               ^
  File "C:\Users\Asus\AppData\Local\Programs\Python\Python311\Lib\site-packages\sqlalchemy\engine\default.py", line 1378, in <listcomp>
    compiled.construct_params(
  File "C:\Users\Asus\AppData\Local\Programs\Python\Python311\Lib\site-packages\sqlalchemy\sql\compiler.py", line 1906, in construct_params
    raise exc.InvalidRequestError(
sqlalchemy.exc.StatementError: (sqlalchemy.exc.InvalidRequestError) A value is required for bind parameter 'robot_display_name'
[SQL: 
           INSERT INTO ganaly.robot_logs
           (robot_name, robot_display_name, robot_version, token_id, user_id,
            started_at, endpoint, level, request_data)
           VALUES
               (%(robot_name)s, %(robot_display_name)s, %(robot_version)s, %(token_id)s, %(user_id)s,
                %(started_at)s, %(endpoint)s, %(level)s, %(request_data)s)
               RETURNING id            ]
[parameters: [{'robot_name': 'portfolio_updater_scheduler', 'robot_version': '1.0.0', 'token_id': 15, 'user_id': 1, 'started_at': datetime.datetime(2026, 3, 16, 14, 0, 19, 701496), 'endpoint': 'robot://portfolio_updater/scheduler'}]]
(Background on this error at: https://sqlalche.me/e/20/cd3x)

2026-03-16 17:00:19.725 | ERROR    | [portfolio_updater:scheduler] ❌ Ошибка для токена 15: (sqlalchemy.exc.InvalidRequestError) A value is required for bind parameter 'robot_display_name'
[SQL: 
           INSERT INTO ganaly.robot_logs
           (robot_name, robot_display_name, robot_version, token_id, user_id,
            started_at, endpoint, level, request_data)
           VALUES
               (%(robot_name)s, %(robot_display_name)s, %(robot_version)s, %(token_id)s, %(user_id)s,
                %(started_at)s, %(endpoint)s, %(level)s, %(request_data)s)
               RETURNING id            ]
[parameters: [{'robot_name': 'portfolio_updater_scheduler', 'robot_version': '1.0.0', 'token_id': 15, 'user_id': 1, 'started_at': datetime.datetime(2026, 3, 16, 14, 0, 19, 701496), 'endpoint': 'robot://portfolio_updater/scheduler'}]]
(Background on this error at: https://sqlalche.me/e/20/cd3x)
2026-03-16 17:00:19.725 | INFO     | [portfolio_updater:scheduler] 📊 Итоги: всего=1, обработано=0, пропущено=0, ошибок=1
2026-03-16 17:00:19.725 | INFO     | [SYSTEM:SCHEDULER] ✅ Цикл завершен: {'total': 1, 'processed': 0, 'skipped': 0, 'errors': [{'token_id': 15, 'user_id': 1, 'error': "(sqlalchemy.exc.InvalidRequestError) A value is required for bind parameter 'robot_display_name'\n[SQL: \n           INSERT INTO ganaly.robot_logs\n           (robot_name, robot_display_name, robot_version, token_id, user_id,\n            started_at, endpoint, level, request_data)\n           VALUES\n               (%(robot_name)s, %(robot_display_name)s, %(robot_version)s, %(token_id)s, %(user_id)s,\n                %(started_at)s, %(endpoint)s, %(level)s, %(request_data)s)\n               RETURNING id            ]\n[parameters: [{'robot_name': 'portfolio_updater_scheduler', 'robot_version': '1.0.0', 'token_id': 15, 'user_id': 1, 'started_at': datetime.datetime(2026, 3, 16, 14, 0, 19, 701496), 'endpoint': 'robot://portfolio_updater/scheduler'}]]\n(Background on this error at: https://sqlalche.me/e/20/cd3x)"}]}
2026-03-16 17:01:19.746 | INFO     | [SYSTEM:SCHEDULER] 🔄 Запуск цикла обновления
2026-03-16 17:01:19.780 | INFO     | [portfolio_updater:scheduler] 🔄 Найдено 1 токенов для обработки
2026-03-16 17:01:19.780 | INFO     | [portfolio_updater:scheduler] ▶️ Запуск робота v1.0.0
2026-03-16 17:01:19.780 | INFO     | [portfolio_updater:scheduler]    User ID: 1, Token ID: 15
2026-03-16 17:01:19.785 | ERROR    | [portfolio_updater:scheduler] ❌ Ошибка: (sqlalchemy.exc.InvalidRequestError) A value is required for bind parameter 'robot_display_name'
[SQL: 
           INSERT INTO ganaly.robot_logs
           (robot_name, robot_display_name, robot_version, token_id, user_id,
            started_at, endpoint, level, request_data)
           VALUES
               (%(robot_name)s, %(robot_display_name)s, %(robot_version)s, %(token_id)s, %(user_id)s,
                %(started_at)s, %(endpoint)s, %(level)s, %(request_data)s)
               RETURNING id            ]
[parameters: [{'robot_name': 'portfolio_updater_scheduler', 'robot_version': '1.0.0', 'token_id': 15, 'user_id': 1, 'started_at': datetime.datetime(2026, 3, 16, 14, 1, 19, 780363), 'endpoint': 'robot://portfolio_updater/scheduler'}]]
(Background on this error at: https://sqlalche.me/e/20/cd3x)
2026-03-16 17:01:19.785 | ERROR    | [portfolio_updater:scheduler] Traceback (most recent call last):
  File "C:\Users\Asus\AppData\Local\Programs\Python\Python311\Lib\site-packages\sqlalchemy\engine\base.py", line 1814, in _execute_context
    context = constructor(
              ^^^^^^^^^^^^
  File "C:\Users\Asus\AppData\Local\Programs\Python\Python311\Lib\site-packages\sqlalchemy\engine\default.py", line 1377, in _init_compiled
    self.compiled_parameters = [
                               ^
  File "C:\Users\Asus\AppData\Local\Programs\Python\Python311\Lib\site-packages\sqlalchemy\engine\default.py", line 1378, in <listcomp>
    compiled.construct_params(
  File "C:\Users\Asus\AppData\Local\Programs\Python\Python311\Lib\site-packages\sqlalchemy\sql\compiler.py", line 1906, in construct_params
    raise exc.InvalidRequestError(
sqlalchemy.exc.InvalidRequestError: A value is required for bind parameter 'robot_display_name' (Background on this error at: https://sqlalche.me/e/20/cd3x)

The above exception was the direct cause of the following exception:

Traceback (most recent call last):
  File "C:\Users\Asus\WebstormProject\gin\backend\app\modules\robots\base\base_robot.py", line 78, in run
    log_id = await self._create_db_log(user_id, token_id, started_at)
             ^^^^^^^^^^^^^^^^^^^^^^^^^^^^^^^^^^^^^^^^^^^^^^^^^^^^^^^^
  File "C:\Users\Asus\WebstormProject\gin\backend\app\modules\robots\base\base_robot.py", line 124, in _create_db_log
    result = self.db.execute(
             ^^^^^^^^^^^^^^^^
  File "C:\Users\Asus\AppData\Local\Programs\Python\Python311\Lib\site-packages\sqlalchemy\orm\session.py", line 2308, in execute
    return self._execute_internal(
           ^^^^^^^^^^^^^^^^^^^^^^^
  File "C:\Users\Asus\AppData\Local\Programs\Python\Python311\Lib\site-packages\sqlalchemy\orm\session.py", line 2199, in _execute_internal
    result = conn.execute(
             ^^^^^^^^^^^^^
  File "C:\Users\Asus\AppData\Local\Programs\Python\Python311\Lib\site-packages\sqlalchemy\engine\base.py", line 1416, in execute
    return meth(
           ^^^^^
  File "C:\Users\Asus\AppData\Local\Programs\Python\Python311\Lib\site-packages\sqlalchemy\sql\elements.py", line 516, in _execute_on_connection
    return connection._execute_clauseelement(
           ^^^^^^^^^^^^^^^^^^^^^^^^^^^^^^^^^^
  File "C:\Users\Asus\AppData\Local\Programs\Python\Python311\Lib\site-packages\sqlalchemy\engine\base.py", line 1639, in _execute_clauseelement
    ret = self._execute_context(
          ^^^^^^^^^^^^^^^^^^^^^^
  File "C:\Users\Asus\AppData\Local\Programs\Python\Python311\Lib\site-packages\sqlalchemy\engine\base.py", line 1820, in _execute_context
    self._handle_dbapi_exception(
  File "C:\Users\Asus\AppData\Local\Programs\Python\Python311\Lib\site-packages\sqlalchemy\engine\base.py", line 2343, in _handle_dbapi_exception
    raise sqlalchemy_exception.with_traceback(exc_info[2]) from e
  File "C:\Users\Asus\AppData\Local\Programs\Python\Python311\Lib\site-packages\sqlalchemy\engine\base.py", line 1814, in _execute_context
    context = constructor(
              ^^^^^^^^^^^^
  File "C:\Users\Asus\AppData\Local\Programs\Python\Python311\Lib\site-packages\sqlalchemy\engine\default.py", line 1377, in _init_compiled
    self.compiled_parameters = [
                               ^
  File "C:\Users\Asus\AppData\Local\Programs\Python\Python311\Lib\site-packages\sqlalchemy\engine\default.py", line 1378, in <listcomp>
    compiled.construct_params(
  File "C:\Users\Asus\AppData\Local\Programs\Python\Python311\Lib\site-packages\sqlalchemy\sql\compiler.py", line 1906, in construct_params
    raise exc.InvalidRequestError(
sqlalchemy.exc.StatementError: (sqlalchemy.exc.InvalidRequestError) A value is required for bind parameter 'robot_display_name'
[SQL: 
           INSERT INTO ganaly.robot_logs
           (robot_name, robot_display_name, robot_version, token_id, user_id,
            started_at, endpoint, level, request_data)
           VALUES
               (%(robot_name)s, %(robot_display_name)s, %(robot_version)s, %(token_id)s, %(user_id)s,
                %(started_at)s, %(endpoint)s, %(level)s, %(request_data)s)
               RETURNING id            ]
[parameters: [{'robot_name': 'portfolio_updater_scheduler', 'robot_version': '1.0.0', 'token_id': 15, 'user_id': 1, 'started_at': datetime.datetime(2026, 3, 16, 14, 1, 19, 780363), 'endpoint': 'robot://portfolio_updater/scheduler'}]]
(Background on this error at: https://sqlalche.me/e/20/cd3x)

2026-03-16 17:01:19.785 | ERROR    | [portfolio_updater:scheduler] ❌ Ошибка для токена 15: (sqlalchemy.exc.InvalidRequestError) A value is required for bind parameter 'robot_display_name'
[SQL: 
           INSERT INTO ganaly.robot_logs
           (robot_name, robot_display_name, robot_version, token_id, user_id,
            started_at, endpoint, level, request_data)
           VALUES
               (%(robot_name)s, %(robot_display_name)s, %(robot_version)s, %(token_id)s, %(user_id)s,
                %(started_at)s, %(endpoint)s, %(level)s, %(request_data)s)
               RETURNING id            ]
[parameters: [{'robot_name': 'portfolio_updater_scheduler', 'robot_version': '1.0.0', 'token_id': 15, 'user_id': 1, 'started_at': datetime.datetime(2026, 3, 16, 14, 1, 19, 780363), 'endpoint': 'robot://portfolio_updater/scheduler'}]]
(Background on this error at: https://sqlalche.me/e/20/cd3x)
2026-03-16 17:01:19.785 | INFO     | [portfolio_updater:scheduler] 📊 Итоги: всего=1, обработано=0, пропущено=0, ошибок=1
2026-03-16 17:01:19.785 | INFO     | [SYSTEM:SCHEDULER] ✅ Цикл завершен: {'total': 1, 'processed': 0, 'skipped': 0, 'errors': [{'token_id': 15, 'user_id': 1, 'error': "(sqlalchemy.exc.InvalidRequestError) A value is required for bind parameter 'robot_display_name'\n[SQL: \n           INSERT INTO ganaly.robot_logs\n           (robot_name, robot_display_name, robot_version, token_id, user_id,\n            started_at, endpoint, level, request_data)\n           VALUES\n               (%(robot_name)s, %(robot_display_name)s, %(robot_version)s, %(token_id)s, %(user_id)s,\n                %(started_at)s, %(endpoint)s, %(level)s, %(request_data)s)\n               RETURNING id            ]\n[parameters: [{'robot_name': 'portfolio_updater_scheduler', 'robot_version': '1.0.0', 'token_id': 15, 'user_id': 1, 'started_at': datetime.datetime(2026, 3, 16, 14, 1, 19, 780363), 'endpoint': 'robot://portfolio_updater/scheduler'}]]\n(Background on this error at: https://sqlalche.me/e/20/cd3x)"}]}
2026-03-16 17:02:19.792 | INFO     | [SYSTEM:SCHEDULER] 🔄 Запуск цикла обновления
2026-03-16 17:02:19.806 | INFO     | [portfolio_updater:scheduler] 🔄 Найдено 1 токенов для обработки
2026-03-16 17:02:19.806 | INFO     | [portfolio_updater:scheduler] ▶️ Запуск робота v1.0.0
2026-03-16 17:02:19.806 | INFO     | [portfolio_updater:scheduler]    User ID: 1, Token ID: 15
2026-03-16 17:02:19.811 | ERROR    | [portfolio_updater:scheduler] ❌ Ошибка: (sqlalchemy.exc.InvalidRequestError) A value is required for bind parameter 'robot_display_name'
[SQL: 
           INSERT INTO ganaly.robot_logs
           (robot_name, robot_display_name, robot_version, token_id, user_id,
            started_at, endpoint, level, request_data)
           VALUES
               (%(robot_name)s, %(robot_display_name)s, %(robot_version)s, %(token_id)s, %(user_id)s,
                %(started_at)s, %(endpoint)s, %(level)s, %(request_data)s)
               RETURNING id            ]
[parameters: [{'robot_name': 'portfolio_updater_scheduler', 'robot_version': '1.0.0', 'token_id': 15, 'user_id': 1, 'started_at': datetime.datetime(2026, 3, 16, 14, 2, 19, 806405), 'endpoint': 'robot://portfolio_updater/scheduler'}]]
(Background on this error at: https://sqlalche.me/e/20/cd3x)
2026-03-16 17:02:19.811 | ERROR    | [portfolio_updater:scheduler] Traceback (most recent call last):
  File "C:\Users\Asus\AppData\Local\Programs\Python\Python311\Lib\site-packages\sqlalchemy\engine\base.py", line 1814, in _execute_context
    context = constructor(
              ^^^^^^^^^^^^
  File "C:\Users\Asus\AppData\Local\Programs\Python\Python311\Lib\site-packages\sqlalchemy\engine\default.py", line 1377, in _init_compiled
    self.compiled_parameters = [
                               ^
  File "C:\Users\Asus\AppData\Local\Programs\Python\Python311\Lib\site-packages\sqlalchemy\engine\default.py", line 1378, in <listcomp>
    compiled.construct_params(
  File "C:\Users\Asus\AppData\Local\Programs\Python\Python311\Lib\site-packages\sqlalchemy\sql\compiler.py", line 1906, in construct_params
    raise exc.InvalidRequestError(
sqlalchemy.exc.InvalidRequestError: A value is required for bind parameter 'robot_display_name' (Background on this error at: https://sqlalche.me/e/20/cd3x)

The above exception was the direct cause of the following exception:

Traceback (most recent call last):
  File "C:\Users\Asus\WebstormProject\gin\backend\app\modules\robots\base\base_robot.py", line 78, in run
    log_id = await self._create_db_log(user_id, token_id, started_at)
             ^^^^^^^^^^^^^^^^^^^^^^^^^^^^^^^^^^^^^^^^^^^^^^^^^^^^^^^^
  File "C:\Users\Asus\WebstormProject\gin\backend\app\modules\robots\base\base_robot.py", line 124, in _create_db_log
    result = self.db.execute(
             ^^^^^^^^^^^^^^^^
  File "C:\Users\Asus\AppData\Local\Programs\Python\Python311\Lib\site-packages\sqlalchemy\orm\session.py", line 2308, in execute
    return self._execute_internal(
           ^^^^^^^^^^^^^^^^^^^^^^^
  File "C:\Users\Asus\AppData\Local\Programs\Python\Python311\Lib\site-packages\sqlalchemy\orm\session.py", line 2199, in _execute_internal
    result = conn.execute(
             ^^^^^^^^^^^^^
  File "C:\Users\Asus\AppData\Local\Programs\Python\Python311\Lib\site-packages\sqlalchemy\engine\base.py", line 1416, in execute
    return meth(
           ^^^^^
  File "C:\Users\Asus\AppData\Local\Programs\Python\Python311\Lib\site-packages\sqlalchemy\sql\elements.py", line 516, in _execute_on_connection
    return connection._execute_clauseelement(
           ^^^^^^^^^^^^^^^^^^^^^^^^^^^^^^^^^^
  File "C:\Users\Asus\AppData\Local\Programs\Python\Python311\Lib\site-packages\sqlalchemy\engine\base.py", line 1639, in _execute_clauseelement
    ret = self._execute_context(
          ^^^^^^^^^^^^^^^^^^^^^^
  File "C:\Users\Asus\AppData\Local\Programs\Python\Python311\Lib\site-packages\sqlalchemy\engine\base.py", line 1820, in _execute_context
    self._handle_dbapi_exception(
  File "C:\Users\Asus\AppData\Local\Programs\Python\Python311\Lib\site-packages\sqlalchemy\engine\base.py", line 2343, in _handle_dbapi_exception
    raise sqlalchemy_exception.with_traceback(exc_info[2]) from e
  File "C:\Users\Asus\AppData\Local\Programs\Python\Python311\Lib\site-packages\sqlalchemy\engine\base.py", line 1814, in _execute_context
    context = constructor(
              ^^^^^^^^^^^^
  File "C:\Users\Asus\AppData\Local\Programs\Python\Python311\Lib\site-packages\sqlalchemy\engine\default.py", line 1377, in _init_compiled
    self.compiled_parameters = [
                               ^
  File "C:\Users\Asus\AppData\Local\Programs\Python\Python311\Lib\site-packages\sqlalchemy\engine\default.py", line 1378, in <listcomp>
    compiled.construct_params(
  File "C:\Users\Asus\AppData\Local\Programs\Python\Python311\Lib\site-packages\sqlalchemy\sql\compiler.py", line 1906, in construct_params
    raise exc.InvalidRequestError(
sqlalchemy.exc.StatementError: (sqlalchemy.exc.InvalidRequestError) A value is required for bind parameter 'robot_display_name'
[SQL: 
           INSERT INTO ganaly.robot_logs
           (robot_name, robot_display_name, robot_version, token_id, user_id,
            started_at, endpoint, level, request_data)
           VALUES
               (%(robot_name)s, %(robot_display_name)s, %(robot_version)s, %(token_id)s, %(user_id)s,
                %(started_at)s, %(endpoint)s, %(level)s, %(request_data)s)
               RETURNING id            ]
[parameters: [{'robot_name': 'portfolio_updater_scheduler', 'robot_version': '1.0.0', 'token_id': 15, 'user_id': 1, 'started_at': datetime.datetime(2026, 3, 16, 14, 2, 19, 806405), 'endpoint': 'robot://portfolio_updater/scheduler'}]]
(Background on this error at: https://sqlalche.me/e/20/cd3x)

2026-03-16 17:02:19.813 | ERROR    | [portfolio_updater:scheduler] ❌ Ошибка для токена 15: (sqlalchemy.exc.InvalidRequestError) A value is required for bind parameter 'robot_display_name'
[SQL: 
           INSERT INTO ganaly.robot_logs
           (robot_name, robot_display_name, robot_version, token_id, user_id,
            started_at, endpoint, level, request_data)
           VALUES
               (%(robot_name)s, %(robot_display_name)s, %(robot_version)s, %(token_id)s, %(user_id)s,
                %(started_at)s, %(endpoint)s, %(level)s, %(request_data)s)
               RETURNING id            ]
[parameters: [{'robot_name': 'portfolio_updater_scheduler', 'robot_version': '1.0.0', 'token_id': 15, 'user_id': 1, 'started_at': datetime.datetime(2026, 3, 16, 14, 2, 19, 806405), 'endpoint': 'robot://portfolio_updater/scheduler'}]]
(Background on this error at: https://sqlalche.me/e/20/cd3x)
2026-03-16 17:02:19.813 | INFO     | [portfolio_updater:scheduler] 📊 Итоги: всего=1, обработано=0, пропущено=0, ошибок=1
2026-03-16 17:02:19.813 | INFO     | [SYSTEM:SCHEDULER] ✅ Цикл завершен: {'total': 1, 'processed': 0, 'skipped': 0, 'errors': [{'token_id': 15, 'user_id': 1, 'error': "(sqlalchemy.exc.InvalidRequestError) A value is required for bind parameter 'robot_display_name'\n[SQL: \n           INSERT INTO ganaly.robot_logs\n           (robot_name, robot_display_name, robot_version, token_id, user_id,\n            started_at, endpoint, level, request_data)\n           VALUES\n               (%(robot_name)s, %(robot_display_name)s, %(robot_version)s, %(token_id)s, %(user_id)s,\n                %(started_at)s, %(endpoint)s, %(level)s, %(request_data)s)\n               RETURNING id            ]\n[parameters: [{'robot_name': 'portfolio_updater_scheduler', 'robot_version': '1.0.0', 'token_id': 15, 'user_id': 1, 'started_at': datetime.datetime(2026, 3, 16, 14, 2, 19, 806405), 'endpoint': 'robot://portfolio_updater/scheduler'}]]\n(Background on this error at: https://sqlalche.me/e/20/cd3x)"}]}
2026-03-16 17:03:19.813 | INFO     | [SYSTEM:SCHEDULER] 🔄 Запуск цикла обновления
2026-03-16 17:03:19.834 | INFO     | [portfolio_updater:scheduler] 🔄 Найдено 1 токенов для обработки
2026-03-16 17:03:19.834 | INFO     | [portfolio_updater:scheduler] ▶️ Запуск робота v1.0.0
2026-03-16 17:03:19.834 | INFO     | [portfolio_updater:scheduler]    User ID: 1, Token ID: 15
2026-03-16 17:03:19.836 | ERROR    | [portfolio_updater:scheduler] ❌ Ошибка: (sqlalchemy.exc.InvalidRequestError) A value is required for bind parameter 'robot_display_name'
[SQL: 
           INSERT INTO ganaly.robot_logs
           (robot_name, robot_display_name, robot_version, token_id, user_id,
            started_at, endpoint, level, request_data)
           VALUES
               (%(robot_name)s, %(robot_display_name)s, %(robot_version)s, %(token_id)s, %(user_id)s,
                %(started_at)s, %(endpoint)s, %(level)s, %(request_data)s)
               RETURNING id            ]
[parameters: [{'robot_name': 'portfolio_updater_scheduler', 'robot_version': '1.0.0', 'token_id': 15, 'user_id': 1, 'started_at': datetime.datetime(2026, 3, 16, 14, 3, 19, 834354), 'endpoint': 'robot://portfolio_updater/scheduler'}]]
(Background on this error at: https://sqlalche.me/e/20/cd3x)
2026-03-16 17:03:19.836 | ERROR    | [portfolio_updater:scheduler] Traceback (most recent call last):
  File "C:\Users\Asus\AppData\Local\Programs\Python\Python311\Lib\site-packages\sqlalchemy\engine\base.py", line 1814, in _execute_context
    context = constructor(
              ^^^^^^^^^^^^
  File "C:\Users\Asus\AppData\Local\Programs\Python\Python311\Lib\site-packages\sqlalchemy\engine\default.py", line 1377, in _init_compiled
    self.compiled_parameters = [
                               ^
  File "C:\Users\Asus\AppData\Local\Programs\Python\Python311\Lib\site-packages\sqlalchemy\engine\default.py", line 1378, in <listcomp>
    compiled.construct_params(
  File "C:\Users\Asus\AppData\Local\Programs\Python\Python311\Lib\site-packages\sqlalchemy\sql\compiler.py", line 1906, in construct_params
    raise exc.InvalidRequestError(
sqlalchemy.exc.InvalidRequestError: A value is required for bind parameter 'robot_display_name' (Background on this error at: https://sqlalche.me/e/20/cd3x)

The above exception was the direct cause of the following exception:

Traceback (most recent call last):
  File "C:\Users\Asus\WebstormProject\gin\backend\app\modules\robots\base\base_robot.py", line 78, in run
    log_id = await self._create_db_log(user_id, token_id, started_at)
             ^^^^^^^^^^^^^^^^^^^^^^^^^^^^^^^^^^^^^^^^^^^^^^^^^^^^^^^^
  File "C:\Users\Asus\WebstormProject\gin\backend\app\modules\robots\base\base_robot.py", line 124, in _create_db_log
    result = self.db.execute(
             ^^^^^^^^^^^^^^^^
  File "C:\Users\Asus\AppData\Local\Programs\Python\Python311\Lib\site-packages\sqlalchemy\orm\session.py", line 2308, in execute
    return self._execute_internal(
           ^^^^^^^^^^^^^^^^^^^^^^^
  File "C:\Users\Asus\AppData\Local\Programs\Python\Python311\Lib\site-packages\sqlalchemy\orm\session.py", line 2199, in _execute_internal
    result = conn.execute(
             ^^^^^^^^^^^^^
  File "C:\Users\Asus\AppData\Local\Programs\Python\Python311\Lib\site-packages\sqlalchemy\engine\base.py", line 1416, in execute
    return meth(
           ^^^^^
  File "C:\Users\Asus\AppData\Local\Programs\Python\Python311\Lib\site-packages\sqlalchemy\sql\elements.py", line 516, in _execute_on_connection
    return connection._execute_clauseelement(
           ^^^^^^^^^^^^^^^^^^^^^^^^^^^^^^^^^^
  File "C:\Users\Asus\AppData\Local\Programs\Python\Python311\Lib\site-packages\sqlalchemy\engine\base.py", line 1639, in _execute_clauseelement
    ret = self._execute_context(
          ^^^^^^^^^^^^^^^^^^^^^^
  File "C:\Users\Asus\AppData\Local\Programs\Python\Python311\Lib\site-packages\sqlalchemy\engine\base.py", line 1820, in _execute_context
    self._handle_dbapi_exception(
  File "C:\Users\Asus\AppData\Local\Programs\Python\Python311\Lib\site-packages\sqlalchemy\engine\base.py", line 2343, in _handle_dbapi_exception
    raise sqlalchemy_exception.with_traceback(exc_info[2]) from e
  File "C:\Users\Asus\AppData\Local\Programs\Python\Python311\Lib\site-packages\sqlalchemy\engine\base.py", line 1814, in _execute_context
    context = constructor(
              ^^^^^^^^^^^^
  File "C:\Users\Asus\AppData\Local\Programs\Python\Python311\Lib\site-packages\sqlalchemy\engine\default.py", line 1377, in _init_compiled
    self.compiled_parameters = [
                               ^
  File "C:\Users\Asus\AppData\Local\Programs\Python\Python311\Lib\site-packages\sqlalchemy\engine\default.py", line 1378, in <listcomp>
    compiled.construct_params(
  File "C:\Users\Asus\AppData\Local\Programs\Python\Python311\Lib\site-packages\sqlalchemy\sql\compiler.py", line 1906, in construct_params
    raise exc.InvalidRequestError(
sqlalchemy.exc.StatementError: (sqlalchemy.exc.InvalidRequestError) A value is required for bind parameter 'robot_display_name'
[SQL: 
           INSERT INTO ganaly.robot_logs
           (robot_name, robot_display_name, robot_version, token_id, user_id,
            started_at, endpoint, level, request_data)
           VALUES
               (%(robot_name)s, %(robot_display_name)s, %(robot_version)s, %(token_id)s, %(user_id)s,
                %(started_at)s, %(endpoint)s, %(level)s, %(request_data)s)
               RETURNING id            ]
[parameters: [{'robot_name': 'portfolio_updater_scheduler', 'robot_version': '1.0.0', 'token_id': 15, 'user_id': 1, 'started_at': datetime.datetime(2026, 3, 16, 14, 3, 19, 834354), 'endpoint': 'robot://portfolio_updater/scheduler'}]]
(Background on this error at: https://sqlalche.me/e/20/cd3x)

2026-03-16 17:03:19.841 | ERROR    | [portfolio_updater:scheduler] ❌ Ошибка для токена 15: (sqlalchemy.exc.InvalidRequestError) A value is required for bind parameter 'robot_display_name'
[SQL: 
           INSERT INTO ganaly.robot_logs
           (robot_name, robot_display_name, robot_version, token_id, user_id,
            started_at, endpoint, level, request_data)
           VALUES
               (%(robot_name)s, %(robot_display_name)s, %(robot_version)s, %(token_id)s, %(user_id)s,
                %(started_at)s, %(endpoint)s, %(level)s, %(request_data)s)
               RETURNING id            ]
[parameters: [{'robot_name': 'portfolio_updater_scheduler', 'robot_version': '1.0.0', 'token_id': 15, 'user_id': 1, 'started_at': datetime.datetime(2026, 3, 16, 14, 3, 19, 834354), 'endpoint': 'robot://portfolio_updater/scheduler'}]]
(Background on this error at: https://sqlalche.me/e/20/cd3x)
2026-03-16 17:03:19.841 | INFO     | [portfolio_updater:scheduler] 📊 Итоги: всего=1, обработано=0, пропущено=0, ошибок=1
2026-03-16 17:03:19.841 | INFO     | [SYSTEM:SCHEDULER] ✅ Цикл завершен: {'total': 1, 'processed': 0, 'skipped': 0, 'errors': [{'token_id': 15, 'user_id': 1, 'error': "(sqlalchemy.exc.InvalidRequestError) A value is required for bind parameter 'robot_display_name'\n[SQL: \n           INSERT INTO ganaly.robot_logs\n           (robot_name, robot_display_name, robot_version, token_id, user_id,\n            started_at, endpoint, level, request_data)\n           VALUES\n               (%(robot_name)s, %(robot_display_name)s, %(robot_version)s, %(token_id)s, %(user_id)s,\n                %(started_at)s, %(endpoint)s, %(level)s, %(request_data)s)\n               RETURNING id            ]\n[parameters: [{'robot_name': 'portfolio_updater_scheduler', 'robot_version': '1.0.0', 'token_id': 15, 'user_id': 1, 'started_at': datetime.datetime(2026, 3, 16, 14, 3, 19, 834354), 'endpoint': 'robot://portfolio_updater/scheduler'}]]\n(Background on this error at: https://sqlalche.me/e/20/cd3x)"}]}
2026-03-16 17:04:07.012 | INFO     | [SYSTEM:MAIN] 🛑 Приложение остановлено
2026-03-16 17:04:07.012 | INFO     | [SYSTEM:SCHEDULER] 🛑 Планировщик остановлен
2026-03-16 17:04:09.607 | INFO     | [SYSTEM:BOOT] ====================================================================================================
2026-03-16 17:04:09.607 | INFO     | [SYSTEM:BOOT] НОВЫЙ ПЕРИОД ЛОГИРОВАНИЯ: 2026-03-16 17:04:09
2026-03-16 17:04:09.607 | INFO     | [SYSTEM:BOOT] ====================================================================================================
2026-03-16 17:04:10.189 | INFO     | [SYSTEM:MAIN] 🚀 Приложение запущено
2026-03-16 17:04:10.189 | INFO     | [SYSTEM:SCHEDULER] 🚀 Запуск главного планировщика
2026-03-16 17:04:10.189 | INFO     | [SYSTEM:SCHEDULER] 🔄 Запуск цикла обновления
2026-03-16 17:04:10.283 | INFO     | [portfolio_updater:scheduler] 🔄 Найдено 1 токенов для обработки
2026-03-16 17:04:10.283 | INFO     | [portfolio_updater:scheduler] ▶️ Запуск робота v1.0.0
2026-03-16 17:04:10.283 | INFO     | [portfolio_updater:scheduler]    User ID: 1, Token ID: 15
2026-03-16 17:04:10.323 | ERROR    | [portfolio_updater:scheduler] ❌ Ошибка: (sqlalchemy.exc.InvalidRequestError) A value is required for bind parameter 'robot_display_name'
[SQL: 
           INSERT INTO ganaly.robot_logs
           (robot_name, robot_display_name, robot_version, token_id, user_id,
            started_at, endpoint, level, request_data)
           VALUES
               (%(robot_name)s, %(robot_display_name)s, %(robot_version)s, %(token_id)s, %(user_id)s,
                %(started_at)s, %(endpoint)s, %(level)s, %(request_data)s)
               RETURNING id            ]
[parameters: [{'robot_name': 'portfolio_updater_scheduler', 'robot_version': '1.0.0', 'token_id': 15, 'user_id': 1, 'started_at': datetime.datetime(2026, 3, 16, 14, 4, 10, 283227), 'endpoint': 'robot://portfolio_updater/scheduler'}]]
(Background on this error at: https://sqlalche.me/e/20/cd3x)
2026-03-16 17:04:10.323 | ERROR    | [portfolio_updater:scheduler] Traceback (most recent call last):
  File "C:\Users\Asus\AppData\Local\Programs\Python\Python311\Lib\site-packages\sqlalchemy\engine\base.py", line 1814, in _execute_context
    context = constructor(
              ^^^^^^^^^^^^
  File "C:\Users\Asus\AppData\Local\Programs\Python\Python311\Lib\site-packages\sqlalchemy\engine\default.py", line 1377, in _init_compiled
    self.compiled_parameters = [
                               ^
  File "C:\Users\Asus\AppData\Local\Programs\Python\Python311\Lib\site-packages\sqlalchemy\engine\default.py", line 1378, in <listcomp>
    compiled.construct_params(
  File "C:\Users\Asus\AppData\Local\Programs\Python\Python311\Lib\site-packages\sqlalchemy\sql\compiler.py", line 1906, in construct_params
    raise exc.InvalidRequestError(
sqlalchemy.exc.InvalidRequestError: A value is required for bind parameter 'robot_display_name' (Background on this error at: https://sqlalche.me/e/20/cd3x)

The above exception was the direct cause of the following exception:

Traceback (most recent call last):
  File "C:\Users\Asus\WebstormProject\gin\backend\app\modules\robots\base\base_robot.py", line 78, in run
    log_id = await self._create_db_log(user_id, token_id, started_at)
             ^^^^^^^^^^^^^^^^^^^^^^^^^^^^^^^^^^^^^^^^^^^^^^^^^^^^^^^^
  File "C:\Users\Asus\WebstormProject\gin\backend\app\modules\robots\base\base_robot.py", line 124, in _create_db_log
    result = self.db.execute(
             ^^^^^^^^^^^^^^^^
  File "C:\Users\Asus\AppData\Local\Programs\Python\Python311\Lib\site-packages\sqlalchemy\orm\session.py", line 2308, in execute
    return self._execute_internal(
           ^^^^^^^^^^^^^^^^^^^^^^^
  File "C:\Users\Asus\AppData\Local\Programs\Python\Python311\Lib\site-packages\sqlalchemy\orm\session.py", line 2199, in _execute_internal
    result = conn.execute(
             ^^^^^^^^^^^^^
  File "C:\Users\Asus\AppData\Local\Programs\Python\Python311\Lib\site-packages\sqlalchemy\engine\base.py", line 1416, in execute
    return meth(
           ^^^^^
  File "C:\Users\Asus\AppData\Local\Programs\Python\Python311\Lib\site-packages\sqlalchemy\sql\elements.py", line 516, in _execute_on_connection
    return connection._execute_clauseelement(
           ^^^^^^^^^^^^^^^^^^^^^^^^^^^^^^^^^^
  File "C:\Users\Asus\AppData\Local\Programs\Python\Python311\Lib\site-packages\sqlalchemy\engine\base.py", line 1639, in _execute_clauseelement
    ret = self._execute_context(
          ^^^^^^^^^^^^^^^^^^^^^^
  File "C:\Users\Asus\AppData\Local\Programs\Python\Python311\Lib\site-packages\sqlalchemy\engine\base.py", line 1820, in _execute_context
    self._handle_dbapi_exception(
  File "C:\Users\Asus\AppData\Local\Programs\Python\Python311\Lib\site-packages\sqlalchemy\engine\base.py", line 2343, in _handle_dbapi_exception
    raise sqlalchemy_exception.with_traceback(exc_info[2]) from e
  File "C:\Users\Asus\AppData\Local\Programs\Python\Python311\Lib\site-packages\sqlalchemy\engine\base.py", line 1814, in _execute_context
    context = constructor(
              ^^^^^^^^^^^^
  File "C:\Users\Asus\AppData\Local\Programs\Python\Python311\Lib\site-packages\sqlalchemy\engine\default.py", line 1377, in _init_compiled
    self.compiled_parameters = [
                               ^
  File "C:\Users\Asus\AppData\Local\Programs\Python\Python311\Lib\site-packages\sqlalchemy\engine\default.py", line 1378, in <listcomp>
    compiled.construct_params(
  File "C:\Users\Asus\AppData\Local\Programs\Python\Python311\Lib\site-packages\sqlalchemy\sql\compiler.py", line 1906, in construct_params
    raise exc.InvalidRequestError(
sqlalchemy.exc.StatementError: (sqlalchemy.exc.InvalidRequestError) A value is required for bind parameter 'robot_display_name'
[SQL: 
           INSERT INTO ganaly.robot_logs
           (robot_name, robot_display_name, robot_version, token_id, user_id,
            started_at, endpoint, level, request_data)
           VALUES
               (%(robot_name)s, %(robot_display_name)s, %(robot_version)s, %(token_id)s, %(user_id)s,
                %(started_at)s, %(endpoint)s, %(level)s, %(request_data)s)
               RETURNING id            ]
[parameters: [{'robot_name': 'portfolio_updater_scheduler', 'robot_version': '1.0.0', 'token_id': 15, 'user_id': 1, 'started_at': datetime.datetime(2026, 3, 16, 14, 4, 10, 283227), 'endpoint': 'robot://portfolio_updater/scheduler'}]]
(Background on this error at: https://sqlalche.me/e/20/cd3x)

2026-03-16 17:04:10.323 | ERROR    | [portfolio_updater:scheduler] ❌ Ошибка для токена 15: (sqlalchemy.exc.InvalidRequestError) A value is required for bind parameter 'robot_display_name'
[SQL: 
           INSERT INTO ganaly.robot_logs
           (robot_name, robot_display_name, robot_version, token_id, user_id,
            started_at, endpoint, level, request_data)
           VALUES
               (%(robot_name)s, %(robot_display_name)s, %(robot_version)s, %(token_id)s, %(user_id)s,
                %(started_at)s, %(endpoint)s, %(level)s, %(request_data)s)
               RETURNING id            ]
[parameters: [{'robot_name': 'portfolio_updater_scheduler', 'robot_version': '1.0.0', 'token_id': 15, 'user_id': 1, 'started_at': datetime.datetime(2026, 3, 16, 14, 4, 10, 283227), 'endpoint': 'robot://portfolio_updater/scheduler'}]]
(Background on this error at: https://sqlalche.me/e/20/cd3x)
2026-03-16 17:04:10.323 | INFO     | [portfolio_updater:scheduler] 📊 Итоги: всего=1, обработано=0, пропущено=0, ошибок=1
2026-03-16 17:04:10.323 | INFO     | [SYSTEM:SCHEDULER] ✅ Цикл завершен: {'total': 1, 'processed': 0, 'skipped': 0, 'errors': [{'token_id': 15, 'user_id': 1, 'error': "(sqlalchemy.exc.InvalidRequestError) A value is required for bind parameter 'robot_display_name'\n[SQL: \n           INSERT INTO ganaly.robot_logs\n           (robot_name, robot_display_name, robot_version, token_id, user_id,\n            started_at, endpoint, level, request_data)\n           VALUES\n               (%(robot_name)s, %(robot_display_name)s, %(robot_version)s, %(token_id)s, %(user_id)s,\n                %(started_at)s, %(endpoint)s, %(level)s, %(request_data)s)\n               RETURNING id            ]\n[parameters: [{'robot_name': 'portfolio_updater_scheduler', 'robot_version': '1.0.0', 'token_id': 15, 'user_id': 1, 'started_at': datetime.datetime(2026, 3, 16, 14, 4, 10, 283227), 'endpoint': 'robot://portfolio_updater/scheduler'}]]\n(Background on this error at: https://sqlalche.me/e/20/cd3x)"}]}
2026-03-16 17:05:10.337 | INFO     | [SYSTEM:SCHEDULER] 🔄 Запуск цикла обновления
2026-03-16 17:05:10.353 | INFO     | [portfolio_updater:scheduler] 🔄 Найдено 0 токенов для обработки
2026-03-16 17:05:10.353 | INFO     | [portfolio_updater:scheduler] 📊 Итоги: всего=0, обработано=0, пропущено=0, ошибок=0
2026-03-16 17:05:10.353 | INFO     | [SYSTEM:SCHEDULER] ✅ Цикл завершен: {'total': 0, 'processed': 0, 'skipped': 0, 'errors': []}
2026-03-16 17:06:10.362 | INFO     | [SYSTEM:SCHEDULER] 🔄 Запуск цикла обновления
2026-03-16 17:06:10.381 | INFO     | [portfolio_updater:scheduler] 🔄 Найдено 1 токенов для обработки
2026-03-16 17:06:10.381 | INFO     | [portfolio_updater:scheduler] ▶️ Запуск робота v1.0.0
2026-03-16 17:06:10.381 | INFO     | [portfolio_updater:scheduler]    User ID: 1, Token ID: 15
2026-03-16 17:06:10.389 | ERROR    | [portfolio_updater:scheduler] ❌ Ошибка: (sqlalchemy.exc.InvalidRequestError) A value is required for bind parameter 'robot_display_name'
[SQL: 
           INSERT INTO ganaly.robot_logs
           (robot_name, robot_display_name, robot_version, token_id, user_id,
            started_at, endpoint, level, request_data)
           VALUES
               (%(robot_name)s, %(robot_display_name)s, %(robot_version)s, %(token_id)s, %(user_id)s,
                %(started_at)s, %(endpoint)s, %(level)s, %(request_data)s)
               RETURNING id            ]
[parameters: [{'robot_name': 'portfolio_updater_scheduler', 'robot_version': '1.0.0', 'token_id': 15, 'user_id': 1, 'started_at': datetime.datetime(2026, 3, 16, 14, 6, 10, 381618), 'endpoint': 'robot://portfolio_updater/scheduler'}]]
(Background on this error at: https://sqlalche.me/e/20/cd3x)
2026-03-16 17:06:10.391 | ERROR    | [portfolio_updater:scheduler] Traceback (most recent call last):
  File "C:\Users\Asus\AppData\Local\Programs\Python\Python311\Lib\site-packages\sqlalchemy\engine\base.py", line 1814, in _execute_context
    context = constructor(
              ^^^^^^^^^^^^
  File "C:\Users\Asus\AppData\Local\Programs\Python\Python311\Lib\site-packages\sqlalchemy\engine\default.py", line 1377, in _init_compiled
    self.compiled_parameters = [
                               ^
  File "C:\Users\Asus\AppData\Local\Programs\Python\Python311\Lib\site-packages\sqlalchemy\engine\default.py", line 1378, in <listcomp>
    compiled.construct_params(
  File "C:\Users\Asus\AppData\Local\Programs\Python\Python311\Lib\site-packages\sqlalchemy\sql\compiler.py", line 1906, in construct_params
    raise exc.InvalidRequestError(
sqlalchemy.exc.InvalidRequestError: A value is required for bind parameter 'robot_display_name' (Background on this error at: https://sqlalche.me/e/20/cd3x)

The above exception was the direct cause of the following exception:

Traceback (most recent call last):
  File "C:\Users\Asus\WebstormProject\gin\backend\app\modules\robots\base\base_robot.py", line 78, in run
    log_id = await self._create_db_log(user_id, token_id, started_at)
             ^^^^^^^^^^^^^^^^^^^^^^^^^^^^^^^^^^^^^^^^^^^^^^^^^^^^^^^^
  File "C:\Users\Asus\WebstormProject\gin\backend\app\modules\robots\base\base_robot.py", line 124, in _create_db_log
    result = self.db.execute(
             ^^^^^^^^^^^^^^^^
  File "C:\Users\Asus\AppData\Local\Programs\Python\Python311\Lib\site-packages\sqlalchemy\orm\session.py", line 2308, in execute
    return self._execute_internal(
           ^^^^^^^^^^^^^^^^^^^^^^^
  File "C:\Users\Asus\AppData\Local\Programs\Python\Python311\Lib\site-packages\sqlalchemy\orm\session.py", line 2199, in _execute_internal
    result = conn.execute(
             ^^^^^^^^^^^^^
  File "C:\Users\Asus\AppData\Local\Programs\Python\Python311\Lib\site-packages\sqlalchemy\engine\base.py", line 1416, in execute
    return meth(
           ^^^^^
  File "C:\Users\Asus\AppData\Local\Programs\Python\Python311\Lib\site-packages\sqlalchemy\sql\elements.py", line 516, in _execute_on_connection
    return connection._execute_clauseelement(
           ^^^^^^^^^^^^^^^^^^^^^^^^^^^^^^^^^^
  File "C:\Users\Asus\AppData\Local\Programs\Python\Python311\Lib\site-packages\sqlalchemy\engine\base.py", line 1639, in _execute_clauseelement
    ret = self._execute_context(
          ^^^^^^^^^^^^^^^^^^^^^^
  File "C:\Users\Asus\AppData\Local\Programs\Python\Python311\Lib\site-packages\sqlalchemy\engine\base.py", line 1820, in _execute_context
    self._handle_dbapi_exception(
  File "C:\Users\Asus\AppData\Local\Programs\Python\Python311\Lib\site-packages\sqlalchemy\engine\base.py", line 2343, in _handle_dbapi_exception
    raise sqlalchemy_exception.with_traceback(exc_info[2]) from e
  File "C:\Users\Asus\AppData\Local\Programs\Python\Python311\Lib\site-packages\sqlalchemy\engine\base.py", line 1814, in _execute_context
    context = constructor(
              ^^^^^^^^^^^^
  File "C:\Users\Asus\AppData\Local\Programs\Python\Python311\Lib\site-packages\sqlalchemy\engine\default.py", line 1377, in _init_compiled
    self.compiled_parameters = [
                               ^
  File "C:\Users\Asus\AppData\Local\Programs\Python\Python311\Lib\site-packages\sqlalchemy\engine\default.py", line 1378, in <listcomp>
    compiled.construct_params(
  File "C:\Users\Asus\AppData\Local\Programs\Python\Python311\Lib\site-packages\sqlalchemy\sql\compiler.py", line 1906, in construct_params
    raise exc.InvalidRequestError(
sqlalchemy.exc.StatementError: (sqlalchemy.exc.InvalidRequestError) A value is required for bind parameter 'robot_display_name'
[SQL: 
           INSERT INTO ganaly.robot_logs
           (robot_name, robot_display_name, robot_version, token_id, user_id,
            started_at, endpoint, level, request_data)
           VALUES
               (%(robot_name)s, %(robot_display_name)s, %(robot_version)s, %(token_id)s, %(user_id)s,
                %(started_at)s, %(endpoint)s, %(level)s, %(request_data)s)
               RETURNING id            ]
[parameters: [{'robot_name': 'portfolio_updater_scheduler', 'robot_version': '1.0.0', 'token_id': 15, 'user_id': 1, 'started_at': datetime.datetime(2026, 3, 16, 14, 6, 10, 381618), 'endpoint': 'robot://portfolio_updater/scheduler'}]]
(Background on this error at: https://sqlalche.me/e/20/cd3x)

2026-03-16 17:06:10.435 | ERROR    | [portfolio_updater:scheduler] ❌ Ошибка для токена 15: (sqlalchemy.exc.InvalidRequestError) A value is required for bind parameter 'robot_display_name'
[SQL: 
           INSERT INTO ganaly.robot_logs
           (robot_name, robot_display_name, robot_version, token_id, user_id,
            started_at, endpoint, level, request_data)
           VALUES
               (%(robot_name)s, %(robot_display_name)s, %(robot_version)s, %(token_id)s, %(user_id)s,
                %(started_at)s, %(endpoint)s, %(level)s, %(request_data)s)
               RETURNING id            ]
[parameters: [{'robot_name': 'portfolio_updater_scheduler', 'robot_version': '1.0.0', 'token_id': 15, 'user_id': 1, 'started_at': datetime.datetime(2026, 3, 16, 14, 6, 10, 381618), 'endpoint': 'robot://portfolio_updater/scheduler'}]]
(Background on this error at: https://sqlalche.me/e/20/cd3x)
2026-03-16 17:06:10.435 | INFO     | [portfolio_updater:scheduler] 📊 Итоги: всего=1, обработано=0, пропущено=0, ошибок=1
2026-03-16 17:06:10.435 | INFO     | [SYSTEM:SCHEDULER] ✅ Цикл завершен: {'total': 1, 'processed': 0, 'skipped': 0, 'errors': [{'token_id': 15, 'user_id': 1, 'error': "(sqlalchemy.exc.InvalidRequestError) A value is required for bind parameter 'robot_display_name'\n[SQL: \n           INSERT INTO ganaly.robot_logs\n           (robot_name, robot_display_name, robot_version, token_id, user_id,\n            started_at, endpoint, level, request_data)\n           VALUES\n               (%(robot_name)s, %(robot_display_name)s, %(robot_version)s, %(token_id)s, %(user_id)s,\n                %(started_at)s, %(endpoint)s, %(level)s, %(request_data)s)\n               RETURNING id            ]\n[parameters: [{'robot_name': 'portfolio_updater_scheduler', 'robot_version': '1.0.0', 'token_id': 15, 'user_id': 1, 'started_at': datetime.datetime(2026, 3, 16, 14, 6, 10, 381618), 'endpoint': 'robot://portfolio_updater/scheduler'}]]\n(Background on this error at: https://sqlalche.me/e/20/cd3x)"}]}
2026-03-16 17:07:10.463 | INFO     | [SYSTEM:SCHEDULER] 🔄 Запуск цикла обновления
2026-03-16 17:07:10.486 | INFO     | [portfolio_updater:scheduler] 🔄 Найдено 1 токенов для обработки
2026-03-16 17:07:10.486 | INFO     | [portfolio_updater:scheduler] ▶️ Запуск робота v1.0.0
2026-03-16 17:07:10.486 | INFO     | [portfolio_updater:scheduler]    User ID: 1, Token ID: 15
2026-03-16 17:07:10.490 | ERROR    | [portfolio_updater:scheduler] ❌ Ошибка: (sqlalchemy.exc.InvalidRequestError) A value is required for bind parameter 'robot_display_name'
[SQL: 
           INSERT INTO ganaly.robot_logs
           (robot_name, robot_display_name, robot_version, token_id, user_id,
            started_at, endpoint, level, request_data)
           VALUES
               (%(robot_name)s, %(robot_display_name)s, %(robot_version)s, %(token_id)s, %(user_id)s,
                %(started_at)s, %(endpoint)s, %(level)s, %(request_data)s)
               RETURNING id            ]
[parameters: [{'robot_name': 'portfolio_updater_scheduler', 'robot_version': '1.0.0', 'token_id': 15, 'user_id': 1, 'started_at': datetime.datetime(2026, 3, 16, 14, 7, 10, 486161), 'endpoint': 'robot://portfolio_updater/scheduler'}]]
(Background on this error at: https://sqlalche.me/e/20/cd3x)
2026-03-16 17:07:10.492 | ERROR    | [portfolio_updater:scheduler] Traceback (most recent call last):
  File "C:\Users\Asus\AppData\Local\Programs\Python\Python311\Lib\site-packages\sqlalchemy\engine\base.py", line 1814, in _execute_context
    context = constructor(
              ^^^^^^^^^^^^
  File "C:\Users\Asus\AppData\Local\Programs\Python\Python311\Lib\site-packages\sqlalchemy\engine\default.py", line 1377, in _init_compiled
    self.compiled_parameters = [
                               ^
  File "C:\Users\Asus\AppData\Local\Programs\Python\Python311\Lib\site-packages\sqlalchemy\engine\default.py", line 1378, in <listcomp>
    compiled.construct_params(
  File "C:\Users\Asus\AppData\Local\Programs\Python\Python311\Lib\site-packages\sqlalchemy\sql\compiler.py", line 1906, in construct_params
    raise exc.InvalidRequestError(
sqlalchemy.exc.InvalidRequestError: A value is required for bind parameter 'robot_display_name' (Background on this error at: https://sqlalche.me/e/20/cd3x)

The above exception was the direct cause of the following exception:

Traceback (most recent call last):
  File "C:\Users\Asus\WebstormProject\gin\backend\app\modules\robots\base\base_robot.py", line 78, in run
    log_id = await self._create_db_log(user_id, token_id, started_at)
             ^^^^^^^^^^^^^^^^^^^^^^^^^^^^^^^^^^^^^^^^^^^^^^^^^^^^^^^^
  File "C:\Users\Asus\WebstormProject\gin\backend\app\modules\robots\base\base_robot.py", line 124, in _create_db_log
    result = self.db.execute(
             ^^^^^^^^^^^^^^^^
  File "C:\Users\Asus\AppData\Local\Programs\Python\Python311\Lib\site-packages\sqlalchemy\orm\session.py", line 2308, in execute
    return self._execute_internal(
           ^^^^^^^^^^^^^^^^^^^^^^^
  File "C:\Users\Asus\AppData\Local\Programs\Python\Python311\Lib\site-packages\sqlalchemy\orm\session.py", line 2199, in _execute_internal
    result = conn.execute(
             ^^^^^^^^^^^^^
  File "C:\Users\Asus\AppData\Local\Programs\Python\Python311\Lib\site-packages\sqlalchemy\engine\base.py", line 1416, in execute
    return meth(
           ^^^^^
  File "C:\Users\Asus\AppData\Local\Programs\Python\Python311\Lib\site-packages\sqlalchemy\sql\elements.py", line 516, in _execute_on_connection
    return connection._execute_clauseelement(
           ^^^^^^^^^^^^^^^^^^^^^^^^^^^^^^^^^^
  File "C:\Users\Asus\AppData\Local\Programs\Python\Python311\Lib\site-packages\sqlalchemy\engine\base.py", line 1639, in _execute_clauseelement
    ret = self._execute_context(
          ^^^^^^^^^^^^^^^^^^^^^^
  File "C:\Users\Asus\AppData\Local\Programs\Python\Python311\Lib\site-packages\sqlalchemy\engine\base.py", line 1820, in _execute_context
    self._handle_dbapi_exception(
  File "C:\Users\Asus\AppData\Local\Programs\Python\Python311\Lib\site-packages\sqlalchemy\engine\base.py", line 2343, in _handle_dbapi_exception
    raise sqlalchemy_exception.with_traceback(exc_info[2]) from e
  File "C:\Users\Asus\AppData\Local\Programs\Python\Python311\Lib\site-packages\sqlalchemy\engine\base.py", line 1814, in _execute_context
    context = constructor(
              ^^^^^^^^^^^^
  File "C:\Users\Asus\AppData\Local\Programs\Python\Python311\Lib\site-packages\sqlalchemy\engine\default.py", line 1377, in _init_compiled
    self.compiled_parameters = [
                               ^
  File "C:\Users\Asus\AppData\Local\Programs\Python\Python311\Lib\site-packages\sqlalchemy\engine\default.py", line 1378, in <listcomp>
    compiled.construct_params(
  File "C:\Users\Asus\AppData\Local\Programs\Python\Python311\Lib\site-packages\sqlalchemy\sql\compiler.py", line 1906, in construct_params
    raise exc.InvalidRequestError(
sqlalchemy.exc.StatementError: (sqlalchemy.exc.InvalidRequestError) A value is required for bind parameter 'robot_display_name'
[SQL: 
           INSERT INTO ganaly.robot_logs
           (robot_name, robot_display_name, robot_version, token_id, user_id,
            started_at, endpoint, level, request_data)
           VALUES
               (%(robot_name)s, %(robot_display_name)s, %(robot_version)s, %(token_id)s, %(user_id)s,
                %(started_at)s, %(endpoint)s, %(level)s, %(request_data)s)
               RETURNING id            ]
[parameters: [{'robot_name': 'portfolio_updater_scheduler', 'robot_version': '1.0.0', 'token_id': 15, 'user_id': 1, 'started_at': datetime.datetime(2026, 3, 16, 14, 7, 10, 486161), 'endpoint': 'robot://portfolio_updater/scheduler'}]]
(Background on this error at: https://sqlalche.me/e/20/cd3x)

2026-03-16 17:07:10.493 | ERROR    | [portfolio_updater:scheduler] ❌ Ошибка для токена 15: (sqlalchemy.exc.InvalidRequestError) A value is required for bind parameter 'robot_display_name'
[SQL: 
           INSERT INTO ganaly.robot_logs
           (robot_name, robot_display_name, robot_version, token_id, user_id,
            started_at, endpoint, level, request_data)
           VALUES
               (%(robot_name)s, %(robot_display_name)s, %(robot_version)s, %(token_id)s, %(user_id)s,
                %(started_at)s, %(endpoint)s, %(level)s, %(request_data)s)
               RETURNING id            ]
[parameters: [{'robot_name': 'portfolio_updater_scheduler', 'robot_version': '1.0.0', 'token_id': 15, 'user_id': 1, 'started_at': datetime.datetime(2026, 3, 16, 14, 7, 10, 486161), 'endpoint': 'robot://portfolio_updater/scheduler'}]]
(Background on this error at: https://sqlalche.me/e/20/cd3x)
2026-03-16 17:07:10.493 | INFO     | [portfolio_updater:scheduler] 📊 Итоги: всего=1, обработано=0, пропущено=0, ошибок=1
2026-03-16 17:07:10.493 | INFO     | [SYSTEM:SCHEDULER] ✅ Цикл завершен: {'total': 1, 'processed': 0, 'skipped': 0, 'errors': [{'token_id': 15, 'user_id': 1, 'error': "(sqlalchemy.exc.InvalidRequestError) A value is required for bind parameter 'robot_display_name'\n[SQL: \n           INSERT INTO ganaly.robot_logs\n           (robot_name, robot_display_name, robot_version, token_id, user_id,\n            started_at, endpoint, level, request_data)\n           VALUES\n               (%(robot_name)s, %(robot_display_name)s, %(robot_version)s, %(token_id)s, %(user_id)s,\n                %(started_at)s, %(endpoint)s, %(level)s, %(request_data)s)\n               RETURNING id            ]\n[parameters: [{'robot_name': 'portfolio_updater_scheduler', 'robot_version': '1.0.0', 'token_id': 15, 'user_id': 1, 'started_at': datetime.datetime(2026, 3, 16, 14, 7, 10, 486161), 'endpoint': 'robot://portfolio_updater/scheduler'}]]\n(Background on this error at: https://sqlalche.me/e/20/cd3x)"}]}
2026-03-16 17:08:10.520 | INFO     | [SYSTEM:SCHEDULER] 🔄 Запуск цикла обновления
2026-03-16 17:08:10.536 | INFO     | [portfolio_updater:scheduler] 🔄 Найдено 1 токенов для обработки
2026-03-16 17:08:10.538 | INFO     | [portfolio_updater:scheduler] ▶️ Запуск робота v1.0.0
2026-03-16 17:08:10.538 | INFO     | [portfolio_updater:scheduler]    User ID: 1, Token ID: 15
2026-03-16 17:08:10.543 | ERROR    | [portfolio_updater:scheduler] ❌ Ошибка: (sqlalchemy.exc.InvalidRequestError) A value is required for bind parameter 'robot_display_name'
[SQL: 
           INSERT INTO ganaly.robot_logs
           (robot_name, robot_display_name, robot_version, token_id, user_id,
            started_at, endpoint, level, request_data)
           VALUES
               (%(robot_name)s, %(robot_display_name)s, %(robot_version)s, %(token_id)s, %(user_id)s,
                %(started_at)s, %(endpoint)s, %(level)s, %(request_data)s)
               RETURNING id            ]
[parameters: [{'robot_name': 'portfolio_updater_scheduler', 'robot_version': '1.0.0', 'token_id': 15, 'user_id': 1, 'started_at': datetime.datetime(2026, 3, 16, 14, 8, 10, 538365), 'endpoint': 'robot://portfolio_updater/scheduler'}]]
(Background on this error at: https://sqlalche.me/e/20/cd3x)
2026-03-16 17:08:10.543 | ERROR    | [portfolio_updater:scheduler] Traceback (most recent call last):
  File "C:\Users\Asus\AppData\Local\Programs\Python\Python311\Lib\site-packages\sqlalchemy\engine\base.py", line 1814, in _execute_context
    context = constructor(
              ^^^^^^^^^^^^
  File "C:\Users\Asus\AppData\Local\Programs\Python\Python311\Lib\site-packages\sqlalchemy\engine\default.py", line 1377, in _init_compiled
    self.compiled_parameters = [
                               ^
  File "C:\Users\Asus\AppData\Local\Programs\Python\Python311\Lib\site-packages\sqlalchemy\engine\default.py", line 1378, in <listcomp>
    compiled.construct_params(
  File "C:\Users\Asus\AppData\Local\Programs\Python\Python311\Lib\site-packages\sqlalchemy\sql\compiler.py", line 1906, in construct_params
    raise exc.InvalidRequestError(
sqlalchemy.exc.InvalidRequestError: A value is required for bind parameter 'robot_display_name' (Background on this error at: https://sqlalche.me/e/20/cd3x)

The above exception was the direct cause of the following exception:

Traceback (most recent call last):
  File "C:\Users\Asus\WebstormProject\gin\backend\app\modules\robots\base\base_robot.py", line 78, in run
    log_id = await self._create_db_log(user_id, token_id, started_at)
             ^^^^^^^^^^^^^^^^^^^^^^^^^^^^^^^^^^^^^^^^^^^^^^^^^^^^^^^^
  File "C:\Users\Asus\WebstormProject\gin\backend\app\modules\robots\base\base_robot.py", line 124, in _create_db_log
    result = self.db.execute(
             ^^^^^^^^^^^^^^^^
  File "C:\Users\Asus\AppData\Local\Programs\Python\Python311\Lib\site-packages\sqlalchemy\orm\session.py", line 2308, in execute
    return self._execute_internal(
           ^^^^^^^^^^^^^^^^^^^^^^^
  File "C:\Users\Asus\AppData\Local\Programs\Python\Python311\Lib\site-packages\sqlalchemy\orm\session.py", line 2199, in _execute_internal
    result = conn.execute(
             ^^^^^^^^^^^^^
  File "C:\Users\Asus\AppData\Local\Programs\Python\Python311\Lib\site-packages\sqlalchemy\engine\base.py", line 1416, in execute
    return meth(
           ^^^^^
  File "C:\Users\Asus\AppData\Local\Programs\Python\Python311\Lib\site-packages\sqlalchemy\sql\elements.py", line 516, in _execute_on_connection
    return connection._execute_clauseelement(
           ^^^^^^^^^^^^^^^^^^^^^^^^^^^^^^^^^^
  File "C:\Users\Asus\AppData\Local\Programs\Python\Python311\Lib\site-packages\sqlalchemy\engine\base.py", line 1639, in _execute_clauseelement
    ret = self._execute_context(
          ^^^^^^^^^^^^^^^^^^^^^^
  File "C:\Users\Asus\AppData\Local\Programs\Python\Python311\Lib\site-packages\sqlalchemy\engine\base.py", line 1820, in _execute_context
    self._handle_dbapi_exception(
  File "C:\Users\Asus\AppData\Local\Programs\Python\Python311\Lib\site-packages\sqlalchemy\engine\base.py", line 2343, in _handle_dbapi_exception
    raise sqlalchemy_exception.with_traceback(exc_info[2]) from e
  File "C:\Users\Asus\AppData\Local\Programs\Python\Python311\Lib\site-packages\sqlalchemy\engine\base.py", line 1814, in _execute_context
    context = constructor(
              ^^^^^^^^^^^^
  File "C:\Users\Asus\AppData\Local\Programs\Python\Python311\Lib\site-packages\sqlalchemy\engine\default.py", line 1377, in _init_compiled
    self.compiled_parameters = [
                               ^
  File "C:\Users\Asus\AppData\Local\Programs\Python\Python311\Lib\site-packages\sqlalchemy\engine\default.py", line 1378, in <listcomp>
    compiled.construct_params(
  File "C:\Users\Asus\AppData\Local\Programs\Python\Python311\Lib\site-packages\sqlalchemy\sql\compiler.py", line 1906, in construct_params
    raise exc.InvalidRequestError(
sqlalchemy.exc.StatementError: (sqlalchemy.exc.InvalidRequestError) A value is required for bind parameter 'robot_display_name'
[SQL: 
           INSERT INTO ganaly.robot_logs
           (robot_name, robot_display_name, robot_version, token_id, user_id,
            started_at, endpoint, level, request_data)
           VALUES
               (%(robot_name)s, %(robot_display_name)s, %(robot_version)s, %(token_id)s, %(user_id)s,
                %(started_at)s, %(endpoint)s, %(level)s, %(request_data)s)
               RETURNING id            ]
[parameters: [{'robot_name': 'portfolio_updater_scheduler', 'robot_version': '1.0.0', 'token_id': 15, 'user_id': 1, 'started_at': datetime.datetime(2026, 3, 16, 14, 8, 10, 538365), 'endpoint': 'robot://portfolio_updater/scheduler'}]]
(Background on this error at: https://sqlalche.me/e/20/cd3x)

2026-03-16 17:08:10.545 | ERROR    | [portfolio_updater:scheduler] ❌ Ошибка для токена 15: (sqlalchemy.exc.InvalidRequestError) A value is required for bind parameter 'robot_display_name'
[SQL: 
           INSERT INTO ganaly.robot_logs
           (robot_name, robot_display_name, robot_version, token_id, user_id,
            started_at, endpoint, level, request_data)
           VALUES
               (%(robot_name)s, %(robot_display_name)s, %(robot_version)s, %(token_id)s, %(user_id)s,
                %(started_at)s, %(endpoint)s, %(level)s, %(request_data)s)
               RETURNING id            ]
[parameters: [{'robot_name': 'portfolio_updater_scheduler', 'robot_version': '1.0.0', 'token_id': 15, 'user_id': 1, 'started_at': datetime.datetime(2026, 3, 16, 14, 8, 10, 538365), 'endpoint': 'robot://portfolio_updater/scheduler'}]]
(Background on this error at: https://sqlalche.me/e/20/cd3x)
2026-03-16 17:08:10.545 | INFO     | [portfolio_updater:scheduler] 📊 Итоги: всего=1, обработано=0, пропущено=0, ошибок=1
2026-03-16 17:08:10.545 | INFO     | [SYSTEM:SCHEDULER] ✅ Цикл завершен: {'total': 1, 'processed': 0, 'skipped': 0, 'errors': [{'token_id': 15, 'user_id': 1, 'error': "(sqlalchemy.exc.InvalidRequestError) A value is required for bind parameter 'robot_display_name'\n[SQL: \n           INSERT INTO ganaly.robot_logs\n           (robot_name, robot_display_name, robot_version, token_id, user_id,\n            started_at, endpoint, level, request_data)\n           VALUES\n               (%(robot_name)s, %(robot_display_name)s, %(robot_version)s, %(token_id)s, %(user_id)s,\n                %(started_at)s, %(endpoint)s, %(level)s, %(request_data)s)\n               RETURNING id            ]\n[parameters: [{'robot_name': 'portfolio_updater_scheduler', 'robot_version': '1.0.0', 'token_id': 15, 'user_id': 1, 'started_at': datetime.datetime(2026, 3, 16, 14, 8, 10, 538365), 'endpoint': 'robot://portfolio_updater/scheduler'}]]\n(Background on this error at: https://sqlalche.me/e/20/cd3x)"}]}
2026-03-16 17:09:10.553 | INFO     | [SYSTEM:SCHEDULER] 🔄 Запуск цикла обновления
2026-03-16 17:09:10.583 | INFO     | [portfolio_updater:scheduler] 🔄 Найдено 1 токенов для обработки
2026-03-16 17:09:10.583 | INFO     | [portfolio_updater:scheduler] ▶️ Запуск робота v1.0.0
2026-03-16 17:09:10.583 | INFO     | [portfolio_updater:scheduler]    User ID: 1, Token ID: 15
2026-03-16 17:09:10.611 | ERROR    | [portfolio_updater:scheduler] ❌ Ошибка: (sqlalchemy.exc.InvalidRequestError) A value is required for bind parameter 'robot_display_name'
[SQL: 
           INSERT INTO ganaly.robot_logs
           (robot_name, robot_display_name, robot_version, token_id, user_id,
            started_at, endpoint, level, request_data)
           VALUES
               (%(robot_name)s, %(robot_display_name)s, %(robot_version)s, %(token_id)s, %(user_id)s,
                %(started_at)s, %(endpoint)s, %(level)s, %(request_data)s)
               RETURNING id            ]
[parameters: [{'robot_name': 'portfolio_updater_scheduler', 'robot_version': '1.0.0', 'token_id': 15, 'user_id': 1, 'started_at': datetime.datetime(2026, 3, 16, 14, 9, 10, 583276), 'endpoint': 'robot://portfolio_updater/scheduler'}]]
(Background on this error at: https://sqlalche.me/e/20/cd3x)
2026-03-16 17:09:10.614 | ERROR    | [portfolio_updater:scheduler] Traceback (most recent call last):
  File "C:\Users\Asus\AppData\Local\Programs\Python\Python311\Lib\site-packages\sqlalchemy\engine\base.py", line 1814, in _execute_context
    context = constructor(
              ^^^^^^^^^^^^
  File "C:\Users\Asus\AppData\Local\Programs\Python\Python311\Lib\site-packages\sqlalchemy\engine\default.py", line 1377, in _init_compiled
    self.compiled_parameters = [
                               ^
  File "C:\Users\Asus\AppData\Local\Programs\Python\Python311\Lib\site-packages\sqlalchemy\engine\default.py", line 1378, in <listcomp>
    compiled.construct_params(
  File "C:\Users\Asus\AppData\Local\Programs\Python\Python311\Lib\site-packages\sqlalchemy\sql\compiler.py", line 1906, in construct_params
    raise exc.InvalidRequestError(
sqlalchemy.exc.InvalidRequestError: A value is required for bind parameter 'robot_display_name' (Background on this error at: https://sqlalche.me/e/20/cd3x)

The above exception was the direct cause of the following exception:

Traceback (most recent call last):
  File "C:\Users\Asus\WebstormProject\gin\backend\app\modules\robots\base\base_robot.py", line 78, in run
    log_id = await self._create_db_log(user_id, token_id, started_at)
             ^^^^^^^^^^^^^^^^^^^^^^^^^^^^^^^^^^^^^^^^^^^^^^^^^^^^^^^^
  File "C:\Users\Asus\WebstormProject\gin\backend\app\modules\robots\base\base_robot.py", line 124, in _create_db_log
    result = self.db.execute(
             ^^^^^^^^^^^^^^^^
  File "C:\Users\Asus\AppData\Local\Programs\Python\Python311\Lib\site-packages\sqlalchemy\orm\session.py", line 2308, in execute
    return self._execute_internal(
           ^^^^^^^^^^^^^^^^^^^^^^^
  File "C:\Users\Asus\AppData\Local\Programs\Python\Python311\Lib\site-packages\sqlalchemy\orm\session.py", line 2199, in _execute_internal
    result = conn.execute(
             ^^^^^^^^^^^^^
  File "C:\Users\Asus\AppData\Local\Programs\Python\Python311\Lib\site-packages\sqlalchemy\engine\base.py", line 1416, in execute
    return meth(
           ^^^^^
  File "C:\Users\Asus\AppData\Local\Programs\Python\Python311\Lib\site-packages\sqlalchemy\sql\elements.py", line 516, in _execute_on_connection
    return connection._execute_clauseelement(
           ^^^^^^^^^^^^^^^^^^^^^^^^^^^^^^^^^^
  File "C:\Users\Asus\AppData\Local\Programs\Python\Python311\Lib\site-packages\sqlalchemy\engine\base.py", line 1639, in _execute_clauseelement
    ret = self._execute_context(
          ^^^^^^^^^^^^^^^^^^^^^^
  File "C:\Users\Asus\AppData\Local\Programs\Python\Python311\Lib\site-packages\sqlalchemy\engine\base.py", line 1820, in _execute_context
    self._handle_dbapi_exception(
  File "C:\Users\Asus\AppData\Local\Programs\Python\Python311\Lib\site-packages\sqlalchemy\engine\base.py", line 2343, in _handle_dbapi_exception
    raise sqlalchemy_exception.with_traceback(exc_info[2]) from e
  File "C:\Users\Asus\AppData\Local\Programs\Python\Python311\Lib\site-packages\sqlalchemy\engine\base.py", line 1814, in _execute_context
    context = constructor(
              ^^^^^^^^^^^^
  File "C:\Users\Asus\AppData\Local\Programs\Python\Python311\Lib\site-packages\sqlalchemy\engine\default.py", line 1377, in _init_compiled
    self.compiled_parameters = [
                               ^
  File "C:\Users\Asus\AppData\Local\Programs\Python\Python311\Lib\site-packages\sqlalchemy\engine\default.py", line 1378, in <listcomp>
    compiled.construct_params(
  File "C:\Users\Asus\AppData\Local\Programs\Python\Python311\Lib\site-packages\sqlalchemy\sql\compiler.py", line 1906, in construct_params
    raise exc.InvalidRequestError(
sqlalchemy.exc.StatementError: (sqlalchemy.exc.InvalidRequestError) A value is required for bind parameter 'robot_display_name'
[SQL: 
           INSERT INTO ganaly.robot_logs
           (robot_name, robot_display_name, robot_version, token_id, user_id,
            started_at, endpoint, level, request_data)
           VALUES
               (%(robot_name)s, %(robot_display_name)s, %(robot_version)s, %(token_id)s, %(user_id)s,
                %(started_at)s, %(endpoint)s, %(level)s, %(request_data)s)
               RETURNING id            ]
[parameters: [{'robot_name': 'portfolio_updater_scheduler', 'robot_version': '1.0.0', 'token_id': 15, 'user_id': 1, 'started_at': datetime.datetime(2026, 3, 16, 14, 9, 10, 583276), 'endpoint': 'robot://portfolio_updater/scheduler'}]]
(Background on this error at: https://sqlalche.me/e/20/cd3x)

2026-03-16 17:09:10.616 | ERROR    | [portfolio_updater:scheduler] ❌ Ошибка для токена 15: (sqlalchemy.exc.InvalidRequestError) A value is required for bind parameter 'robot_display_name'
[SQL: 
           INSERT INTO ganaly.robot_logs
           (robot_name, robot_display_name, robot_version, token_id, user_id,
            started_at, endpoint, level, request_data)
           VALUES
               (%(robot_name)s, %(robot_display_name)s, %(robot_version)s, %(token_id)s, %(user_id)s,
                %(started_at)s, %(endpoint)s, %(level)s, %(request_data)s)
               RETURNING id            ]
[parameters: [{'robot_name': 'portfolio_updater_scheduler', 'robot_version': '1.0.0', 'token_id': 15, 'user_id': 1, 'started_at': datetime.datetime(2026, 3, 16, 14, 9, 10, 583276), 'endpoint': 'robot://portfolio_updater/scheduler'}]]
(Background on this error at: https://sqlalche.me/e/20/cd3x)
2026-03-16 17:09:10.616 | INFO     | [portfolio_updater:scheduler] 📊 Итоги: всего=1, обработано=0, пропущено=0, ошибок=1
2026-03-16 17:09:10.616 | INFO     | [SYSTEM:SCHEDULER] ✅ Цикл завершен: {'total': 1, 'processed': 0, 'skipped': 0, 'errors': [{'token_id': 15, 'user_id': 1, 'error': "(sqlalchemy.exc.InvalidRequestError) A value is required for bind parameter 'robot_display_name'\n[SQL: \n           INSERT INTO ganaly.robot_logs\n           (robot_name, robot_display_name, robot_version, token_id, user_id,\n            started_at, endpoint, level, request_data)\n           VALUES\n               (%(robot_name)s, %(robot_display_name)s, %(robot_version)s, %(token_id)s, %(user_id)s,\n                %(started_at)s, %(endpoint)s, %(level)s, %(request_data)s)\n               RETURNING id            ]\n[parameters: [{'robot_name': 'portfolio_updater_scheduler', 'robot_version': '1.0.0', 'token_id': 15, 'user_id': 1, 'started_at': datetime.datetime(2026, 3, 16, 14, 9, 10, 583276), 'endpoint': 'robot://portfolio_updater/scheduler'}]]\n(Background on this error at: https://sqlalche.me/e/20/cd3x)"}]}
2026-03-16 17:10:10.613 | INFO     | [SYSTEM:SCHEDULER] 🔄 Запуск цикла обновления
2026-03-16 17:10:10.634 | INFO     | [portfolio_updater:scheduler] 🔄 Найдено 1 токенов для обработки
2026-03-16 17:10:10.634 | INFO     | [portfolio_updater:scheduler] ▶️ Запуск робота v1.0.0
2026-03-16 17:10:10.636 | INFO     | [portfolio_updater:scheduler]    User ID: 1, Token ID: 15
2026-03-16 17:10:10.636 | ERROR    | [portfolio_updater:scheduler] ❌ Ошибка: (sqlalchemy.exc.InvalidRequestError) A value is required for bind parameter 'robot_display_name'
[SQL: 
           INSERT INTO ganaly.robot_logs
           (robot_name, robot_display_name, robot_version, token_id, user_id,
            started_at, endpoint, level, request_data)
           VALUES
               (%(robot_name)s, %(robot_display_name)s, %(robot_version)s, %(token_id)s, %(user_id)s,
                %(started_at)s, %(endpoint)s, %(level)s, %(request_data)s)
               RETURNING id            ]
[parameters: [{'robot_name': 'portfolio_updater_scheduler', 'robot_version': '1.0.0', 'token_id': 15, 'user_id': 1, 'started_at': datetime.datetime(2026, 3, 16, 14, 10, 10, 634309), 'endpoint': 'robot://portfolio_updater/scheduler'}]]
(Background on this error at: https://sqlalche.me/e/20/cd3x)
2026-03-16 17:10:10.647 | ERROR    | [portfolio_updater:scheduler] Traceback (most recent call last):
  File "C:\Users\Asus\AppData\Local\Programs\Python\Python311\Lib\site-packages\sqlalchemy\engine\base.py", line 1814, in _execute_context
    context = constructor(
              ^^^^^^^^^^^^
  File "C:\Users\Asus\AppData\Local\Programs\Python\Python311\Lib\site-packages\sqlalchemy\engine\default.py", line 1377, in _init_compiled
    self.compiled_parameters = [
                               ^
  File "C:\Users\Asus\AppData\Local\Programs\Python\Python311\Lib\site-packages\sqlalchemy\engine\default.py", line 1378, in <listcomp>
    compiled.construct_params(
  File "C:\Users\Asus\AppData\Local\Programs\Python\Python311\Lib\site-packages\sqlalchemy\sql\compiler.py", line 1906, in construct_params
    raise exc.InvalidRequestError(
sqlalchemy.exc.InvalidRequestError: A value is required for bind parameter 'robot_display_name' (Background on this error at: https://sqlalche.me/e/20/cd3x)

The above exception was the direct cause of the following exception:

Traceback (most recent call last):
  File "C:\Users\Asus\WebstormProject\gin\backend\app\modules\robots\base\base_robot.py", line 78, in run
    log_id = await self._create_db_log(user_id, token_id, started_at)
             ^^^^^^^^^^^^^^^^^^^^^^^^^^^^^^^^^^^^^^^^^^^^^^^^^^^^^^^^
  File "C:\Users\Asus\WebstormProject\gin\backend\app\modules\robots\base\base_robot.py", line 124, in _create_db_log
    result = self.db.execute(
             ^^^^^^^^^^^^^^^^
  File "C:\Users\Asus\AppData\Local\Programs\Python\Python311\Lib\site-packages\sqlalchemy\orm\session.py", line 2308, in execute
    return self._execute_internal(
           ^^^^^^^^^^^^^^^^^^^^^^^
  File "C:\Users\Asus\AppData\Local\Programs\Python\Python311\Lib\site-packages\sqlalchemy\orm\session.py", line 2199, in _execute_internal
    result = conn.execute(
             ^^^^^^^^^^^^^
  File "C:\Users\Asus\AppData\Local\Programs\Python\Python311\Lib\site-packages\sqlalchemy\engine\base.py", line 1416, in execute
    return meth(
           ^^^^^
  File "C:\Users\Asus\AppData\Local\Programs\Python\Python311\Lib\site-packages\sqlalchemy\sql\elements.py", line 516, in _execute_on_connection
    return connection._execute_clauseelement(
           ^^^^^^^^^^^^^^^^^^^^^^^^^^^^^^^^^^
  File "C:\Users\Asus\AppData\Local\Programs\Python\Python311\Lib\site-packages\sqlalchemy\engine\base.py", line 1639, in _execute_clauseelement
    ret = self._execute_context(
          ^^^^^^^^^^^^^^^^^^^^^^
  File "C:\Users\Asus\AppData\Local\Programs\Python\Python311\Lib\site-packages\sqlalchemy\engine\base.py", line 1820, in _execute_context
    self._handle_dbapi_exception(
  File "C:\Users\Asus\AppData\Local\Programs\Python\Python311\Lib\site-packages\sqlalchemy\engine\base.py", line 2343, in _handle_dbapi_exception
    raise sqlalchemy_exception.with_traceback(exc_info[2]) from e
  File "C:\Users\Asus\AppData\Local\Programs\Python\Python311\Lib\site-packages\sqlalchemy\engine\base.py", line 1814, in _execute_context
    context = constructor(
              ^^^^^^^^^^^^
  File "C:\Users\Asus\AppData\Local\Programs\Python\Python311\Lib\site-packages\sqlalchemy\engine\default.py", line 1377, in _init_compiled
    self.compiled_parameters = [
                               ^
  File "C:\Users\Asus\AppData\Local\Programs\Python\Python311\Lib\site-packages\sqlalchemy\engine\default.py", line 1378, in <listcomp>
    compiled.construct_params(
  File "C:\Users\Asus\AppData\Local\Programs\Python\Python311\Lib\site-packages\sqlalchemy\sql\compiler.py", line 1906, in construct_params
    raise exc.InvalidRequestError(
sqlalchemy.exc.StatementError: (sqlalchemy.exc.InvalidRequestError) A value is required for bind parameter 'robot_display_name'
[SQL: 
           INSERT INTO ganaly.robot_logs
           (robot_name, robot_display_name, robot_version, token_id, user_id,
            started_at, endpoint, level, request_data)
           VALUES
               (%(robot_name)s, %(robot_display_name)s, %(robot_version)s, %(token_id)s, %(user_id)s,
                %(started_at)s, %(endpoint)s, %(level)s, %(request_data)s)
               RETURNING id            ]
[parameters: [{'robot_name': 'portfolio_updater_scheduler', 'robot_version': '1.0.0', 'token_id': 15, 'user_id': 1, 'started_at': datetime.datetime(2026, 3, 16, 14, 10, 10, 634309), 'endpoint': 'robot://portfolio_updater/scheduler'}]]
(Background on this error at: https://sqlalche.me/e/20/cd3x)

2026-03-16 17:10:10.654 | ERROR    | [portfolio_updater:scheduler] ❌ Ошибка для токена 15: (sqlalchemy.exc.InvalidRequestError) A value is required for bind parameter 'robot_display_name'
[SQL: 
           INSERT INTO ganaly.robot_logs
           (robot_name, robot_display_name, robot_version, token_id, user_id,
            started_at, endpoint, level, request_data)
           VALUES
               (%(robot_name)s, %(robot_display_name)s, %(robot_version)s, %(token_id)s, %(user_id)s,
                %(started_at)s, %(endpoint)s, %(level)s, %(request_data)s)
               RETURNING id            ]
[parameters: [{'robot_name': 'portfolio_updater_scheduler', 'robot_version': '1.0.0', 'token_id': 15, 'user_id': 1, 'started_at': datetime.datetime(2026, 3, 16, 14, 10, 10, 634309), 'endpoint': 'robot://portfolio_updater/scheduler'}]]
(Background on this error at: https://sqlalche.me/e/20/cd3x)
2026-03-16 17:10:10.654 | INFO     | [portfolio_updater:scheduler] 📊 Итоги: всего=1, обработано=0, пропущено=0, ошибок=1
2026-03-16 17:10:10.654 | INFO     | [SYSTEM:SCHEDULER] ✅ Цикл завершен: {'total': 1, 'processed': 0, 'skipped': 0, 'errors': [{'token_id': 15, 'user_id': 1, 'error': "(sqlalchemy.exc.InvalidRequestError) A value is required for bind parameter 'robot_display_name'\n[SQL: \n           INSERT INTO ganaly.robot_logs\n           (robot_name, robot_display_name, robot_version, token_id, user_id,\n            started_at, endpoint, level, request_data)\n           VALUES\n               (%(robot_name)s, %(robot_display_name)s, %(robot_version)s, %(token_id)s, %(user_id)s,\n                %(started_at)s, %(endpoint)s, %(level)s, %(request_data)s)\n               RETURNING id            ]\n[parameters: [{'robot_name': 'portfolio_updater_scheduler', 'robot_version': '1.0.0', 'token_id': 15, 'user_id': 1, 'started_at': datetime.datetime(2026, 3, 16, 14, 10, 10, 634309), 'endpoint': 'robot://portfolio_updater/scheduler'}]]\n(Background on this error at: https://sqlalche.me/e/20/cd3x)"}]}
2026-03-16 17:11:10.670 | INFO     | [SYSTEM:SCHEDULER] 🔄 Запуск цикла обновления
2026-03-16 17:11:10.693 | INFO     | [portfolio_updater:scheduler] 🔄 Найдено 1 токенов для обработки
2026-03-16 17:11:10.693 | INFO     | [portfolio_updater:scheduler] ▶️ Запуск робота v1.0.0
2026-03-16 17:11:10.693 | INFO     | [portfolio_updater:scheduler]    User ID: 1, Token ID: 15
2026-03-16 17:11:10.703 | ERROR    | [portfolio_updater:scheduler] ❌ Ошибка: (sqlalchemy.exc.InvalidRequestError) A value is required for bind parameter 'robot_display_name'
[SQL: 
           INSERT INTO ganaly.robot_logs
           (robot_name, robot_display_name, robot_version, token_id, user_id,
            started_at, endpoint, level, request_data)
           VALUES
               (%(robot_name)s, %(robot_display_name)s, %(robot_version)s, %(token_id)s, %(user_id)s,
                %(started_at)s, %(endpoint)s, %(level)s, %(request_data)s)
               RETURNING id            ]
[parameters: [{'robot_name': 'portfolio_updater_scheduler', 'robot_version': '1.0.0', 'token_id': 15, 'user_id': 1, 'started_at': datetime.datetime(2026, 3, 16, 14, 11, 10, 693379), 'endpoint': 'robot://portfolio_updater/scheduler'}]]
(Background on this error at: https://sqlalche.me/e/20/cd3x)
2026-03-16 17:11:10.705 | ERROR    | [portfolio_updater:scheduler] Traceback (most recent call last):
  File "C:\Users\Asus\AppData\Local\Programs\Python\Python311\Lib\site-packages\sqlalchemy\engine\base.py", line 1814, in _execute_context
    context = constructor(
              ^^^^^^^^^^^^
  File "C:\Users\Asus\AppData\Local\Programs\Python\Python311\Lib\site-packages\sqlalchemy\engine\default.py", line 1377, in _init_compiled
    self.compiled_parameters = [
                               ^
  File "C:\Users\Asus\AppData\Local\Programs\Python\Python311\Lib\site-packages\sqlalchemy\engine\default.py", line 1378, in <listcomp>
    compiled.construct_params(
  File "C:\Users\Asus\AppData\Local\Programs\Python\Python311\Lib\site-packages\sqlalchemy\sql\compiler.py", line 1906, in construct_params
    raise exc.InvalidRequestError(
sqlalchemy.exc.InvalidRequestError: A value is required for bind parameter 'robot_display_name' (Background on this error at: https://sqlalche.me/e/20/cd3x)

The above exception was the direct cause of the following exception:

Traceback (most recent call last):
  File "C:\Users\Asus\WebstormProject\gin\backend\app\modules\robots\base\base_robot.py", line 78, in run
    log_id = await self._create_db_log(user_id, token_id, started_at)
             ^^^^^^^^^^^^^^^^^^^^^^^^^^^^^^^^^^^^^^^^^^^^^^^^^^^^^^^^
  File "C:\Users\Asus\WebstormProject\gin\backend\app\modules\robots\base\base_robot.py", line 124, in _create_db_log
    result = self.db.execute(
             ^^^^^^^^^^^^^^^^
  File "C:\Users\Asus\AppData\Local\Programs\Python\Python311\Lib\site-packages\sqlalchemy\orm\session.py", line 2308, in execute
    return self._execute_internal(
           ^^^^^^^^^^^^^^^^^^^^^^^
  File "C:\Users\Asus\AppData\Local\Programs\Python\Python311\Lib\site-packages\sqlalchemy\orm\session.py", line 2199, in _execute_internal
    result = conn.execute(
             ^^^^^^^^^^^^^
  File "C:\Users\Asus\AppData\Local\Programs\Python\Python311\Lib\site-packages\sqlalchemy\engine\base.py", line 1416, in execute
    return meth(
           ^^^^^
  File "C:\Users\Asus\AppData\Local\Programs\Python\Python311\Lib\site-packages\sqlalchemy\sql\elements.py", line 516, in _execute_on_connection
    return connection._execute_clauseelement(
           ^^^^^^^^^^^^^^^^^^^^^^^^^^^^^^^^^^
  File "C:\Users\Asus\AppData\Local\Programs\Python\Python311\Lib\site-packages\sqlalchemy\engine\base.py", line 1639, in _execute_clauseelement
    ret = self._execute_context(
          ^^^^^^^^^^^^^^^^^^^^^^
  File "C:\Users\Asus\AppData\Local\Programs\Python\Python311\Lib\site-packages\sqlalchemy\engine\base.py", line 1820, in _execute_context
    self._handle_dbapi_exception(
  File "C:\Users\Asus\AppData\Local\Programs\Python\Python311\Lib\site-packages\sqlalchemy\engine\base.py", line 2343, in _handle_dbapi_exception
    raise sqlalchemy_exception.with_traceback(exc_info[2]) from e
  File "C:\Users\Asus\AppData\Local\Programs\Python\Python311\Lib\site-packages\sqlalchemy\engine\base.py", line 1814, in _execute_context
    context = constructor(
              ^^^^^^^^^^^^
  File "C:\Users\Asus\AppData\Local\Programs\Python\Python311\Lib\site-packages\sqlalchemy\engine\default.py", line 1377, in _init_compiled
    self.compiled_parameters = [
                               ^
  File "C:\Users\Asus\AppData\Local\Programs\Python\Python311\Lib\site-packages\sqlalchemy\engine\default.py", line 1378, in <listcomp>
    compiled.construct_params(
  File "C:\Users\Asus\AppData\Local\Programs\Python\Python311\Lib\site-packages\sqlalchemy\sql\compiler.py", line 1906, in construct_params
    raise exc.InvalidRequestError(
sqlalchemy.exc.StatementError: (sqlalchemy.exc.InvalidRequestError) A value is required for bind parameter 'robot_display_name'
[SQL: 
           INSERT INTO ganaly.robot_logs
           (robot_name, robot_display_name, robot_version, token_id, user_id,
            started_at, endpoint, level, request_data)
           VALUES
               (%(robot_name)s, %(robot_display_name)s, %(robot_version)s, %(token_id)s, %(user_id)s,
                %(started_at)s, %(endpoint)s, %(level)s, %(request_data)s)
               RETURNING id            ]
[parameters: [{'robot_name': 'portfolio_updater_scheduler', 'robot_version': '1.0.0', 'token_id': 15, 'user_id': 1, 'started_at': datetime.datetime(2026, 3, 16, 14, 11, 10, 693379), 'endpoint': 'robot://portfolio_updater/scheduler'}]]
(Background on this error at: https://sqlalche.me/e/20/cd3x)

2026-03-16 17:11:10.711 | ERROR    | [portfolio_updater:scheduler] ❌ Ошибка для токена 15: (sqlalchemy.exc.InvalidRequestError) A value is required for bind parameter 'robot_display_name'
[SQL: 
           INSERT INTO ganaly.robot_logs
           (robot_name, robot_display_name, robot_version, token_id, user_id,
            started_at, endpoint, level, request_data)
           VALUES
               (%(robot_name)s, %(robot_display_name)s, %(robot_version)s, %(token_id)s, %(user_id)s,
                %(started_at)s, %(endpoint)s, %(level)s, %(request_data)s)
               RETURNING id            ]
[parameters: [{'robot_name': 'portfolio_updater_scheduler', 'robot_version': '1.0.0', 'token_id': 15, 'user_id': 1, 'started_at': datetime.datetime(2026, 3, 16, 14, 11, 10, 693379), 'endpoint': 'robot://portfolio_updater/scheduler'}]]
(Background on this error at: https://sqlalche.me/e/20/cd3x)
2026-03-16 17:11:10.711 | INFO     | [portfolio_updater:scheduler] 📊 Итоги: всего=1, обработано=0, пропущено=0, ошибок=1
2026-03-16 17:11:10.711 | INFO     | [SYSTEM:SCHEDULER] ✅ Цикл завершен: {'total': 1, 'processed': 0, 'skipped': 0, 'errors': [{'token_id': 15, 'user_id': 1, 'error': "(sqlalchemy.exc.InvalidRequestError) A value is required for bind parameter 'robot_display_name'\n[SQL: \n           INSERT INTO ganaly.robot_logs\n           (robot_name, robot_display_name, robot_version, token_id, user_id,\n            started_at, endpoint, level, request_data)\n           VALUES\n               (%(robot_name)s, %(robot_display_name)s, %(robot_version)s, %(token_id)s, %(user_id)s,\n                %(started_at)s, %(endpoint)s, %(level)s, %(request_data)s)\n               RETURNING id            ]\n[parameters: [{'robot_name': 'portfolio_updater_scheduler', 'robot_version': '1.0.0', 'token_id': 15, 'user_id': 1, 'started_at': datetime.datetime(2026, 3, 16, 14, 11, 10, 693379), 'endpoint': 'robot://portfolio_updater/scheduler'}]]\n(Background on this error at: https://sqlalche.me/e/20/cd3x)"}]}
2026-03-16 17:12:10.735 | INFO     | [SYSTEM:SCHEDULER] 🔄 Запуск цикла обновления
2026-03-16 17:12:10.746 | INFO     | [portfolio_updater:scheduler] 🔄 Найдено 1 токенов для обработки
2026-03-16 17:12:10.748 | INFO     | [portfolio_updater:scheduler] ▶️ Запуск робота v1.0.0
2026-03-16 17:12:10.748 | INFO     | [portfolio_updater:scheduler]    User ID: 1, Token ID: 15
2026-03-16 17:12:10.752 | ERROR    | [portfolio_updater:scheduler] ❌ Ошибка: (sqlalchemy.exc.InvalidRequestError) A value is required for bind parameter 'robot_display_name'
[SQL: 
           INSERT INTO ganaly.robot_logs
           (robot_name, robot_display_name, robot_version, token_id, user_id,
            started_at, endpoint, level, request_data)
           VALUES
               (%(robot_name)s, %(robot_display_name)s, %(robot_version)s, %(token_id)s, %(user_id)s,
                %(started_at)s, %(endpoint)s, %(level)s, %(request_data)s)
               RETURNING id            ]
[parameters: [{'robot_name': 'portfolio_updater_scheduler', 'robot_version': '1.0.0', 'token_id': 15, 'user_id': 1, 'started_at': datetime.datetime(2026, 3, 16, 14, 12, 10, 748271), 'endpoint': 'robot://portfolio_updater/scheduler'}]]
(Background on this error at: https://sqlalche.me/e/20/cd3x)
2026-03-16 17:12:10.752 | ERROR    | [portfolio_updater:scheduler] Traceback (most recent call last):
  File "C:\Users\Asus\AppData\Local\Programs\Python\Python311\Lib\site-packages\sqlalchemy\engine\base.py", line 1814, in _execute_context
    context = constructor(
              ^^^^^^^^^^^^
  File "C:\Users\Asus\AppData\Local\Programs\Python\Python311\Lib\site-packages\sqlalchemy\engine\default.py", line 1377, in _init_compiled
    self.compiled_parameters = [
                               ^
  File "C:\Users\Asus\AppData\Local\Programs\Python\Python311\Lib\site-packages\sqlalchemy\engine\default.py", line 1378, in <listcomp>
    compiled.construct_params(
  File "C:\Users\Asus\AppData\Local\Programs\Python\Python311\Lib\site-packages\sqlalchemy\sql\compiler.py", line 1906, in construct_params
    raise exc.InvalidRequestError(
sqlalchemy.exc.InvalidRequestError: A value is required for bind parameter 'robot_display_name' (Background on this error at: https://sqlalche.me/e/20/cd3x)

The above exception was the direct cause of the following exception:

Traceback (most recent call last):
  File "C:\Users\Asus\WebstormProject\gin\backend\app\modules\robots\base\base_robot.py", line 78, in run
    log_id = await self._create_db_log(user_id, token_id, started_at)
             ^^^^^^^^^^^^^^^^^^^^^^^^^^^^^^^^^^^^^^^^^^^^^^^^^^^^^^^^
  File "C:\Users\Asus\WebstormProject\gin\backend\app\modules\robots\base\base_robot.py", line 124, in _create_db_log
    result = self.db.execute(
             ^^^^^^^^^^^^^^^^
  File "C:\Users\Asus\AppData\Local\Programs\Python\Python311\Lib\site-packages\sqlalchemy\orm\session.py", line 2308, in execute
    return self._execute_internal(
           ^^^^^^^^^^^^^^^^^^^^^^^
  File "C:\Users\Asus\AppData\Local\Programs\Python\Python311\Lib\site-packages\sqlalchemy\orm\session.py", line 2199, in _execute_internal
    result = conn.execute(
             ^^^^^^^^^^^^^
  File "C:\Users\Asus\AppData\Local\Programs\Python\Python311\Lib\site-packages\sqlalchemy\engine\base.py", line 1416, in execute
    return meth(
           ^^^^^
  File "C:\Users\Asus\AppData\Local\Programs\Python\Python311\Lib\site-packages\sqlalchemy\sql\elements.py", line 516, in _execute_on_connection
    return connection._execute_clauseelement(
           ^^^^^^^^^^^^^^^^^^^^^^^^^^^^^^^^^^
  File "C:\Users\Asus\AppData\Local\Programs\Python\Python311\Lib\site-packages\sqlalchemy\engine\base.py", line 1639, in _execute_clauseelement
    ret = self._execute_context(
          ^^^^^^^^^^^^^^^^^^^^^^
  File "C:\Users\Asus\AppData\Local\Programs\Python\Python311\Lib\site-packages\sqlalchemy\engine\base.py", line 1820, in _execute_context
    self._handle_dbapi_exception(
  File "C:\Users\Asus\AppData\Local\Programs\Python\Python311\Lib\site-packages\sqlalchemy\engine\base.py", line 2343, in _handle_dbapi_exception
    raise sqlalchemy_exception.with_traceback(exc_info[2]) from e
  File "C:\Users\Asus\AppData\Local\Programs\Python\Python311\Lib\site-packages\sqlalchemy\engine\base.py", line 1814, in _execute_context
    context = constructor(
              ^^^^^^^^^^^^
  File "C:\Users\Asus\AppData\Local\Programs\Python\Python311\Lib\site-packages\sqlalchemy\engine\default.py", line 1377, in _init_compiled
    self.compiled_parameters = [
                               ^
  File "C:\Users\Asus\AppData\Local\Programs\Python\Python311\Lib\site-packages\sqlalchemy\engine\default.py", line 1378, in <listcomp>
    compiled.construct_params(
  File "C:\Users\Asus\AppData\Local\Programs\Python\Python311\Lib\site-packages\sqlalchemy\sql\compiler.py", line 1906, in construct_params
    raise exc.InvalidRequestError(
sqlalchemy.exc.StatementError: (sqlalchemy.exc.InvalidRequestError) A value is required for bind parameter 'robot_display_name'
[SQL: 
           INSERT INTO ganaly.robot_logs
           (robot_name, robot_display_name, robot_version, token_id, user_id,
            started_at, endpoint, level, request_data)
           VALUES
               (%(robot_name)s, %(robot_display_name)s, %(robot_version)s, %(token_id)s, %(user_id)s,
                %(started_at)s, %(endpoint)s, %(level)s, %(request_data)s)
               RETURNING id            ]
[parameters: [{'robot_name': 'portfolio_updater_scheduler', 'robot_version': '1.0.0', 'token_id': 15, 'user_id': 1, 'started_at': datetime.datetime(2026, 3, 16, 14, 12, 10, 748271), 'endpoint': 'robot://portfolio_updater/scheduler'}]]
(Background on this error at: https://sqlalche.me/e/20/cd3x)

2026-03-16 17:12:10.752 | ERROR    | [portfolio_updater:scheduler] ❌ Ошибка для токена 15: (sqlalchemy.exc.InvalidRequestError) A value is required for bind parameter 'robot_display_name'
[SQL: 
           INSERT INTO ganaly.robot_logs
           (robot_name, robot_display_name, robot_version, token_id, user_id,
            started_at, endpoint, level, request_data)
           VALUES
               (%(robot_name)s, %(robot_display_name)s, %(robot_version)s, %(token_id)s, %(user_id)s,
                %(started_at)s, %(endpoint)s, %(level)s, %(request_data)s)
               RETURNING id            ]
[parameters: [{'robot_name': 'portfolio_updater_scheduler', 'robot_version': '1.0.0', 'token_id': 15, 'user_id': 1, 'started_at': datetime.datetime(2026, 3, 16, 14, 12, 10, 748271), 'endpoint': 'robot://portfolio_updater/scheduler'}]]
(Background on this error at: https://sqlalche.me/e/20/cd3x)
2026-03-16 17:12:10.752 | INFO     | [portfolio_updater:scheduler] 📊 Итоги: всего=1, обработано=0, пропущено=0, ошибок=1
2026-03-16 17:12:10.752 | INFO     | [SYSTEM:SCHEDULER] ✅ Цикл завершен: {'total': 1, 'processed': 0, 'skipped': 0, 'errors': [{'token_id': 15, 'user_id': 1, 'error': "(sqlalchemy.exc.InvalidRequestError) A value is required for bind parameter 'robot_display_name'\n[SQL: \n           INSERT INTO ganaly.robot_logs\n           (robot_name, robot_display_name, robot_version, token_id, user_id,\n            started_at, endpoint, level, request_data)\n           VALUES\n               (%(robot_name)s, %(robot_display_name)s, %(robot_version)s, %(token_id)s, %(user_id)s,\n                %(started_at)s, %(endpoint)s, %(level)s, %(request_data)s)\n               RETURNING id            ]\n[parameters: [{'robot_name': 'portfolio_updater_scheduler', 'robot_version': '1.0.0', 'token_id': 15, 'user_id': 1, 'started_at': datetime.datetime(2026, 3, 16, 14, 12, 10, 748271), 'endpoint': 'robot://portfolio_updater/scheduler'}]]\n(Background on this error at: https://sqlalche.me/e/20/cd3x)"}]}
2026-03-16 17:13:10.765 | INFO     | [SYSTEM:SCHEDULER] 🔄 Запуск цикла обновления
2026-03-16 17:13:10.786 | INFO     | [portfolio_updater:scheduler] 🔄 Найдено 1 токенов для обработки
2026-03-16 17:13:10.786 | INFO     | [portfolio_updater:scheduler] ▶️ Запуск робота v1.0.0
2026-03-16 17:13:10.786 | INFO     | [portfolio_updater:scheduler]    User ID: 1, Token ID: 15
2026-03-16 17:13:10.793 | ERROR    | [portfolio_updater:scheduler] ❌ Ошибка: (sqlalchemy.exc.InvalidRequestError) A value is required for bind parameter 'robot_display_name'
[SQL: 
           INSERT INTO ganaly.robot_logs
           (robot_name, robot_display_name, robot_version, token_id, user_id,
            started_at, endpoint, level, request_data)
           VALUES
               (%(robot_name)s, %(robot_display_name)s, %(robot_version)s, %(token_id)s, %(user_id)s,
                %(started_at)s, %(endpoint)s, %(level)s, %(request_data)s)
               RETURNING id            ]
[parameters: [{'robot_name': 'portfolio_updater_scheduler', 'robot_version': '1.0.0', 'token_id': 15, 'user_id': 1, 'started_at': datetime.datetime(2026, 3, 16, 14, 13, 10, 786526), 'endpoint': 'robot://portfolio_updater/scheduler'}]]
(Background on this error at: https://sqlalche.me/e/20/cd3x)
2026-03-16 17:13:10.795 | ERROR    | [portfolio_updater:scheduler] Traceback (most recent call last):
  File "C:\Users\Asus\AppData\Local\Programs\Python\Python311\Lib\site-packages\sqlalchemy\engine\base.py", line 1814, in _execute_context
    context = constructor(
              ^^^^^^^^^^^^
  File "C:\Users\Asus\AppData\Local\Programs\Python\Python311\Lib\site-packages\sqlalchemy\engine\default.py", line 1377, in _init_compiled
    self.compiled_parameters = [
                               ^
  File "C:\Users\Asus\AppData\Local\Programs\Python\Python311\Lib\site-packages\sqlalchemy\engine\default.py", line 1378, in <listcomp>
    compiled.construct_params(
  File "C:\Users\Asus\AppData\Local\Programs\Python\Python311\Lib\site-packages\sqlalchemy\sql\compiler.py", line 1906, in construct_params
    raise exc.InvalidRequestError(
sqlalchemy.exc.InvalidRequestError: A value is required for bind parameter 'robot_display_name' (Background on this error at: https://sqlalche.me/e/20/cd3x)

The above exception was the direct cause of the following exception:

Traceback (most recent call last):
  File "C:\Users\Asus\WebstormProject\gin\backend\app\modules\robots\base\base_robot.py", line 78, in run
    log_id = await self._create_db_log(user_id, token_id, started_at)
             ^^^^^^^^^^^^^^^^^^^^^^^^^^^^^^^^^^^^^^^^^^^^^^^^^^^^^^^^
  File "C:\Users\Asus\WebstormProject\gin\backend\app\modules\robots\base\base_robot.py", line 124, in _create_db_log
    result = self.db.execute(
             ^^^^^^^^^^^^^^^^
  File "C:\Users\Asus\AppData\Local\Programs\Python\Python311\Lib\site-packages\sqlalchemy\orm\session.py", line 2308, in execute
    return self._execute_internal(
           ^^^^^^^^^^^^^^^^^^^^^^^
  File "C:\Users\Asus\AppData\Local\Programs\Python\Python311\Lib\site-packages\sqlalchemy\orm\session.py", line 2199, in _execute_internal
    result = conn.execute(
             ^^^^^^^^^^^^^
  File "C:\Users\Asus\AppData\Local\Programs\Python\Python311\Lib\site-packages\sqlalchemy\engine\base.py", line 1416, in execute
    return meth(
           ^^^^^
  File "C:\Users\Asus\AppData\Local\Programs\Python\Python311\Lib\site-packages\sqlalchemy\sql\elements.py", line 516, in _execute_on_connection
    return connection._execute_clauseelement(
           ^^^^^^^^^^^^^^^^^^^^^^^^^^^^^^^^^^
  File "C:\Users\Asus\AppData\Local\Programs\Python\Python311\Lib\site-packages\sqlalchemy\engine\base.py", line 1639, in _execute_clauseelement
    ret = self._execute_context(
          ^^^^^^^^^^^^^^^^^^^^^^
  File "C:\Users\Asus\AppData\Local\Programs\Python\Python311\Lib\site-packages\sqlalchemy\engine\base.py", line 1820, in _execute_context
    self._handle_dbapi_exception(
  File "C:\Users\Asus\AppData\Local\Programs\Python\Python311\Lib\site-packages\sqlalchemy\engine\base.py", line 2343, in _handle_dbapi_exception
    raise sqlalchemy_exception.with_traceback(exc_info[2]) from e
  File "C:\Users\Asus\AppData\Local\Programs\Python\Python311\Lib\site-packages\sqlalchemy\engine\base.py", line 1814, in _execute_context
    context = constructor(
              ^^^^^^^^^^^^
  File "C:\Users\Asus\AppData\Local\Programs\Python\Python311\Lib\site-packages\sqlalchemy\engine\default.py", line 1377, in _init_compiled
    self.compiled_parameters = [
                               ^
  File "C:\Users\Asus\AppData\Local\Programs\Python\Python311\Lib\site-packages\sqlalchemy\engine\default.py", line 1378, in <listcomp>
    compiled.construct_params(
  File "C:\Users\Asus\AppData\Local\Programs\Python\Python311\Lib\site-packages\sqlalchemy\sql\compiler.py", line 1906, in construct_params
    raise exc.InvalidRequestError(
sqlalchemy.exc.StatementError: (sqlalchemy.exc.InvalidRequestError) A value is required for bind parameter 'robot_display_name'
[SQL: 
           INSERT INTO ganaly.robot_logs
           (robot_name, robot_display_name, robot_version, token_id, user_id,
            started_at, endpoint, level, request_data)
           VALUES
               (%(robot_name)s, %(robot_display_name)s, %(robot_version)s, %(token_id)s, %(user_id)s,
                %(started_at)s, %(endpoint)s, %(level)s, %(request_data)s)
               RETURNING id            ]
[parameters: [{'robot_name': 'portfolio_updater_scheduler', 'robot_version': '1.0.0', 'token_id': 15, 'user_id': 1, 'started_at': datetime.datetime(2026, 3, 16, 14, 13, 10, 786526), 'endpoint': 'robot://portfolio_updater/scheduler'}]]
(Background on this error at: https://sqlalche.me/e/20/cd3x)

2026-03-16 17:13:10.803 | ERROR    | [portfolio_updater:scheduler] ❌ Ошибка для токена 15: (sqlalchemy.exc.InvalidRequestError) A value is required for bind parameter 'robot_display_name'
[SQL: 
           INSERT INTO ganaly.robot_logs
           (robot_name, robot_display_name, robot_version, token_id, user_id,
            started_at, endpoint, level, request_data)
           VALUES
               (%(robot_name)s, %(robot_display_name)s, %(robot_version)s, %(token_id)s, %(user_id)s,
                %(started_at)s, %(endpoint)s, %(level)s, %(request_data)s)
               RETURNING id            ]
[parameters: [{'robot_name': 'portfolio_updater_scheduler', 'robot_version': '1.0.0', 'token_id': 15, 'user_id': 1, 'started_at': datetime.datetime(2026, 3, 16, 14, 13, 10, 786526), 'endpoint': 'robot://portfolio_updater/scheduler'}]]
(Background on this error at: https://sqlalche.me/e/20/cd3x)
2026-03-16 17:13:10.803 | INFO     | [portfolio_updater:scheduler] 📊 Итоги: всего=1, обработано=0, пропущено=0, ошибок=1
2026-03-16 17:13:10.803 | INFO     | [SYSTEM:SCHEDULER] ✅ Цикл завершен: {'total': 1, 'processed': 0, 'skipped': 0, 'errors': [{'token_id': 15, 'user_id': 1, 'error': "(sqlalchemy.exc.InvalidRequestError) A value is required for bind parameter 'robot_display_name'\n[SQL: \n           INSERT INTO ganaly.robot_logs\n           (robot_name, robot_display_name, robot_version, token_id, user_id,\n            started_at, endpoint, level, request_data)\n           VALUES\n               (%(robot_name)s, %(robot_display_name)s, %(robot_version)s, %(token_id)s, %(user_id)s,\n                %(started_at)s, %(endpoint)s, %(level)s, %(request_data)s)\n               RETURNING id            ]\n[parameters: [{'robot_name': 'portfolio_updater_scheduler', 'robot_version': '1.0.0', 'token_id': 15, 'user_id': 1, 'started_at': datetime.datetime(2026, 3, 16, 14, 13, 10, 786526), 'endpoint': 'robot://portfolio_updater/scheduler'}]]\n(Background on this error at: https://sqlalche.me/e/20/cd3x)"}]}
2026-03-16 17:14:10.823 | INFO     | [SYSTEM:SCHEDULER] 🔄 Запуск цикла обновления
2026-03-16 17:14:10.843 | INFO     | [portfolio_updater:scheduler] 🔄 Найдено 1 токенов для обработки
2026-03-16 17:14:10.843 | INFO     | [portfolio_updater:scheduler] ▶️ Запуск робота v1.0.0
2026-03-16 17:14:10.843 | INFO     | [portfolio_updater:scheduler]    User ID: 1, Token ID: 15
2026-03-16 17:14:10.853 | ERROR    | [portfolio_updater:scheduler] ❌ Ошибка: (sqlalchemy.exc.InvalidRequestError) A value is required for bind parameter 'robot_display_name'
[SQL: 
           INSERT INTO ganaly.robot_logs
           (robot_name, robot_display_name, robot_version, token_id, user_id,
            started_at, endpoint, level, request_data)
           VALUES
               (%(robot_name)s, %(robot_display_name)s, %(robot_version)s, %(token_id)s, %(user_id)s,
                %(started_at)s, %(endpoint)s, %(level)s, %(request_data)s)
               RETURNING id            ]
[parameters: [{'robot_name': 'portfolio_updater_scheduler', 'robot_version': '1.0.0', 'token_id': 15, 'user_id': 1, 'started_at': datetime.datetime(2026, 3, 16, 14, 14, 10, 843145), 'endpoint': 'robot://portfolio_updater/scheduler'}]]
(Background on this error at: https://sqlalche.me/e/20/cd3x)
2026-03-16 17:14:10.855 | ERROR    | [portfolio_updater:scheduler] Traceback (most recent call last):
  File "C:\Users\Asus\AppData\Local\Programs\Python\Python311\Lib\site-packages\sqlalchemy\engine\base.py", line 1814, in _execute_context
    context = constructor(
              ^^^^^^^^^^^^
  File "C:\Users\Asus\AppData\Local\Programs\Python\Python311\Lib\site-packages\sqlalchemy\engine\default.py", line 1377, in _init_compiled
    self.compiled_parameters = [
                               ^
  File "C:\Users\Asus\AppData\Local\Programs\Python\Python311\Lib\site-packages\sqlalchemy\engine\default.py", line 1378, in <listcomp>
    compiled.construct_params(
  File "C:\Users\Asus\AppData\Local\Programs\Python\Python311\Lib\site-packages\sqlalchemy\sql\compiler.py", line 1906, in construct_params
    raise exc.InvalidRequestError(
sqlalchemy.exc.InvalidRequestError: A value is required for bind parameter 'robot_display_name' (Background on this error at: https://sqlalche.me/e/20/cd3x)

The above exception was the direct cause of the following exception:

Traceback (most recent call last):
  File "C:\Users\Asus\WebstormProject\gin\backend\app\modules\robots\base\base_robot.py", line 78, in run
    log_id = await self._create_db_log(user_id, token_id, started_at)
             ^^^^^^^^^^^^^^^^^^^^^^^^^^^^^^^^^^^^^^^^^^^^^^^^^^^^^^^^
  File "C:\Users\Asus\WebstormProject\gin\backend\app\modules\robots\base\base_robot.py", line 124, in _create_db_log
    result = self.db.execute(
             ^^^^^^^^^^^^^^^^
  File "C:\Users\Asus\AppData\Local\Programs\Python\Python311\Lib\site-packages\sqlalchemy\orm\session.py", line 2308, in execute
    return self._execute_internal(
           ^^^^^^^^^^^^^^^^^^^^^^^
  File "C:\Users\Asus\AppData\Local\Programs\Python\Python311\Lib\site-packages\sqlalchemy\orm\session.py", line 2199, in _execute_internal
    result = conn.execute(
             ^^^^^^^^^^^^^
  File "C:\Users\Asus\AppData\Local\Programs\Python\Python311\Lib\site-packages\sqlalchemy\engine\base.py", line 1416, in execute
    return meth(
           ^^^^^
  File "C:\Users\Asus\AppData\Local\Programs\Python\Python311\Lib\site-packages\sqlalchemy\sql\elements.py", line 516, in _execute_on_connection
    return connection._execute_clauseelement(
           ^^^^^^^^^^^^^^^^^^^^^^^^^^^^^^^^^^
  File "C:\Users\Asus\AppData\Local\Programs\Python\Python311\Lib\site-packages\sqlalchemy\engine\base.py", line 1639, in _execute_clauseelement
    ret = self._execute_context(
          ^^^^^^^^^^^^^^^^^^^^^^
  File "C:\Users\Asus\AppData\Local\Programs\Python\Python311\Lib\site-packages\sqlalchemy\engine\base.py", line 1820, in _execute_context
    self._handle_dbapi_exception(
  File "C:\Users\Asus\AppData\Local\Programs\Python\Python311\Lib\site-packages\sqlalchemy\engine\base.py", line 2343, in _handle_dbapi_exception
    raise sqlalchemy_exception.with_traceback(exc_info[2]) from e
  File "C:\Users\Asus\AppData\Local\Programs\Python\Python311\Lib\site-packages\sqlalchemy\engine\base.py", line 1814, in _execute_context
    context = constructor(
              ^^^^^^^^^^^^
  File "C:\Users\Asus\AppData\Local\Programs\Python\Python311\Lib\site-packages\sqlalchemy\engine\default.py", line 1377, in _init_compiled
    self.compiled_parameters = [
                               ^
  File "C:\Users\Asus\AppData\Local\Programs\Python\Python311\Lib\site-packages\sqlalchemy\engine\default.py", line 1378, in <listcomp>
    compiled.construct_params(
  File "C:\Users\Asus\AppData\Local\Programs\Python\Python311\Lib\site-packages\sqlalchemy\sql\compiler.py", line 1906, in construct_params
    raise exc.InvalidRequestError(
sqlalchemy.exc.StatementError: (sqlalchemy.exc.InvalidRequestError) A value is required for bind parameter 'robot_display_name'
[SQL: 
           INSERT INTO ganaly.robot_logs
           (robot_name, robot_display_name, robot_version, token_id, user_id,
            started_at, endpoint, level, request_data)
           VALUES
               (%(robot_name)s, %(robot_display_name)s, %(robot_version)s, %(token_id)s, %(user_id)s,
                %(started_at)s, %(endpoint)s, %(level)s, %(request_data)s)
               RETURNING id            ]
[parameters: [{'robot_name': 'portfolio_updater_scheduler', 'robot_version': '1.0.0', 'token_id': 15, 'user_id': 1, 'started_at': datetime.datetime(2026, 3, 16, 14, 14, 10, 843145), 'endpoint': 'robot://portfolio_updater/scheduler'}]]
(Background on this error at: https://sqlalche.me/e/20/cd3x)

2026-03-16 17:14:10.857 | ERROR    | [portfolio_updater:scheduler] ❌ Ошибка для токена 15: (sqlalchemy.exc.InvalidRequestError) A value is required for bind parameter 'robot_display_name'
[SQL: 
           INSERT INTO ganaly.robot_logs
           (robot_name, robot_display_name, robot_version, token_id, user_id,
            started_at, endpoint, level, request_data)
           VALUES
               (%(robot_name)s, %(robot_display_name)s, %(robot_version)s, %(token_id)s, %(user_id)s,
                %(started_at)s, %(endpoint)s, %(level)s, %(request_data)s)
               RETURNING id            ]
[parameters: [{'robot_name': 'portfolio_updater_scheduler', 'robot_version': '1.0.0', 'token_id': 15, 'user_id': 1, 'started_at': datetime.datetime(2026, 3, 16, 14, 14, 10, 843145), 'endpoint': 'robot://portfolio_updater/scheduler'}]]
(Background on this error at: https://sqlalche.me/e/20/cd3x)
2026-03-16 17:14:10.857 | INFO     | [portfolio_updater:scheduler] 📊 Итоги: всего=1, обработано=0, пропущено=0, ошибок=1
2026-03-16 17:14:10.857 | INFO     | [SYSTEM:SCHEDULER] ✅ Цикл завершен: {'total': 1, 'processed': 0, 'skipped': 0, 'errors': [{'token_id': 15, 'user_id': 1, 'error': "(sqlalchemy.exc.InvalidRequestError) A value is required for bind parameter 'robot_display_name'\n[SQL: \n           INSERT INTO ganaly.robot_logs\n           (robot_name, robot_display_name, robot_version, token_id, user_id,\n            started_at, endpoint, level, request_data)\n           VALUES\n               (%(robot_name)s, %(robot_display_name)s, %(robot_version)s, %(token_id)s, %(user_id)s,\n                %(started_at)s, %(endpoint)s, %(level)s, %(request_data)s)\n               RETURNING id            ]\n[parameters: [{'robot_name': 'portfolio_updater_scheduler', 'robot_version': '1.0.0', 'token_id': 15, 'user_id': 1, 'started_at': datetime.datetime(2026, 3, 16, 14, 14, 10, 843145), 'endpoint': 'robot://portfolio_updater/scheduler'}]]\n(Background on this error at: https://sqlalche.me/e/20/cd3x)"}]}
2026-03-16 17:15:10.860 | INFO     | [SYSTEM:SCHEDULER] 🔄 Запуск цикла обновления
2026-03-16 17:15:10.924 | INFO     | [portfolio_updater:scheduler] 🔄 Найдено 1 токенов для обработки
2026-03-16 17:15:10.924 | INFO     | [portfolio_updater:scheduler] ▶️ Запуск робота v1.0.0
2026-03-16 17:15:10.924 | INFO     | [portfolio_updater:scheduler]    User ID: 1, Token ID: 15
2026-03-16 17:15:10.926 | ERROR    | [portfolio_updater:scheduler] ❌ Ошибка: (sqlalchemy.exc.InvalidRequestError) A value is required for bind parameter 'robot_display_name'
[SQL: 
           INSERT INTO ganaly.robot_logs
           (robot_name, robot_display_name, robot_version, token_id, user_id,
            started_at, endpoint, level, request_data)
           VALUES
               (%(robot_name)s, %(robot_display_name)s, %(robot_version)s, %(token_id)s, %(user_id)s,
                %(started_at)s, %(endpoint)s, %(level)s, %(request_data)s)
               RETURNING id            ]
[parameters: [{'robot_name': 'portfolio_updater_scheduler', 'robot_version': '1.0.0', 'token_id': 15, 'user_id': 1, 'started_at': datetime.datetime(2026, 3, 16, 14, 15, 10, 924259), 'endpoint': 'robot://portfolio_updater/scheduler'}]]
(Background on this error at: https://sqlalche.me/e/20/cd3x)
2026-03-16 17:15:10.926 | ERROR    | [portfolio_updater:scheduler] Traceback (most recent call last):
  File "C:\Users\Asus\AppData\Local\Programs\Python\Python311\Lib\site-packages\sqlalchemy\engine\base.py", line 1814, in _execute_context
    context = constructor(
              ^^^^^^^^^^^^
  File "C:\Users\Asus\AppData\Local\Programs\Python\Python311\Lib\site-packages\sqlalchemy\engine\default.py", line 1377, in _init_compiled
    self.compiled_parameters = [
                               ^
  File "C:\Users\Asus\AppData\Local\Programs\Python\Python311\Lib\site-packages\sqlalchemy\engine\default.py", line 1378, in <listcomp>
    compiled.construct_params(
  File "C:\Users\Asus\AppData\Local\Programs\Python\Python311\Lib\site-packages\sqlalchemy\sql\compiler.py", line 1906, in construct_params
    raise exc.InvalidRequestError(
sqlalchemy.exc.InvalidRequestError: A value is required for bind parameter 'robot_display_name' (Background on this error at: https://sqlalche.me/e/20/cd3x)

The above exception was the direct cause of the following exception:

Traceback (most recent call last):
  File "C:\Users\Asus\WebstormProject\gin\backend\app\modules\robots\base\base_robot.py", line 78, in run
    log_id = await self._create_db_log(user_id, token_id, started_at)
             ^^^^^^^^^^^^^^^^^^^^^^^^^^^^^^^^^^^^^^^^^^^^^^^^^^^^^^^^
  File "C:\Users\Asus\WebstormProject\gin\backend\app\modules\robots\base\base_robot.py", line 124, in _create_db_log
    result = self.db.execute(
             ^^^^^^^^^^^^^^^^
  File "C:\Users\Asus\AppData\Local\Programs\Python\Python311\Lib\site-packages\sqlalchemy\orm\session.py", line 2308, in execute
    return self._execute_internal(
           ^^^^^^^^^^^^^^^^^^^^^^^
  File "C:\Users\Asus\AppData\Local\Programs\Python\Python311\Lib\site-packages\sqlalchemy\orm\session.py", line 2199, in _execute_internal
    result = conn.execute(
             ^^^^^^^^^^^^^
  File "C:\Users\Asus\AppData\Local\Programs\Python\Python311\Lib\site-packages\sqlalchemy\engine\base.py", line 1416, in execute
    return meth(
           ^^^^^
  File "C:\Users\Asus\AppData\Local\Programs\Python\Python311\Lib\site-packages\sqlalchemy\sql\elements.py", line 516, in _execute_on_connection
    return connection._execute_clauseelement(
           ^^^^^^^^^^^^^^^^^^^^^^^^^^^^^^^^^^
  File "C:\Users\Asus\AppData\Local\Programs\Python\Python311\Lib\site-packages\sqlalchemy\engine\base.py", line 1639, in _execute_clauseelement
    ret = self._execute_context(
          ^^^^^^^^^^^^^^^^^^^^^^
  File "C:\Users\Asus\AppData\Local\Programs\Python\Python311\Lib\site-packages\sqlalchemy\engine\base.py", line 1820, in _execute_context
    self._handle_dbapi_exception(
  File "C:\Users\Asus\AppData\Local\Programs\Python\Python311\Lib\site-packages\sqlalchemy\engine\base.py", line 2343, in _handle_dbapi_exception
    raise sqlalchemy_exception.with_traceback(exc_info[2]) from e
  File "C:\Users\Asus\AppData\Local\Programs\Python\Python311\Lib\site-packages\sqlalchemy\engine\base.py", line 1814, in _execute_context
    context = constructor(
              ^^^^^^^^^^^^
  File "C:\Users\Asus\AppData\Local\Programs\Python\Python311\Lib\site-packages\sqlalchemy\engine\default.py", line 1377, in _init_compiled
    self.compiled_parameters = [
                               ^
  File "C:\Users\Asus\AppData\Local\Programs\Python\Python311\Lib\site-packages\sqlalchemy\engine\default.py", line 1378, in <listcomp>
    compiled.construct_params(
  File "C:\Users\Asus\AppData\Local\Programs\Python\Python311\Lib\site-packages\sqlalchemy\sql\compiler.py", line 1906, in construct_params
    raise exc.InvalidRequestError(
sqlalchemy.exc.StatementError: (sqlalchemy.exc.InvalidRequestError) A value is required for bind parameter 'robot_display_name'
[SQL: 
           INSERT INTO ganaly.robot_logs
           (robot_name, robot_display_name, robot_version, token_id, user_id,
            started_at, endpoint, level, request_data)
           VALUES
               (%(robot_name)s, %(robot_display_name)s, %(robot_version)s, %(token_id)s, %(user_id)s,
                %(started_at)s, %(endpoint)s, %(level)s, %(request_data)s)
               RETURNING id            ]
[parameters: [{'robot_name': 'portfolio_updater_scheduler', 'robot_version': '1.0.0', 'token_id': 15, 'user_id': 1, 'started_at': datetime.datetime(2026, 3, 16, 14, 15, 10, 924259), 'endpoint': 'robot://portfolio_updater/scheduler'}]]
(Background on this error at: https://sqlalche.me/e/20/cd3x)

2026-03-16 17:15:10.926 | ERROR    | [portfolio_updater:scheduler] ❌ Ошибка для токена 15: (sqlalchemy.exc.InvalidRequestError) A value is required for bind parameter 'robot_display_name'
[SQL: 
           INSERT INTO ganaly.robot_logs
           (robot_name, robot_display_name, robot_version, token_id, user_id,
            started_at, endpoint, level, request_data)
           VALUES
               (%(robot_name)s, %(robot_display_name)s, %(robot_version)s, %(token_id)s, %(user_id)s,
                %(started_at)s, %(endpoint)s, %(level)s, %(request_data)s)
               RETURNING id            ]
[parameters: [{'robot_name': 'portfolio_updater_scheduler', 'robot_version': '1.0.0', 'token_id': 15, 'user_id': 1, 'started_at': datetime.datetime(2026, 3, 16, 14, 15, 10, 924259), 'endpoint': 'robot://portfolio_updater/scheduler'}]]
(Background on this error at: https://sqlalche.me/e/20/cd3x)
2026-03-16 17:15:10.926 | INFO     | [portfolio_updater:scheduler] 📊 Итоги: всего=1, обработано=0, пропущено=0, ошибок=1
2026-03-16 17:15:10.926 | INFO     | [SYSTEM:SCHEDULER] ✅ Цикл завершен: {'total': 1, 'processed': 0, 'skipped': 0, 'errors': [{'token_id': 15, 'user_id': 1, 'error': "(sqlalchemy.exc.InvalidRequestError) A value is required for bind parameter 'robot_display_name'\n[SQL: \n           INSERT INTO ganaly.robot_logs\n           (robot_name, robot_display_name, robot_version, token_id, user_id,\n            started_at, endpoint, level, request_data)\n           VALUES\n               (%(robot_name)s, %(robot_display_name)s, %(robot_version)s, %(token_id)s, %(user_id)s,\n                %(started_at)s, %(endpoint)s, %(level)s, %(request_data)s)\n               RETURNING id            ]\n[parameters: [{'robot_name': 'portfolio_updater_scheduler', 'robot_version': '1.0.0', 'token_id': 15, 'user_id': 1, 'started_at': datetime.datetime(2026, 3, 16, 14, 15, 10, 924259), 'endpoint': 'robot://portfolio_updater/scheduler'}]]\n(Background on this error at: https://sqlalche.me/e/20/cd3x)"}]}
2026-03-16 17:16:10.937 | INFO     | [SYSTEM:SCHEDULER] 🔄 Запуск цикла обновления
2026-03-16 17:16:10.944 | INFO     | [portfolio_updater:scheduler] 🔄 Найдено 1 токенов для обработки
2026-03-16 17:16:10.944 | INFO     | [portfolio_updater:scheduler] ▶️ Запуск робота v1.0.0
2026-03-16 17:16:10.944 | INFO     | [portfolio_updater:scheduler]    User ID: 1, Token ID: 15
2026-03-16 17:16:10.954 | ERROR    | [portfolio_updater:scheduler] ❌ Ошибка: (sqlalchemy.exc.InvalidRequestError) A value is required for bind parameter 'robot_display_name'
[SQL: 
           INSERT INTO ganaly.robot_logs
           (robot_name, robot_display_name, robot_version, token_id, user_id,
            started_at, endpoint, level, request_data)
           VALUES
               (%(robot_name)s, %(robot_display_name)s, %(robot_version)s, %(token_id)s, %(user_id)s,
                %(started_at)s, %(endpoint)s, %(level)s, %(request_data)s)
               RETURNING id            ]
[parameters: [{'robot_name': 'portfolio_updater_scheduler', 'robot_version': '1.0.0', 'token_id': 15, 'user_id': 1, 'started_at': datetime.datetime(2026, 3, 16, 14, 16, 10, 944015), 'endpoint': 'robot://portfolio_updater/scheduler'}]]
(Background on this error at: https://sqlalche.me/e/20/cd3x)
2026-03-16 17:16:10.957 | ERROR    | [portfolio_updater:scheduler] Traceback (most recent call last):
  File "C:\Users\Asus\AppData\Local\Programs\Python\Python311\Lib\site-packages\sqlalchemy\engine\base.py", line 1814, in _execute_context
    context = constructor(
              ^^^^^^^^^^^^
  File "C:\Users\Asus\AppData\Local\Programs\Python\Python311\Lib\site-packages\sqlalchemy\engine\default.py", line 1377, in _init_compiled
    self.compiled_parameters = [
                               ^
  File "C:\Users\Asus\AppData\Local\Programs\Python\Python311\Lib\site-packages\sqlalchemy\engine\default.py", line 1378, in <listcomp>
    compiled.construct_params(
  File "C:\Users\Asus\AppData\Local\Programs\Python\Python311\Lib\site-packages\sqlalchemy\sql\compiler.py", line 1906, in construct_params
    raise exc.InvalidRequestError(
sqlalchemy.exc.InvalidRequestError: A value is required for bind parameter 'robot_display_name' (Background on this error at: https://sqlalche.me/e/20/cd3x)

The above exception was the direct cause of the following exception:

Traceback (most recent call last):
  File "C:\Users\Asus\WebstormProject\gin\backend\app\modules\robots\base\base_robot.py", line 78, in run
    log_id = await self._create_db_log(user_id, token_id, started_at)
             ^^^^^^^^^^^^^^^^^^^^^^^^^^^^^^^^^^^^^^^^^^^^^^^^^^^^^^^^
  File "C:\Users\Asus\WebstormProject\gin\backend\app\modules\robots\base\base_robot.py", line 124, in _create_db_log
    result = self.db.execute(
             ^^^^^^^^^^^^^^^^
  File "C:\Users\Asus\AppData\Local\Programs\Python\Python311\Lib\site-packages\sqlalchemy\orm\session.py", line 2308, in execute
    return self._execute_internal(
           ^^^^^^^^^^^^^^^^^^^^^^^
  File "C:\Users\Asus\AppData\Local\Programs\Python\Python311\Lib\site-packages\sqlalchemy\orm\session.py", line 2199, in _execute_internal
    result = conn.execute(
             ^^^^^^^^^^^^^
  File "C:\Users\Asus\AppData\Local\Programs\Python\Python311\Lib\site-packages\sqlalchemy\engine\base.py", line 1416, in execute
    return meth(
           ^^^^^
  File "C:\Users\Asus\AppData\Local\Programs\Python\Python311\Lib\site-packages\sqlalchemy\sql\elements.py", line 516, in _execute_on_connection
    return connection._execute_clauseelement(
           ^^^^^^^^^^^^^^^^^^^^^^^^^^^^^^^^^^
  File "C:\Users\Asus\AppData\Local\Programs\Python\Python311\Lib\site-packages\sqlalchemy\engine\base.py", line 1639, in _execute_clauseelement
    ret = self._execute_context(
          ^^^^^^^^^^^^^^^^^^^^^^
  File "C:\Users\Asus\AppData\Local\Programs\Python\Python311\Lib\site-packages\sqlalchemy\engine\base.py", line 1820, in _execute_context
    self._handle_dbapi_exception(
  File "C:\Users\Asus\AppData\Local\Programs\Python\Python311\Lib\site-packages\sqlalchemy\engine\base.py", line 2343, in _handle_dbapi_exception
    raise sqlalchemy_exception.with_traceback(exc_info[2]) from e
  File "C:\Users\Asus\AppData\Local\Programs\Python\Python311\Lib\site-packages\sqlalchemy\engine\base.py", line 1814, in _execute_context
    context = constructor(
              ^^^^^^^^^^^^
  File "C:\Users\Asus\AppData\Local\Programs\Python\Python311\Lib\site-packages\sqlalchemy\engine\default.py", line 1377, in _init_compiled
    self.compiled_parameters = [
                               ^
  File "C:\Users\Asus\AppData\Local\Programs\Python\Python311\Lib\site-packages\sqlalchemy\engine\default.py", line 1378, in <listcomp>
    compiled.construct_params(
  File "C:\Users\Asus\AppData\Local\Programs\Python\Python311\Lib\site-packages\sqlalchemy\sql\compiler.py", line 1906, in construct_params
    raise exc.InvalidRequestError(
sqlalchemy.exc.StatementError: (sqlalchemy.exc.InvalidRequestError) A value is required for bind parameter 'robot_display_name'
[SQL: 
           INSERT INTO ganaly.robot_logs
           (robot_name, robot_display_name, robot_version, token_id, user_id,
            started_at, endpoint, level, request_data)
           VALUES
               (%(robot_name)s, %(robot_display_name)s, %(robot_version)s, %(token_id)s, %(user_id)s,
                %(started_at)s, %(endpoint)s, %(level)s, %(request_data)s)
               RETURNING id            ]
[parameters: [{'robot_name': 'portfolio_updater_scheduler', 'robot_version': '1.0.0', 'token_id': 15, 'user_id': 1, 'started_at': datetime.datetime(2026, 3, 16, 14, 16, 10, 944015), 'endpoint': 'robot://portfolio_updater/scheduler'}]]
(Background on this error at: https://sqlalche.me/e/20/cd3x)

2026-03-16 17:16:10.957 | ERROR    | [portfolio_updater:scheduler] ❌ Ошибка для токена 15: (sqlalchemy.exc.InvalidRequestError) A value is required for bind parameter 'robot_display_name'
[SQL: 
           INSERT INTO ganaly.robot_logs
           (robot_name, robot_display_name, robot_version, token_id, user_id,
            started_at, endpoint, level, request_data)
           VALUES
               (%(robot_name)s, %(robot_display_name)s, %(robot_version)s, %(token_id)s, %(user_id)s,
                %(started_at)s, %(endpoint)s, %(level)s, %(request_data)s)
               RETURNING id            ]
[parameters: [{'robot_name': 'portfolio_updater_scheduler', 'robot_version': '1.0.0', 'token_id': 15, 'user_id': 1, 'started_at': datetime.datetime(2026, 3, 16, 14, 16, 10, 944015), 'endpoint': 'robot://portfolio_updater/scheduler'}]]
(Background on this error at: https://sqlalche.me/e/20/cd3x)
2026-03-16 17:16:10.957 | INFO     | [portfolio_updater:scheduler] 📊 Итоги: всего=1, обработано=0, пропущено=0, ошибок=1
2026-03-16 17:16:10.957 | INFO     | [SYSTEM:SCHEDULER] ✅ Цикл завершен: {'total': 1, 'processed': 0, 'skipped': 0, 'errors': [{'token_id': 15, 'user_id': 1, 'error': "(sqlalchemy.exc.InvalidRequestError) A value is required for bind parameter 'robot_display_name'\n[SQL: \n           INSERT INTO ganaly.robot_logs\n           (robot_name, robot_display_name, robot_version, token_id, user_id,\n            started_at, endpoint, level, request_data)\n           VALUES\n               (%(robot_name)s, %(robot_display_name)s, %(robot_version)s, %(token_id)s, %(user_id)s,\n                %(started_at)s, %(endpoint)s, %(level)s, %(request_data)s)\n               RETURNING id            ]\n[parameters: [{'robot_name': 'portfolio_updater_scheduler', 'robot_version': '1.0.0', 'token_id': 15, 'user_id': 1, 'started_at': datetime.datetime(2026, 3, 16, 14, 16, 10, 944015), 'endpoint': 'robot://portfolio_updater/scheduler'}]]\n(Background on this error at: https://sqlalche.me/e/20/cd3x)"}]}
2026-03-16 17:17:10.951 | INFO     | [SYSTEM:SCHEDULER] 🔄 Запуск цикла обновления
2026-03-16 17:17:10.970 | INFO     | [portfolio_updater:scheduler] 🔄 Найдено 1 токенов для обработки
2026-03-16 17:17:10.970 | INFO     | [portfolio_updater:scheduler] ▶️ Запуск робота v1.0.0
2026-03-16 17:17:10.970 | INFO     | [portfolio_updater:scheduler]    User ID: 1, Token ID: 15
2026-03-16 17:17:10.975 | ERROR    | [portfolio_updater:scheduler] ❌ Ошибка: (sqlalchemy.exc.InvalidRequestError) A value is required for bind parameter 'robot_display_name'
[SQL: 
           INSERT INTO ganaly.robot_logs
           (robot_name, robot_display_name, robot_version, token_id, user_id,
            started_at, endpoint, level, request_data)
           VALUES
               (%(robot_name)s, %(robot_display_name)s, %(robot_version)s, %(token_id)s, %(user_id)s,
                %(started_at)s, %(endpoint)s, %(level)s, %(request_data)s)
               RETURNING id            ]
[parameters: [{'robot_name': 'portfolio_updater_scheduler', 'robot_version': '1.0.0', 'token_id': 15, 'user_id': 1, 'started_at': datetime.datetime(2026, 3, 16, 14, 17, 10, 970559), 'endpoint': 'robot://portfolio_updater/scheduler'}]]
(Background on this error at: https://sqlalche.me/e/20/cd3x)
2026-03-16 17:17:10.977 | ERROR    | [portfolio_updater:scheduler] Traceback (most recent call last):
  File "C:\Users\Asus\AppData\Local\Programs\Python\Python311\Lib\site-packages\sqlalchemy\engine\base.py", line 1814, in _execute_context
    context = constructor(
              ^^^^^^^^^^^^
  File "C:\Users\Asus\AppData\Local\Programs\Python\Python311\Lib\site-packages\sqlalchemy\engine\default.py", line 1377, in _init_compiled
    self.compiled_parameters = [
                               ^
  File "C:\Users\Asus\AppData\Local\Programs\Python\Python311\Lib\site-packages\sqlalchemy\engine\default.py", line 1378, in <listcomp>
    compiled.construct_params(
  File "C:\Users\Asus\AppData\Local\Programs\Python\Python311\Lib\site-packages\sqlalchemy\sql\compiler.py", line 1906, in construct_params
    raise exc.InvalidRequestError(
sqlalchemy.exc.InvalidRequestError: A value is required for bind parameter 'robot_display_name' (Background on this error at: https://sqlalche.me/e/20/cd3x)

The above exception was the direct cause of the following exception:

Traceback (most recent call last):
  File "C:\Users\Asus\WebstormProject\gin\backend\app\modules\robots\base\base_robot.py", line 78, in run
    log_id = await self._create_db_log(user_id, token_id, started_at)
             ^^^^^^^^^^^^^^^^^^^^^^^^^^^^^^^^^^^^^^^^^^^^^^^^^^^^^^^^
  File "C:\Users\Asus\WebstormProject\gin\backend\app\modules\robots\base\base_robot.py", line 124, in _create_db_log
    result = self.db.execute(
             ^^^^^^^^^^^^^^^^
  File "C:\Users\Asus\AppData\Local\Programs\Python\Python311\Lib\site-packages\sqlalchemy\orm\session.py", line 2308, in execute
    return self._execute_internal(
           ^^^^^^^^^^^^^^^^^^^^^^^
  File "C:\Users\Asus\AppData\Local\Programs\Python\Python311\Lib\site-packages\sqlalchemy\orm\session.py", line 2199, in _execute_internal
    result = conn.execute(
             ^^^^^^^^^^^^^
  File "C:\Users\Asus\AppData\Local\Programs\Python\Python311\Lib\site-packages\sqlalchemy\engine\base.py", line 1416, in execute
    return meth(
           ^^^^^
  File "C:\Users\Asus\AppData\Local\Programs\Python\Python311\Lib\site-packages\sqlalchemy\sql\elements.py", line 516, in _execute_on_connection
    return connection._execute_clauseelement(
           ^^^^^^^^^^^^^^^^^^^^^^^^^^^^^^^^^^
  File "C:\Users\Asus\AppData\Local\Programs\Python\Python311\Lib\site-packages\sqlalchemy\engine\base.py", line 1639, in _execute_clauseelement
    ret = self._execute_context(
          ^^^^^^^^^^^^^^^^^^^^^^
  File "C:\Users\Asus\AppData\Local\Programs\Python\Python311\Lib\site-packages\sqlalchemy\engine\base.py", line 1820, in _execute_context
    self._handle_dbapi_exception(
  File "C:\Users\Asus\AppData\Local\Programs\Python\Python311\Lib\site-packages\sqlalchemy\engine\base.py", line 2343, in _handle_dbapi_exception
    raise sqlalchemy_exception.with_traceback(exc_info[2]) from e
  File "C:\Users\Asus\AppData\Local\Programs\Python\Python311\Lib\site-packages\sqlalchemy\engine\base.py", line 1814, in _execute_context
    context = constructor(
              ^^^^^^^^^^^^
  File "C:\Users\Asus\AppData\Local\Programs\Python\Python311\Lib\site-packages\sqlalchemy\engine\default.py", line 1377, in _init_compiled
    self.compiled_parameters = [
                               ^
  File "C:\Users\Asus\AppData\Local\Programs\Python\Python311\Lib\site-packages\sqlalchemy\engine\default.py", line 1378, in <listcomp>
    compiled.construct_params(
  File "C:\Users\Asus\AppData\Local\Programs\Python\Python311\Lib\site-packages\sqlalchemy\sql\compiler.py", line 1906, in construct_params
    raise exc.InvalidRequestError(
sqlalchemy.exc.StatementError: (sqlalchemy.exc.InvalidRequestError) A value is required for bind parameter 'robot_display_name'
[SQL: 
           INSERT INTO ganaly.robot_logs
           (robot_name, robot_display_name, robot_version, token_id, user_id,
            started_at, endpoint, level, request_data)
           VALUES
               (%(robot_name)s, %(robot_display_name)s, %(robot_version)s, %(token_id)s, %(user_id)s,
                %(started_at)s, %(endpoint)s, %(level)s, %(request_data)s)
               RETURNING id            ]
[parameters: [{'robot_name': 'portfolio_updater_scheduler', 'robot_version': '1.0.0', 'token_id': 15, 'user_id': 1, 'started_at': datetime.datetime(2026, 3, 16, 14, 17, 10, 970559), 'endpoint': 'robot://portfolio_updater/scheduler'}]]
(Background on this error at: https://sqlalche.me/e/20/cd3x)

2026-03-16 17:17:10.977 | ERROR    | [portfolio_updater:scheduler] ❌ Ошибка для токена 15: (sqlalchemy.exc.InvalidRequestError) A value is required for bind parameter 'robot_display_name'
[SQL: 
           INSERT INTO ganaly.robot_logs
           (robot_name, robot_display_name, robot_version, token_id, user_id,
            started_at, endpoint, level, request_data)
           VALUES
               (%(robot_name)s, %(robot_display_name)s, %(robot_version)s, %(token_id)s, %(user_id)s,
                %(started_at)s, %(endpoint)s, %(level)s, %(request_data)s)
               RETURNING id            ]
[parameters: [{'robot_name': 'portfolio_updater_scheduler', 'robot_version': '1.0.0', 'token_id': 15, 'user_id': 1, 'started_at': datetime.datetime(2026, 3, 16, 14, 17, 10, 970559), 'endpoint': 'robot://portfolio_updater/scheduler'}]]
(Background on this error at: https://sqlalche.me/e/20/cd3x)
2026-03-16 17:17:10.977 | INFO     | [portfolio_updater:scheduler] 📊 Итоги: всего=1, обработано=0, пропущено=0, ошибок=1
2026-03-16 17:17:10.977 | INFO     | [SYSTEM:SCHEDULER] ✅ Цикл завершен: {'total': 1, 'processed': 0, 'skipped': 0, 'errors': [{'token_id': 15, 'user_id': 1, 'error': "(sqlalchemy.exc.InvalidRequestError) A value is required for bind parameter 'robot_display_name'\n[SQL: \n           INSERT INTO ganaly.robot_logs\n           (robot_name, robot_display_name, robot_version, token_id, user_id,\n            started_at, endpoint, level, request_data)\n           VALUES\n               (%(robot_name)s, %(robot_display_name)s, %(robot_version)s, %(token_id)s, %(user_id)s,\n                %(started_at)s, %(endpoint)s, %(level)s, %(request_data)s)\n               RETURNING id            ]\n[parameters: [{'robot_name': 'portfolio_updater_scheduler', 'robot_version': '1.0.0', 'token_id': 15, 'user_id': 1, 'started_at': datetime.datetime(2026, 3, 16, 14, 17, 10, 970559), 'endpoint': 'robot://portfolio_updater/scheduler'}]]\n(Background on this error at: https://sqlalche.me/e/20/cd3x)"}]}
2026-03-16 17:18:04.213 | INFO     | [SYSTEM:MAIN] 🛑 Приложение остановлено
2026-03-16 17:18:04.214 | INFO     | [SYSTEM:SCHEDULER] 🛑 Планировщик остановлен
2026-03-16 17:18:05.580 | INFO     | [SYSTEM:BOOT] ====================================================================================================
2026-03-16 17:18:05.580 | INFO     | [SYSTEM:BOOT] НОВЫЙ ПЕРИОД ЛОГИРОВАНИЯ: 2026-03-16 17:18:05
2026-03-16 17:18:05.580 | INFO     | [SYSTEM:BOOT] ====================================================================================================
2026-03-16 17:18:06.105 | INFO     | [SYSTEM:MAIN] 🚀 Приложение запущено
2026-03-16 17:18:06.105 | INFO     | [SYSTEM:SCHEDULER] 🚀 Запуск главного планировщика
2026-03-16 17:18:06.105 | INFO     | [SYSTEM:SCHEDULER] 🔄 Запуск цикла обновления
2026-03-16 17:18:06.202 | INFO     | [portfolio_updater:scheduler] 🔄 Найдено 1 токенов для обработки
2026-03-16 17:18:06.202 | INFO     | [portfolio_updater:scheduler] ▶️ Запуск робота v1.0.0
2026-03-16 17:18:06.202 | INFO     | [portfolio_updater:scheduler]    User ID: 1, Token ID: 15
2026-03-16 17:18:06.242 | ERROR    | [portfolio_updater:scheduler] ❌ Ошибка: (sqlalchemy.exc.InvalidRequestError) A value is required for bind parameter 'robot_display_name'
[SQL: 
           INSERT INTO ganaly.robot_logs
           (robot_name, robot_display_name, robot_version, token_id, user_id,
            started_at, endpoint, level, request_data)
           VALUES
               (%(robot_name)s, %(robot_display_name)s, %(robot_version)s, %(token_id)s, %(user_id)s,
                %(started_at)s, %(endpoint)s, %(level)s, %(request_data)s)
               RETURNING id            ]
[parameters: [{'robot_name': 'portfolio_updater_scheduler', 'robot_version': '1.0.0', 'token_id': 15, 'user_id': 1, 'started_at': datetime.datetime(2026, 3, 16, 14, 18, 6, 202956), 'endpoint': 'robot://portfolio_updater/scheduler'}]]
(Background on this error at: https://sqlalche.me/e/20/cd3x)
2026-03-16 17:18:06.242 | ERROR    | [portfolio_updater:scheduler] Traceback (most recent call last):
  File "C:\Users\Asus\AppData\Local\Programs\Python\Python311\Lib\site-packages\sqlalchemy\engine\base.py", line 1814, in _execute_context
    context = constructor(
              ^^^^^^^^^^^^
  File "C:\Users\Asus\AppData\Local\Programs\Python\Python311\Lib\site-packages\sqlalchemy\engine\default.py", line 1377, in _init_compiled
    self.compiled_parameters = [
                               ^
  File "C:\Users\Asus\AppData\Local\Programs\Python\Python311\Lib\site-packages\sqlalchemy\engine\default.py", line 1378, in <listcomp>
    compiled.construct_params(
  File "C:\Users\Asus\AppData\Local\Programs\Python\Python311\Lib\site-packages\sqlalchemy\sql\compiler.py", line 1906, in construct_params
    raise exc.InvalidRequestError(
sqlalchemy.exc.InvalidRequestError: A value is required for bind parameter 'robot_display_name' (Background on this error at: https://sqlalche.me/e/20/cd3x)

The above exception was the direct cause of the following exception:

Traceback (most recent call last):
  File "C:\Users\Asus\WebstormProject\gin\backend\app\modules\robots\base\base_robot.py", line 78, in run
    log_id = await self._create_db_log(user_id, token_id, started_at)
             ^^^^^^^^^^^^^^^^^^^^^^^^^^^^^^^^^^^^^^^^^^^^^^^^^^^^^^^^
  File "C:\Users\Asus\WebstormProject\gin\backend\app\modules\robots\base\base_robot.py", line 124, in _create_db_log
    result = self.db.execute(
             ^^^^^^^^^^^^^^^^
  File "C:\Users\Asus\AppData\Local\Programs\Python\Python311\Lib\site-packages\sqlalchemy\orm\session.py", line 2308, in execute
    return self._execute_internal(
           ^^^^^^^^^^^^^^^^^^^^^^^
  File "C:\Users\Asus\AppData\Local\Programs\Python\Python311\Lib\site-packages\sqlalchemy\orm\session.py", line 2199, in _execute_internal
    result = conn.execute(
             ^^^^^^^^^^^^^
  File "C:\Users\Asus\AppData\Local\Programs\Python\Python311\Lib\site-packages\sqlalchemy\engine\base.py", line 1416, in execute
    return meth(
           ^^^^^
  File "C:\Users\Asus\AppData\Local\Programs\Python\Python311\Lib\site-packages\sqlalchemy\sql\elements.py", line 516, in _execute_on_connection
    return connection._execute_clauseelement(
           ^^^^^^^^^^^^^^^^^^^^^^^^^^^^^^^^^^
  File "C:\Users\Asus\AppData\Local\Programs\Python\Python311\Lib\site-packages\sqlalchemy\engine\base.py", line 1639, in _execute_clauseelement
    ret = self._execute_context(
          ^^^^^^^^^^^^^^^^^^^^^^
  File "C:\Users\Asus\AppData\Local\Programs\Python\Python311\Lib\site-packages\sqlalchemy\engine\base.py", line 1820, in _execute_context
    self._handle_dbapi_exception(
  File "C:\Users\Asus\AppData\Local\Programs\Python\Python311\Lib\site-packages\sqlalchemy\engine\base.py", line 2343, in _handle_dbapi_exception
    raise sqlalchemy_exception.with_traceback(exc_info[2]) from e
  File "C:\Users\Asus\AppData\Local\Programs\Python\Python311\Lib\site-packages\sqlalchemy\engine\base.py", line 1814, in _execute_context
    context = constructor(
              ^^^^^^^^^^^^
  File "C:\Users\Asus\AppData\Local\Programs\Python\Python311\Lib\site-packages\sqlalchemy\engine\default.py", line 1377, in _init_compiled
    self.compiled_parameters = [
                               ^
  File "C:\Users\Asus\AppData\Local\Programs\Python\Python311\Lib\site-packages\sqlalchemy\engine\default.py", line 1378, in <listcomp>
    compiled.construct_params(
  File "C:\Users\Asus\AppData\Local\Programs\Python\Python311\Lib\site-packages\sqlalchemy\sql\compiler.py", line 1906, in construct_params
    raise exc.InvalidRequestError(
sqlalchemy.exc.StatementError: (sqlalchemy.exc.InvalidRequestError) A value is required for bind parameter 'robot_display_name'
[SQL: 
           INSERT INTO ganaly.robot_logs
           (robot_name, robot_display_name, robot_version, token_id, user_id,
            started_at, endpoint, level, request_data)
           VALUES
               (%(robot_name)s, %(robot_display_name)s, %(robot_version)s, %(token_id)s, %(user_id)s,
                %(started_at)s, %(endpoint)s, %(level)s, %(request_data)s)
               RETURNING id            ]
[parameters: [{'robot_name': 'portfolio_updater_scheduler', 'robot_version': '1.0.0', 'token_id': 15, 'user_id': 1, 'started_at': datetime.datetime(2026, 3, 16, 14, 18, 6, 202956), 'endpoint': 'robot://portfolio_updater/scheduler'}]]
(Background on this error at: https://sqlalche.me/e/20/cd3x)

2026-03-16 17:18:06.242 | ERROR    | [portfolio_updater:scheduler] ❌ Ошибка для токена 15: (sqlalchemy.exc.InvalidRequestError) A value is required for bind parameter 'robot_display_name'
[SQL: 
           INSERT INTO ganaly.robot_logs
           (robot_name, robot_display_name, robot_version, token_id, user_id,
            started_at, endpoint, level, request_data)
           VALUES
               (%(robot_name)s, %(robot_display_name)s, %(robot_version)s, %(token_id)s, %(user_id)s,
                %(started_at)s, %(endpoint)s, %(level)s, %(request_data)s)
               RETURNING id            ]
[parameters: [{'robot_name': 'portfolio_updater_scheduler', 'robot_version': '1.0.0', 'token_id': 15, 'user_id': 1, 'started_at': datetime.datetime(2026, 3, 16, 14, 18, 6, 202956), 'endpoint': 'robot://portfolio_updater/scheduler'}]]
(Background on this error at: https://sqlalche.me/e/20/cd3x)
2026-03-16 17:18:06.242 | INFO     | [portfolio_updater:scheduler] 📊 Итоги: всего=1, обработано=0, пропущено=0, ошибок=1
2026-03-16 17:18:06.242 | INFO     | [SYSTEM:SCHEDULER] ✅ Цикл завершен: {'total': 1, 'processed': 0, 'skipped': 0, 'errors': [{'token_id': 15, 'user_id': 1, 'error': "(sqlalchemy.exc.InvalidRequestError) A value is required for bind parameter 'robot_display_name'\n[SQL: \n           INSERT INTO ganaly.robot_logs\n           (robot_name, robot_display_name, robot_version, token_id, user_id,\n            started_at, endpoint, level, request_data)\n           VALUES\n               (%(robot_name)s, %(robot_display_name)s, %(robot_version)s, %(token_id)s, %(user_id)s,\n                %(started_at)s, %(endpoint)s, %(level)s, %(request_data)s)\n               RETURNING id            ]\n[parameters: [{'robot_name': 'portfolio_updater_scheduler', 'robot_version': '1.0.0', 'token_id': 15, 'user_id': 1, 'started_at': datetime.datetime(2026, 3, 16, 14, 18, 6, 202956), 'endpoint': 'robot://portfolio_updater/scheduler'}]]\n(Background on this error at: https://sqlalche.me/e/20/cd3x)"}]}
2026-03-16 17:19:06.270 | INFO     | [SYSTEM:SCHEDULER] 🔄 Запуск цикла обновления
2026-03-16 17:19:06.286 | INFO     | [portfolio_updater:scheduler] 🔄 Найдено 1 токенов для обработки
2026-03-16 17:19:06.286 | INFO     | [portfolio_updater:scheduler] ▶️ Запуск робота v1.0.0
2026-03-16 17:19:06.286 | INFO     | [portfolio_updater:scheduler]    User ID: 1, Token ID: 15
2026-03-16 17:19:06.296 | ERROR    | [portfolio_updater:scheduler] ❌ Ошибка: (sqlalchemy.exc.InvalidRequestError) A value is required for bind parameter 'robot_display_name'
[SQL: 
           INSERT INTO ganaly.robot_logs
           (robot_name, robot_display_name, robot_version, token_id, user_id,
            started_at, endpoint, level, request_data)
           VALUES
               (%(robot_name)s, %(robot_display_name)s, %(robot_version)s, %(token_id)s, %(user_id)s,
                %(started_at)s, %(endpoint)s, %(level)s, %(request_data)s)
               RETURNING id            ]
[parameters: [{'robot_name': 'portfolio_updater_scheduler', 'robot_version': '1.0.0', 'token_id': 15, 'user_id': 1, 'started_at': datetime.datetime(2026, 3, 16, 14, 19, 6, 286601), 'endpoint': 'robot://portfolio_updater/scheduler'}]]
(Background on this error at: https://sqlalche.me/e/20/cd3x)
2026-03-16 17:19:06.298 | ERROR    | [portfolio_updater:scheduler] Traceback (most recent call last):
  File "C:\Users\Asus\AppData\Local\Programs\Python\Python311\Lib\site-packages\sqlalchemy\engine\base.py", line 1814, in _execute_context
    context = constructor(
              ^^^^^^^^^^^^
  File "C:\Users\Asus\AppData\Local\Programs\Python\Python311\Lib\site-packages\sqlalchemy\engine\default.py", line 1377, in _init_compiled
    self.compiled_parameters = [
                               ^
  File "C:\Users\Asus\AppData\Local\Programs\Python\Python311\Lib\site-packages\sqlalchemy\engine\default.py", line 1378, in <listcomp>
    compiled.construct_params(
  File "C:\Users\Asus\AppData\Local\Programs\Python\Python311\Lib\site-packages\sqlalchemy\sql\compiler.py", line 1906, in construct_params
    raise exc.InvalidRequestError(
sqlalchemy.exc.InvalidRequestError: A value is required for bind parameter 'robot_display_name' (Background on this error at: https://sqlalche.me/e/20/cd3x)

The above exception was the direct cause of the following exception:

Traceback (most recent call last):
  File "C:\Users\Asus\WebstormProject\gin\backend\app\modules\robots\base\base_robot.py", line 78, in run
    log_id = await self._create_db_log(user_id, token_id, started_at)
             ^^^^^^^^^^^^^^^^^^^^^^^^^^^^^^^^^^^^^^^^^^^^^^^^^^^^^^^^
  File "C:\Users\Asus\WebstormProject\gin\backend\app\modules\robots\base\base_robot.py", line 124, in _create_db_log
    result = self.db.execute(
             ^^^^^^^^^^^^^^^^
  File "C:\Users\Asus\AppData\Local\Programs\Python\Python311\Lib\site-packages\sqlalchemy\orm\session.py", line 2308, in execute
    return self._execute_internal(
           ^^^^^^^^^^^^^^^^^^^^^^^
  File "C:\Users\Asus\AppData\Local\Programs\Python\Python311\Lib\site-packages\sqlalchemy\orm\session.py", line 2199, in _execute_internal
    result = conn.execute(
             ^^^^^^^^^^^^^
  File "C:\Users\Asus\AppData\Local\Programs\Python\Python311\Lib\site-packages\sqlalchemy\engine\base.py", line 1416, in execute
    return meth(
           ^^^^^
  File "C:\Users\Asus\AppData\Local\Programs\Python\Python311\Lib\site-packages\sqlalchemy\sql\elements.py", line 516, in _execute_on_connection
    return connection._execute_clauseelement(
           ^^^^^^^^^^^^^^^^^^^^^^^^^^^^^^^^^^
  File "C:\Users\Asus\AppData\Local\Programs\Python\Python311\Lib\site-packages\sqlalchemy\engine\base.py", line 1639, in _execute_clauseelement
    ret = self._execute_context(
          ^^^^^^^^^^^^^^^^^^^^^^
  File "C:\Users\Asus\AppData\Local\Programs\Python\Python311\Lib\site-packages\sqlalchemy\engine\base.py", line 1820, in _execute_context
    self._handle_dbapi_exception(
  File "C:\Users\Asus\AppData\Local\Programs\Python\Python311\Lib\site-packages\sqlalchemy\engine\base.py", line 2343, in _handle_dbapi_exception
    raise sqlalchemy_exception.with_traceback(exc_info[2]) from e
  File "C:\Users\Asus\AppData\Local\Programs\Python\Python311\Lib\site-packages\sqlalchemy\engine\base.py", line 1814, in _execute_context
    context = constructor(
              ^^^^^^^^^^^^
  File "C:\Users\Asus\AppData\Local\Programs\Python\Python311\Lib\site-packages\sqlalchemy\engine\default.py", line 1377, in _init_compiled
    self.compiled_parameters = [
                               ^
  File "C:\Users\Asus\AppData\Local\Programs\Python\Python311\Lib\site-packages\sqlalchemy\engine\default.py", line 1378, in <listcomp>
    compiled.construct_params(
  File "C:\Users\Asus\AppData\Local\Programs\Python\Python311\Lib\site-packages\sqlalchemy\sql\compiler.py", line 1906, in construct_params
    raise exc.InvalidRequestError(
sqlalchemy.exc.StatementError: (sqlalchemy.exc.InvalidRequestError) A value is required for bind parameter 'robot_display_name'
[SQL: 
           INSERT INTO ganaly.robot_logs
           (robot_name, robot_display_name, robot_version, token_id, user_id,
            started_at, endpoint, level, request_data)
           VALUES
               (%(robot_name)s, %(robot_display_name)s, %(robot_version)s, %(token_id)s, %(user_id)s,
                %(started_at)s, %(endpoint)s, %(level)s, %(request_data)s)
               RETURNING id            ]
[parameters: [{'robot_name': 'portfolio_updater_scheduler', 'robot_version': '1.0.0', 'token_id': 15, 'user_id': 1, 'started_at': datetime.datetime(2026, 3, 16, 14, 19, 6, 286601), 'endpoint': 'robot://portfolio_updater/scheduler'}]]
(Background on this error at: https://sqlalche.me/e/20/cd3x)

2026-03-16 17:19:06.298 | ERROR    | [portfolio_updater:scheduler] ❌ Ошибка для токена 15: (sqlalchemy.exc.InvalidRequestError) A value is required for bind parameter 'robot_display_name'
[SQL: 
           INSERT INTO ganaly.robot_logs
           (robot_name, robot_display_name, robot_version, token_id, user_id,
            started_at, endpoint, level, request_data)
           VALUES
               (%(robot_name)s, %(robot_display_name)s, %(robot_version)s, %(token_id)s, %(user_id)s,
                %(started_at)s, %(endpoint)s, %(level)s, %(request_data)s)
               RETURNING id            ]
[parameters: [{'robot_name': 'portfolio_updater_scheduler', 'robot_version': '1.0.0', 'token_id': 15, 'user_id': 1, 'started_at': datetime.datetime(2026, 3, 16, 14, 19, 6, 286601), 'endpoint': 'robot://portfolio_updater/scheduler'}]]
(Background on this error at: https://sqlalche.me/e/20/cd3x)
2026-03-16 17:19:06.298 | INFO     | [portfolio_updater:scheduler] 📊 Итоги: всего=1, обработано=0, пропущено=0, ошибок=1
2026-03-16 17:19:06.298 | INFO     | [SYSTEM:SCHEDULER] ✅ Цикл завершен: {'total': 1, 'processed': 0, 'skipped': 0, 'errors': [{'token_id': 15, 'user_id': 1, 'error': "(sqlalchemy.exc.InvalidRequestError) A value is required for bind parameter 'robot_display_name'\n[SQL: \n           INSERT INTO ganaly.robot_logs\n           (robot_name, robot_display_name, robot_version, token_id, user_id,\n            started_at, endpoint, level, request_data)\n           VALUES\n               (%(robot_name)s, %(robot_display_name)s, %(robot_version)s, %(token_id)s, %(user_id)s,\n                %(started_at)s, %(endpoint)s, %(level)s, %(request_data)s)\n               RETURNING id            ]\n[parameters: [{'robot_name': 'portfolio_updater_scheduler', 'robot_version': '1.0.0', 'token_id': 15, 'user_id': 1, 'started_at': datetime.datetime(2026, 3, 16, 14, 19, 6, 286601), 'endpoint': 'robot://portfolio_updater/scheduler'}]]\n(Background on this error at: https://sqlalche.me/e/20/cd3x)"}]}
2026-03-16 17:20:06.299 | INFO     | [SYSTEM:SCHEDULER] 🔄 Запуск цикла обновления
2026-03-16 17:20:06.317 | INFO     | [portfolio_updater:scheduler] 🔄 Найдено 1 токенов для обработки
2026-03-16 17:20:06.317 | INFO     | [portfolio_updater:scheduler] ▶️ Запуск робота v1.0.0
2026-03-16 17:20:06.317 | INFO     | [portfolio_updater:scheduler]    User ID: 1, Token ID: 15
2026-03-16 17:20:06.325 | ERROR    | [portfolio_updater:scheduler] ❌ Ошибка: (sqlalchemy.exc.InvalidRequestError) A value is required for bind parameter 'robot_display_name'
[SQL: 
           INSERT INTO ganaly.robot_logs
           (robot_name, robot_display_name, robot_version, token_id, user_id,
            started_at, endpoint, level, request_data)
           VALUES
               (%(robot_name)s, %(robot_display_name)s, %(robot_version)s, %(token_id)s, %(user_id)s,
                %(started_at)s, %(endpoint)s, %(level)s, %(request_data)s)
               RETURNING id            ]
[parameters: [{'robot_name': 'portfolio_updater_scheduler', 'robot_version': '1.0.0', 'token_id': 15, 'user_id': 1, 'started_at': datetime.datetime(2026, 3, 16, 14, 20, 6, 317758), 'endpoint': 'robot://portfolio_updater/scheduler'}]]
(Background on this error at: https://sqlalche.me/e/20/cd3x)
2026-03-16 17:20:06.327 | ERROR    | [portfolio_updater:scheduler] Traceback (most recent call last):
  File "C:\Users\Asus\AppData\Local\Programs\Python\Python311\Lib\site-packages\sqlalchemy\engine\base.py", line 1814, in _execute_context
    context = constructor(
              ^^^^^^^^^^^^
  File "C:\Users\Asus\AppData\Local\Programs\Python\Python311\Lib\site-packages\sqlalchemy\engine\default.py", line 1377, in _init_compiled
    self.compiled_parameters = [
                               ^
  File "C:\Users\Asus\AppData\Local\Programs\Python\Python311\Lib\site-packages\sqlalchemy\engine\default.py", line 1378, in <listcomp>
    compiled.construct_params(
  File "C:\Users\Asus\AppData\Local\Programs\Python\Python311\Lib\site-packages\sqlalchemy\sql\compiler.py", line 1906, in construct_params
    raise exc.InvalidRequestError(
sqlalchemy.exc.InvalidRequestError: A value is required for bind parameter 'robot_display_name' (Background on this error at: https://sqlalche.me/e/20/cd3x)

The above exception was the direct cause of the following exception:

Traceback (most recent call last):
  File "C:\Users\Asus\WebstormProject\gin\backend\app\modules\robots\base\base_robot.py", line 78, in run
    log_id = await self._create_db_log(user_id, token_id, started_at)
             ^^^^^^^^^^^^^^^^^^^^^^^^^^^^^^^^^^^^^^^^^^^^^^^^^^^^^^^^
  File "C:\Users\Asus\WebstormProject\gin\backend\app\modules\robots\base\base_robot.py", line 124, in _create_db_log
    result = self.db.execute(
             ^^^^^^^^^^^^^^^^
  File "C:\Users\Asus\AppData\Local\Programs\Python\Python311\Lib\site-packages\sqlalchemy\orm\session.py", line 2308, in execute
    return self._execute_internal(
           ^^^^^^^^^^^^^^^^^^^^^^^
  File "C:\Users\Asus\AppData\Local\Programs\Python\Python311\Lib\site-packages\sqlalchemy\orm\session.py", line 2199, in _execute_internal
    result = conn.execute(
             ^^^^^^^^^^^^^
  File "C:\Users\Asus\AppData\Local\Programs\Python\Python311\Lib\site-packages\sqlalchemy\engine\base.py", line 1416, in execute
    return meth(
           ^^^^^
  File "C:\Users\Asus\AppData\Local\Programs\Python\Python311\Lib\site-packages\sqlalchemy\sql\elements.py", line 516, in _execute_on_connection
    return connection._execute_clauseelement(
           ^^^^^^^^^^^^^^^^^^^^^^^^^^^^^^^^^^
  File "C:\Users\Asus\AppData\Local\Programs\Python\Python311\Lib\site-packages\sqlalchemy\engine\base.py", line 1639, in _execute_clauseelement
    ret = self._execute_context(
          ^^^^^^^^^^^^^^^^^^^^^^
  File "C:\Users\Asus\AppData\Local\Programs\Python\Python311\Lib\site-packages\sqlalchemy\engine\base.py", line 1820, in _execute_context
    self._handle_dbapi_exception(
  File "C:\Users\Asus\AppData\Local\Programs\Python\Python311\Lib\site-packages\sqlalchemy\engine\base.py", line 2343, in _handle_dbapi_exception
    raise sqlalchemy_exception.with_traceback(exc_info[2]) from e
  File "C:\Users\Asus\AppData\Local\Programs\Python\Python311\Lib\site-packages\sqlalchemy\engine\base.py", line 1814, in _execute_context
    context = constructor(
              ^^^^^^^^^^^^
  File "C:\Users\Asus\AppData\Local\Programs\Python\Python311\Lib\site-packages\sqlalchemy\engine\default.py", line 1377, in _init_compiled
    self.compiled_parameters = [
                               ^
  File "C:\Users\Asus\AppData\Local\Programs\Python\Python311\Lib\site-packages\sqlalchemy\engine\default.py", line 1378, in <listcomp>
    compiled.construct_params(
  File "C:\Users\Asus\AppData\Local\Programs\Python\Python311\Lib\site-packages\sqlalchemy\sql\compiler.py", line 1906, in construct_params
    raise exc.InvalidRequestError(
sqlalchemy.exc.StatementError: (sqlalchemy.exc.InvalidRequestError) A value is required for bind parameter 'robot_display_name'
[SQL: 
           INSERT INTO ganaly.robot_logs
           (robot_name, robot_display_name, robot_version, token_id, user_id,
            started_at, endpoint, level, request_data)
           VALUES
               (%(robot_name)s, %(robot_display_name)s, %(robot_version)s, %(token_id)s, %(user_id)s,
                %(started_at)s, %(endpoint)s, %(level)s, %(request_data)s)
               RETURNING id            ]
[parameters: [{'robot_name': 'portfolio_updater_scheduler', 'robot_version': '1.0.0', 'token_id': 15, 'user_id': 1, 'started_at': datetime.datetime(2026, 3, 16, 14, 20, 6, 317758), 'endpoint': 'robot://portfolio_updater/scheduler'}]]
(Background on this error at: https://sqlalche.me/e/20/cd3x)

2026-03-16 17:20:06.328 | ERROR    | [portfolio_updater:scheduler] ❌ Ошибка для токена 15: (sqlalchemy.exc.InvalidRequestError) A value is required for bind parameter 'robot_display_name'
[SQL: 
           INSERT INTO ganaly.robot_logs
           (robot_name, robot_display_name, robot_version, token_id, user_id,
            started_at, endpoint, level, request_data)
           VALUES
               (%(robot_name)s, %(robot_display_name)s, %(robot_version)s, %(token_id)s, %(user_id)s,
                %(started_at)s, %(endpoint)s, %(level)s, %(request_data)s)
               RETURNING id            ]
[parameters: [{'robot_name': 'portfolio_updater_scheduler', 'robot_version': '1.0.0', 'token_id': 15, 'user_id': 1, 'started_at': datetime.datetime(2026, 3, 16, 14, 20, 6, 317758), 'endpoint': 'robot://portfolio_updater/scheduler'}]]
(Background on this error at: https://sqlalche.me/e/20/cd3x)
2026-03-16 17:20:06.328 | INFO     | [portfolio_updater:scheduler] 📊 Итоги: всего=1, обработано=0, пропущено=0, ошибок=1
2026-03-16 17:20:06.328 | INFO     | [SYSTEM:SCHEDULER] ✅ Цикл завершен: {'total': 1, 'processed': 0, 'skipped': 0, 'errors': [{'token_id': 15, 'user_id': 1, 'error': "(sqlalchemy.exc.InvalidRequestError) A value is required for bind parameter 'robot_display_name'\n[SQL: \n           INSERT INTO ganaly.robot_logs\n           (robot_name, robot_display_name, robot_version, token_id, user_id,\n            started_at, endpoint, level, request_data)\n           VALUES\n               (%(robot_name)s, %(robot_display_name)s, %(robot_version)s, %(token_id)s, %(user_id)s,\n                %(started_at)s, %(endpoint)s, %(level)s, %(request_data)s)\n               RETURNING id            ]\n[parameters: [{'robot_name': 'portfolio_updater_scheduler', 'robot_version': '1.0.0', 'token_id': 15, 'user_id': 1, 'started_at': datetime.datetime(2026, 3, 16, 14, 20, 6, 317758), 'endpoint': 'robot://portfolio_updater/scheduler'}]]\n(Background on this error at: https://sqlalche.me/e/20/cd3x)"}]}
2026-03-16 17:21:06.346 | INFO     | [SYSTEM:SCHEDULER] 🔄 Запуск цикла обновления
2026-03-16 17:21:06.363 | INFO     | [portfolio_updater:scheduler] 🔄 Найдено 1 токенов для обработки
2026-03-16 17:21:06.363 | INFO     | [portfolio_updater:scheduler] ▶️ Запуск робота v1.0.0
2026-03-16 17:21:06.363 | INFO     | [portfolio_updater:scheduler]    User ID: 1, Token ID: 15
2026-03-16 17:21:06.368 | ERROR    | [portfolio_updater:scheduler] ❌ Ошибка: (sqlalchemy.exc.InvalidRequestError) A value is required for bind parameter 'robot_display_name'
[SQL: 
           INSERT INTO ganaly.robot_logs
           (robot_name, robot_display_name, robot_version, token_id, user_id,
            started_at, endpoint, level, request_data)
           VALUES
               (%(robot_name)s, %(robot_display_name)s, %(robot_version)s, %(token_id)s, %(user_id)s,
                %(started_at)s, %(endpoint)s, %(level)s, %(request_data)s)
               RETURNING id            ]
[parameters: [{'robot_name': 'portfolio_updater_scheduler', 'robot_version': '1.0.0', 'token_id': 15, 'user_id': 1, 'started_at': datetime.datetime(2026, 3, 16, 14, 21, 6, 363897), 'endpoint': 'robot://portfolio_updater/scheduler'}]]
(Background on this error at: https://sqlalche.me/e/20/cd3x)
2026-03-16 17:21:06.369 | ERROR    | [portfolio_updater:scheduler] Traceback (most recent call last):
  File "C:\Users\Asus\AppData\Local\Programs\Python\Python311\Lib\site-packages\sqlalchemy\engine\base.py", line 1814, in _execute_context
    context = constructor(
              ^^^^^^^^^^^^
  File "C:\Users\Asus\AppData\Local\Programs\Python\Python311\Lib\site-packages\sqlalchemy\engine\default.py", line 1377, in _init_compiled
    self.compiled_parameters = [
                               ^
  File "C:\Users\Asus\AppData\Local\Programs\Python\Python311\Lib\site-packages\sqlalchemy\engine\default.py", line 1378, in <listcomp>
    compiled.construct_params(
  File "C:\Users\Asus\AppData\Local\Programs\Python\Python311\Lib\site-packages\sqlalchemy\sql\compiler.py", line 1906, in construct_params
    raise exc.InvalidRequestError(
sqlalchemy.exc.InvalidRequestError: A value is required for bind parameter 'robot_display_name' (Background on this error at: https://sqlalche.me/e/20/cd3x)

The above exception was the direct cause of the following exception:

Traceback (most recent call last):
  File "C:\Users\Asus\WebstormProject\gin\backend\app\modules\robots\base\base_robot.py", line 78, in run
    log_id = await self._create_db_log(user_id, token_id, started_at)
             ^^^^^^^^^^^^^^^^^^^^^^^^^^^^^^^^^^^^^^^^^^^^^^^^^^^^^^^^
  File "C:\Users\Asus\WebstormProject\gin\backend\app\modules\robots\base\base_robot.py", line 124, in _create_db_log
    result = self.db.execute(
             ^^^^^^^^^^^^^^^^
  File "C:\Users\Asus\AppData\Local\Programs\Python\Python311\Lib\site-packages\sqlalchemy\orm\session.py", line 2308, in execute
    return self._execute_internal(
           ^^^^^^^^^^^^^^^^^^^^^^^
  File "C:\Users\Asus\AppData\Local\Programs\Python\Python311\Lib\site-packages\sqlalchemy\orm\session.py", line 2199, in _execute_internal
    result = conn.execute(
             ^^^^^^^^^^^^^
  File "C:\Users\Asus\AppData\Local\Programs\Python\Python311\Lib\site-packages\sqlalchemy\engine\base.py", line 1416, in execute
    return meth(
           ^^^^^
  File "C:\Users\Asus\AppData\Local\Programs\Python\Python311\Lib\site-packages\sqlalchemy\sql\elements.py", line 516, in _execute_on_connection
    return connection._execute_clauseelement(
           ^^^^^^^^^^^^^^^^^^^^^^^^^^^^^^^^^^
  File "C:\Users\Asus\AppData\Local\Programs\Python\Python311\Lib\site-packages\sqlalchemy\engine\base.py", line 1639, in _execute_clauseelement
    ret = self._execute_context(
          ^^^^^^^^^^^^^^^^^^^^^^
  File "C:\Users\Asus\AppData\Local\Programs\Python\Python311\Lib\site-packages\sqlalchemy\engine\base.py", line 1820, in _execute_context
    self._handle_dbapi_exception(
  File "C:\Users\Asus\AppData\Local\Programs\Python\Python311\Lib\site-packages\sqlalchemy\engine\base.py", line 2343, in _handle_dbapi_exception
    raise sqlalchemy_exception.with_traceback(exc_info[2]) from e
  File "C:\Users\Asus\AppData\Local\Programs\Python\Python311\Lib\site-packages\sqlalchemy\engine\base.py", line 1814, in _execute_context
    context = constructor(
              ^^^^^^^^^^^^
  File "C:\Users\Asus\AppData\Local\Programs\Python\Python311\Lib\site-packages\sqlalchemy\engine\default.py", line 1377, in _init_compiled
    self.compiled_parameters = [
                               ^
  File "C:\Users\Asus\AppData\Local\Programs\Python\Python311\Lib\site-packages\sqlalchemy\engine\default.py", line 1378, in <listcomp>
    compiled.construct_params(
  File "C:\Users\Asus\AppData\Local\Programs\Python\Python311\Lib\site-packages\sqlalchemy\sql\compiler.py", line 1906, in construct_params
    raise exc.InvalidRequestError(
sqlalchemy.exc.StatementError: (sqlalchemy.exc.InvalidRequestError) A value is required for bind parameter 'robot_display_name'
[SQL: 
           INSERT INTO ganaly.robot_logs
           (robot_name, robot_display_name, robot_version, token_id, user_id,
            started_at, endpoint, level, request_data)
           VALUES
               (%(robot_name)s, %(robot_display_name)s, %(robot_version)s, %(token_id)s, %(user_id)s,
                %(started_at)s, %(endpoint)s, %(level)s, %(request_data)s)
               RETURNING id            ]
[parameters: [{'robot_name': 'portfolio_updater_scheduler', 'robot_version': '1.0.0', 'token_id': 15, 'user_id': 1, 'started_at': datetime.datetime(2026, 3, 16, 14, 21, 6, 363897), 'endpoint': 'robot://portfolio_updater/scheduler'}]]
(Background on this error at: https://sqlalche.me/e/20/cd3x)

2026-03-16 17:21:06.369 | ERROR    | [portfolio_updater:scheduler] ❌ Ошибка для токена 15: (sqlalchemy.exc.InvalidRequestError) A value is required for bind parameter 'robot_display_name'
[SQL: 
           INSERT INTO ganaly.robot_logs
           (robot_name, robot_display_name, robot_version, token_id, user_id,
            started_at, endpoint, level, request_data)
           VALUES
               (%(robot_name)s, %(robot_display_name)s, %(robot_version)s, %(token_id)s, %(user_id)s,
                %(started_at)s, %(endpoint)s, %(level)s, %(request_data)s)
               RETURNING id            ]
[parameters: [{'robot_name': 'portfolio_updater_scheduler', 'robot_version': '1.0.0', 'token_id': 15, 'user_id': 1, 'started_at': datetime.datetime(2026, 3, 16, 14, 21, 6, 363897), 'endpoint': 'robot://portfolio_updater/scheduler'}]]
(Background on this error at: https://sqlalche.me/e/20/cd3x)
2026-03-16 17:21:06.369 | INFO     | [portfolio_updater:scheduler] 📊 Итоги: всего=1, обработано=0, пропущено=0, ошибок=1
2026-03-16 17:21:06.369 | INFO     | [SYSTEM:SCHEDULER] ✅ Цикл завершен: {'total': 1, 'processed': 0, 'skipped': 0, 'errors': [{'token_id': 15, 'user_id': 1, 'error': "(sqlalchemy.exc.InvalidRequestError) A value is required for bind parameter 'robot_display_name'\n[SQL: \n           INSERT INTO ganaly.robot_logs\n           (robot_name, robot_display_name, robot_version, token_id, user_id,\n            started_at, endpoint, level, request_data)\n           VALUES\n               (%(robot_name)s, %(robot_display_name)s, %(robot_version)s, %(token_id)s, %(user_id)s,\n                %(started_at)s, %(endpoint)s, %(level)s, %(request_data)s)\n               RETURNING id            ]\n[parameters: [{'robot_name': 'portfolio_updater_scheduler', 'robot_version': '1.0.0', 'token_id': 15, 'user_id': 1, 'started_at': datetime.datetime(2026, 3, 16, 14, 21, 6, 363897), 'endpoint': 'robot://portfolio_updater/scheduler'}]]\n(Background on this error at: https://sqlalche.me/e/20/cd3x)"}]}
2026-03-16 17:22:06.396 | INFO     | [SYSTEM:SCHEDULER] 🔄 Запуск цикла обновления
2026-03-16 17:22:06.418 | INFO     | [portfolio_updater:scheduler] 🔄 Найдено 1 токенов для обработки
2026-03-16 17:22:06.418 | INFO     | [portfolio_updater:scheduler] ▶️ Запуск робота v1.0.0
2026-03-16 17:22:06.418 | INFO     | [portfolio_updater:scheduler]    User ID: 1, Token ID: 15
2026-03-16 17:22:06.427 | ERROR    | [portfolio_updater:scheduler] ❌ Ошибка: (sqlalchemy.exc.InvalidRequestError) A value is required for bind parameter 'robot_display_name'
[SQL: 
           INSERT INTO ganaly.robot_logs
           (robot_name, robot_display_name, robot_version, token_id, user_id,
            started_at, endpoint, level, request_data)
           VALUES
               (%(robot_name)s, %(robot_display_name)s, %(robot_version)s, %(token_id)s, %(user_id)s,
                %(started_at)s, %(endpoint)s, %(level)s, %(request_data)s)
               RETURNING id            ]
[parameters: [{'robot_name': 'portfolio_updater_scheduler', 'robot_version': '1.0.0', 'token_id': 15, 'user_id': 1, 'started_at': datetime.datetime(2026, 3, 16, 14, 22, 6, 418591), 'endpoint': 'robot://portfolio_updater/scheduler'}]]
(Background on this error at: https://sqlalche.me/e/20/cd3x)
2026-03-16 17:22:06.431 | ERROR    | [portfolio_updater:scheduler] Traceback (most recent call last):
  File "C:\Users\Asus\AppData\Local\Programs\Python\Python311\Lib\site-packages\sqlalchemy\engine\base.py", line 1814, in _execute_context
    context = constructor(
              ^^^^^^^^^^^^
  File "C:\Users\Asus\AppData\Local\Programs\Python\Python311\Lib\site-packages\sqlalchemy\engine\default.py", line 1377, in _init_compiled
    self.compiled_parameters = [
                               ^
  File "C:\Users\Asus\AppData\Local\Programs\Python\Python311\Lib\site-packages\sqlalchemy\engine\default.py", line 1378, in <listcomp>
    compiled.construct_params(
  File "C:\Users\Asus\AppData\Local\Programs\Python\Python311\Lib\site-packages\sqlalchemy\sql\compiler.py", line 1906, in construct_params
    raise exc.InvalidRequestError(
sqlalchemy.exc.InvalidRequestError: A value is required for bind parameter 'robot_display_name' (Background on this error at: https://sqlalche.me/e/20/cd3x)

The above exception was the direct cause of the following exception:

Traceback (most recent call last):
  File "C:\Users\Asus\WebstormProject\gin\backend\app\modules\robots\base\base_robot.py", line 78, in run
    log_id = await self._create_db_log(user_id, token_id, started_at)
             ^^^^^^^^^^^^^^^^^^^^^^^^^^^^^^^^^^^^^^^^^^^^^^^^^^^^^^^^
  File "C:\Users\Asus\WebstormProject\gin\backend\app\modules\robots\base\base_robot.py", line 124, in _create_db_log
    result = self.db.execute(
             ^^^^^^^^^^^^^^^^
  File "C:\Users\Asus\AppData\Local\Programs\Python\Python311\Lib\site-packages\sqlalchemy\orm\session.py", line 2308, in execute
    return self._execute_internal(
           ^^^^^^^^^^^^^^^^^^^^^^^
  File "C:\Users\Asus\AppData\Local\Programs\Python\Python311\Lib\site-packages\sqlalchemy\orm\session.py", line 2199, in _execute_internal
    result = conn.execute(
             ^^^^^^^^^^^^^
  File "C:\Users\Asus\AppData\Local\Programs\Python\Python311\Lib\site-packages\sqlalchemy\engine\base.py", line 1416, in execute
    return meth(
           ^^^^^
  File "C:\Users\Asus\AppData\Local\Programs\Python\Python311\Lib\site-packages\sqlalchemy\sql\elements.py", line 516, in _execute_on_connection
    return connection._execute_clauseelement(
           ^^^^^^^^^^^^^^^^^^^^^^^^^^^^^^^^^^
  File "C:\Users\Asus\AppData\Local\Programs\Python\Python311\Lib\site-packages\sqlalchemy\engine\base.py", line 1639, in _execute_clauseelement
    ret = self._execute_context(
          ^^^^^^^^^^^^^^^^^^^^^^
  File "C:\Users\Asus\AppData\Local\Programs\Python\Python311\Lib\site-packages\sqlalchemy\engine\base.py", line 1820, in _execute_context
    self._handle_dbapi_exception(
  File "C:\Users\Asus\AppData\Local\Programs\Python\Python311\Lib\site-packages\sqlalchemy\engine\base.py", line 2343, in _handle_dbapi_exception
    raise sqlalchemy_exception.with_traceback(exc_info[2]) from e
  File "C:\Users\Asus\AppData\Local\Programs\Python\Python311\Lib\site-packages\sqlalchemy\engine\base.py", line 1814, in _execute_context
    context = constructor(
              ^^^^^^^^^^^^
  File "C:\Users\Asus\AppData\Local\Programs\Python\Python311\Lib\site-packages\sqlalchemy\engine\default.py", line 1377, in _init_compiled
    self.compiled_parameters = [
                               ^
  File "C:\Users\Asus\AppData\Local\Programs\Python\Python311\Lib\site-packages\sqlalchemy\engine\default.py", line 1378, in <listcomp>
    compiled.construct_params(
  File "C:\Users\Asus\AppData\Local\Programs\Python\Python311\Lib\site-packages\sqlalchemy\sql\compiler.py", line 1906, in construct_params
    raise exc.InvalidRequestError(
sqlalchemy.exc.StatementError: (sqlalchemy.exc.InvalidRequestError) A value is required for bind parameter 'robot_display_name'
[SQL: 
           INSERT INTO ganaly.robot_logs
           (robot_name, robot_display_name, robot_version, token_id, user_id,
            started_at, endpoint, level, request_data)
           VALUES
               (%(robot_name)s, %(robot_display_name)s, %(robot_version)s, %(token_id)s, %(user_id)s,
                %(started_at)s, %(endpoint)s, %(level)s, %(request_data)s)
               RETURNING id            ]
[parameters: [{'robot_name': 'portfolio_updater_scheduler', 'robot_version': '1.0.0', 'token_id': 15, 'user_id': 1, 'started_at': datetime.datetime(2026, 3, 16, 14, 22, 6, 418591), 'endpoint': 'robot://portfolio_updater/scheduler'}]]
(Background on this error at: https://sqlalche.me/e/20/cd3x)

2026-03-16 17:22:06.433 | ERROR    | [portfolio_updater:scheduler] ❌ Ошибка для токена 15: (sqlalchemy.exc.InvalidRequestError) A value is required for bind parameter 'robot_display_name'
[SQL: 
           INSERT INTO ganaly.robot_logs
           (robot_name, robot_display_name, robot_version, token_id, user_id,
            started_at, endpoint, level, request_data)
           VALUES
               (%(robot_name)s, %(robot_display_name)s, %(robot_version)s, %(token_id)s, %(user_id)s,
                %(started_at)s, %(endpoint)s, %(level)s, %(request_data)s)
               RETURNING id            ]
[parameters: [{'robot_name': 'portfolio_updater_scheduler', 'robot_version': '1.0.0', 'token_id': 15, 'user_id': 1, 'started_at': datetime.datetime(2026, 3, 16, 14, 22, 6, 418591), 'endpoint': 'robot://portfolio_updater/scheduler'}]]
(Background on this error at: https://sqlalche.me/e/20/cd3x)
2026-03-16 17:22:06.433 | INFO     | [portfolio_updater:scheduler] 📊 Итоги: всего=1, обработано=0, пропущено=0, ошибок=1
2026-03-16 17:22:06.433 | INFO     | [SYSTEM:SCHEDULER] ✅ Цикл завершен: {'total': 1, 'processed': 0, 'skipped': 0, 'errors': [{'token_id': 15, 'user_id': 1, 'error': "(sqlalchemy.exc.InvalidRequestError) A value is required for bind parameter 'robot_display_name'\n[SQL: \n           INSERT INTO ganaly.robot_logs\n           (robot_name, robot_display_name, robot_version, token_id, user_id,\n            started_at, endpoint, level, request_data)\n           VALUES\n               (%(robot_name)s, %(robot_display_name)s, %(robot_version)s, %(token_id)s, %(user_id)s,\n                %(started_at)s, %(endpoint)s, %(level)s, %(request_data)s)\n               RETURNING id            ]\n[parameters: [{'robot_name': 'portfolio_updater_scheduler', 'robot_version': '1.0.0', 'token_id': 15, 'user_id': 1, 'started_at': datetime.datetime(2026, 3, 16, 14, 22, 6, 418591), 'endpoint': 'robot://portfolio_updater/scheduler'}]]\n(Background on this error at: https://sqlalche.me/e/20/cd3x)"}]}
2026-03-16 17:23:06.436 | INFO     | [SYSTEM:SCHEDULER] 🔄 Запуск цикла обновления
2026-03-16 17:23:06.453 | INFO     | [portfolio_updater:scheduler] 🔄 Найдено 1 токенов для обработки
2026-03-16 17:23:06.453 | INFO     | [portfolio_updater:scheduler] ▶️ Запуск робота v1.0.0
2026-03-16 17:23:06.453 | INFO     | [portfolio_updater:scheduler]    User ID: 1, Token ID: 15
2026-03-16 17:23:06.457 | ERROR    | [portfolio_updater:scheduler] ❌ Ошибка: (sqlalchemy.exc.InvalidRequestError) A value is required for bind parameter 'robot_display_name'
[SQL: 
           INSERT INTO ganaly.robot_logs
           (robot_name, robot_display_name, robot_version, token_id, user_id,
            started_at, endpoint, level, request_data)
           VALUES
               (%(robot_name)s, %(robot_display_name)s, %(robot_version)s, %(token_id)s, %(user_id)s,
                %(started_at)s, %(endpoint)s, %(level)s, %(request_data)s)
               RETURNING id            ]
[parameters: [{'robot_name': 'portfolio_updater_scheduler', 'robot_version': '1.0.0', 'token_id': 15, 'user_id': 1, 'started_at': datetime.datetime(2026, 3, 16, 14, 23, 6, 453032), 'endpoint': 'robot://portfolio_updater/scheduler'}]]
(Background on this error at: https://sqlalche.me/e/20/cd3x)
2026-03-16 17:23:06.457 | ERROR    | [portfolio_updater:scheduler] Traceback (most recent call last):
  File "C:\Users\Asus\AppData\Local\Programs\Python\Python311\Lib\site-packages\sqlalchemy\engine\base.py", line 1814, in _execute_context
    context = constructor(
              ^^^^^^^^^^^^
  File "C:\Users\Asus\AppData\Local\Programs\Python\Python311\Lib\site-packages\sqlalchemy\engine\default.py", line 1377, in _init_compiled
    self.compiled_parameters = [
                               ^
  File "C:\Users\Asus\AppData\Local\Programs\Python\Python311\Lib\site-packages\sqlalchemy\engine\default.py", line 1378, in <listcomp>
    compiled.construct_params(
  File "C:\Users\Asus\AppData\Local\Programs\Python\Python311\Lib\site-packages\sqlalchemy\sql\compiler.py", line 1906, in construct_params
    raise exc.InvalidRequestError(
sqlalchemy.exc.InvalidRequestError: A value is required for bind parameter 'robot_display_name' (Background on this error at: https://sqlalche.me/e/20/cd3x)

The above exception was the direct cause of the following exception:

Traceback (most recent call last):
  File "C:\Users\Asus\WebstormProject\gin\backend\app\modules\robots\base\base_robot.py", line 78, in run
    log_id = await self._create_db_log(user_id, token_id, started_at)
             ^^^^^^^^^^^^^^^^^^^^^^^^^^^^^^^^^^^^^^^^^^^^^^^^^^^^^^^^
  File "C:\Users\Asus\WebstormProject\gin\backend\app\modules\robots\base\base_robot.py", line 124, in _create_db_log
    result = self.db.execute(
             ^^^^^^^^^^^^^^^^
  File "C:\Users\Asus\AppData\Local\Programs\Python\Python311\Lib\site-packages\sqlalchemy\orm\session.py", line 2308, in execute
    return self._execute_internal(
           ^^^^^^^^^^^^^^^^^^^^^^^
  File "C:\Users\Asus\AppData\Local\Programs\Python\Python311\Lib\site-packages\sqlalchemy\orm\session.py", line 2199, in _execute_internal
    result = conn.execute(
             ^^^^^^^^^^^^^
  File "C:\Users\Asus\AppData\Local\Programs\Python\Python311\Lib\site-packages\sqlalchemy\engine\base.py", line 1416, in execute
    return meth(
           ^^^^^
  File "C:\Users\Asus\AppData\Local\Programs\Python\Python311\Lib\site-packages\sqlalchemy\sql\elements.py", line 516, in _execute_on_connection
    return connection._execute_clauseelement(
           ^^^^^^^^^^^^^^^^^^^^^^^^^^^^^^^^^^
  File "C:\Users\Asus\AppData\Local\Programs\Python\Python311\Lib\site-packages\sqlalchemy\engine\base.py", line 1639, in _execute_clauseelement
    ret = self._execute_context(
          ^^^^^^^^^^^^^^^^^^^^^^
  File "C:\Users\Asus\AppData\Local\Programs\Python\Python311\Lib\site-packages\sqlalchemy\engine\base.py", line 1820, in _execute_context
    self._handle_dbapi_exception(
  File "C:\Users\Asus\AppData\Local\Programs\Python\Python311\Lib\site-packages\sqlalchemy\engine\base.py", line 2343, in _handle_dbapi_exception
    raise sqlalchemy_exception.with_traceback(exc_info[2]) from e
  File "C:\Users\Asus\AppData\Local\Programs\Python\Python311\Lib\site-packages\sqlalchemy\engine\base.py", line 1814, in _execute_context
    context = constructor(
              ^^^^^^^^^^^^
  File "C:\Users\Asus\AppData\Local\Programs\Python\Python311\Lib\site-packages\sqlalchemy\engine\default.py", line 1377, in _init_compiled
    self.compiled_parameters = [
                               ^
  File "C:\Users\Asus\AppData\Local\Programs\Python\Python311\Lib\site-packages\sqlalchemy\engine\default.py", line 1378, in <listcomp>
    compiled.construct_params(
  File "C:\Users\Asus\AppData\Local\Programs\Python\Python311\Lib\site-packages\sqlalchemy\sql\compiler.py", line 1906, in construct_params
    raise exc.InvalidRequestError(
sqlalchemy.exc.StatementError: (sqlalchemy.exc.InvalidRequestError) A value is required for bind parameter 'robot_display_name'
[SQL: 
           INSERT INTO ganaly.robot_logs
           (robot_name, robot_display_name, robot_version, token_id, user_id,
            started_at, endpoint, level, request_data)
           VALUES
               (%(robot_name)s, %(robot_display_name)s, %(robot_version)s, %(token_id)s, %(user_id)s,
                %(started_at)s, %(endpoint)s, %(level)s, %(request_data)s)
               RETURNING id            ]
[parameters: [{'robot_name': 'portfolio_updater_scheduler', 'robot_version': '1.0.0', 'token_id': 15, 'user_id': 1, 'started_at': datetime.datetime(2026, 3, 16, 14, 23, 6, 453032), 'endpoint': 'robot://portfolio_updater/scheduler'}]]
(Background on this error at: https://sqlalche.me/e/20/cd3x)

2026-03-16 17:23:06.463 | ERROR    | [portfolio_updater:scheduler] ❌ Ошибка для токена 15: (sqlalchemy.exc.InvalidRequestError) A value is required for bind parameter 'robot_display_name'
[SQL: 
           INSERT INTO ganaly.robot_logs
           (robot_name, robot_display_name, robot_version, token_id, user_id,
            started_at, endpoint, level, request_data)
           VALUES
               (%(robot_name)s, %(robot_display_name)s, %(robot_version)s, %(token_id)s, %(user_id)s,
                %(started_at)s, %(endpoint)s, %(level)s, %(request_data)s)
               RETURNING id            ]
[parameters: [{'robot_name': 'portfolio_updater_scheduler', 'robot_version': '1.0.0', 'token_id': 15, 'user_id': 1, 'started_at': datetime.datetime(2026, 3, 16, 14, 23, 6, 453032), 'endpoint': 'robot://portfolio_updater/scheduler'}]]
(Background on this error at: https://sqlalche.me/e/20/cd3x)
2026-03-16 17:23:06.463 | INFO     | [portfolio_updater:scheduler] 📊 Итоги: всего=1, обработано=0, пропущено=0, ошибок=1
2026-03-16 17:23:06.463 | INFO     | [SYSTEM:SCHEDULER] ✅ Цикл завершен: {'total': 1, 'processed': 0, 'skipped': 0, 'errors': [{'token_id': 15, 'user_id': 1, 'error': "(sqlalchemy.exc.InvalidRequestError) A value is required for bind parameter 'robot_display_name'\n[SQL: \n           INSERT INTO ganaly.robot_logs\n           (robot_name, robot_display_name, robot_version, token_id, user_id,\n            started_at, endpoint, level, request_data)\n           VALUES\n               (%(robot_name)s, %(robot_display_name)s, %(robot_version)s, %(token_id)s, %(user_id)s,\n                %(started_at)s, %(endpoint)s, %(level)s, %(request_data)s)\n               RETURNING id            ]\n[parameters: [{'robot_name': 'portfolio_updater_scheduler', 'robot_version': '1.0.0', 'token_id': 15, 'user_id': 1, 'started_at': datetime.datetime(2026, 3, 16, 14, 23, 6, 453032), 'endpoint': 'robot://portfolio_updater/scheduler'}]]\n(Background on this error at: https://sqlalche.me/e/20/cd3x)"}]}
2026-03-16 17:24:06.493 | INFO     | [SYSTEM:SCHEDULER] 🔄 Запуск цикла обновления
2026-03-16 17:24:06.525 | INFO     | [portfolio_updater:scheduler] 🔄 Найдено 1 токенов для обработки
2026-03-16 17:24:06.525 | INFO     | [portfolio_updater:scheduler] ▶️ Запуск робота v1.0.0
2026-03-16 17:24:06.525 | INFO     | [portfolio_updater:scheduler]    User ID: 1, Token ID: 15
2026-03-16 17:24:06.537 | ERROR    | [portfolio_updater:scheduler] ❌ Ошибка: (sqlalchemy.exc.InvalidRequestError) A value is required for bind parameter 'robot_display_name'
[SQL: 
           INSERT INTO ganaly.robot_logs
           (robot_name, robot_display_name, robot_version, token_id, user_id,
            started_at, endpoint, level, request_data)
           VALUES
               (%(robot_name)s, %(robot_display_name)s, %(robot_version)s, %(token_id)s, %(user_id)s,
                %(started_at)s, %(endpoint)s, %(level)s, %(request_data)s)
               RETURNING id            ]
[parameters: [{'robot_name': 'portfolio_updater_scheduler', 'robot_version': '1.0.0', 'token_id': 15, 'user_id': 1, 'started_at': datetime.datetime(2026, 3, 16, 14, 24, 6, 525888), 'endpoint': 'robot://portfolio_updater/scheduler'}]]
(Background on this error at: https://sqlalche.me/e/20/cd3x)
2026-03-16 17:24:06.537 | ERROR    | [portfolio_updater:scheduler] Traceback (most recent call last):
  File "C:\Users\Asus\AppData\Local\Programs\Python\Python311\Lib\site-packages\sqlalchemy\engine\base.py", line 1814, in _execute_context
    context = constructor(
              ^^^^^^^^^^^^
  File "C:\Users\Asus\AppData\Local\Programs\Python\Python311\Lib\site-packages\sqlalchemy\engine\default.py", line 1377, in _init_compiled
    self.compiled_parameters = [
                               ^
  File "C:\Users\Asus\AppData\Local\Programs\Python\Python311\Lib\site-packages\sqlalchemy\engine\default.py", line 1378, in <listcomp>
    compiled.construct_params(
  File "C:\Users\Asus\AppData\Local\Programs\Python\Python311\Lib\site-packages\sqlalchemy\sql\compiler.py", line 1906, in construct_params
    raise exc.InvalidRequestError(
sqlalchemy.exc.InvalidRequestError: A value is required for bind parameter 'robot_display_name' (Background on this error at: https://sqlalche.me/e/20/cd3x)

The above exception was the direct cause of the following exception:

Traceback (most recent call last):
  File "C:\Users\Asus\WebstormProject\gin\backend\app\modules\robots\base\base_robot.py", line 78, in run
    log_id = await self._create_db_log(user_id, token_id, started_at)
             ^^^^^^^^^^^^^^^^^^^^^^^^^^^^^^^^^^^^^^^^^^^^^^^^^^^^^^^^
  File "C:\Users\Asus\WebstormProject\gin\backend\app\modules\robots\base\base_robot.py", line 124, in _create_db_log
    result = self.db.execute(
             ^^^^^^^^^^^^^^^^
  File "C:\Users\Asus\AppData\Local\Programs\Python\Python311\Lib\site-packages\sqlalchemy\orm\session.py", line 2308, in execute
    return self._execute_internal(
           ^^^^^^^^^^^^^^^^^^^^^^^
  File "C:\Users\Asus\AppData\Local\Programs\Python\Python311\Lib\site-packages\sqlalchemy\orm\session.py", line 2199, in _execute_internal
    result = conn.execute(
             ^^^^^^^^^^^^^
  File "C:\Users\Asus\AppData\Local\Programs\Python\Python311\Lib\site-packages\sqlalchemy\engine\base.py", line 1416, in execute
    return meth(
           ^^^^^
  File "C:\Users\Asus\AppData\Local\Programs\Python\Python311\Lib\site-packages\sqlalchemy\sql\elements.py", line 516, in _execute_on_connection
    return connection._execute_clauseelement(
           ^^^^^^^^^^^^^^^^^^^^^^^^^^^^^^^^^^
  File "C:\Users\Asus\AppData\Local\Programs\Python\Python311\Lib\site-packages\sqlalchemy\engine\base.py", line 1639, in _execute_clauseelement
    ret = self._execute_context(
          ^^^^^^^^^^^^^^^^^^^^^^
  File "C:\Users\Asus\AppData\Local\Programs\Python\Python311\Lib\site-packages\sqlalchemy\engine\base.py", line 1820, in _execute_context
    self._handle_dbapi_exception(
  File "C:\Users\Asus\AppData\Local\Programs\Python\Python311\Lib\site-packages\sqlalchemy\engine\base.py", line 2343, in _handle_dbapi_exception
    raise sqlalchemy_exception.with_traceback(exc_info[2]) from e
  File "C:\Users\Asus\AppData\Local\Programs\Python\Python311\Lib\site-packages\sqlalchemy\engine\base.py", line 1814, in _execute_context
    context = constructor(
              ^^^^^^^^^^^^
  File "C:\Users\Asus\AppData\Local\Programs\Python\Python311\Lib\site-packages\sqlalchemy\engine\default.py", line 1377, in _init_compiled
    self.compiled_parameters = [
                               ^
  File "C:\Users\Asus\AppData\Local\Programs\Python\Python311\Lib\site-packages\sqlalchemy\engine\default.py", line 1378, in <listcomp>
    compiled.construct_params(
  File "C:\Users\Asus\AppData\Local\Programs\Python\Python311\Lib\site-packages\sqlalchemy\sql\compiler.py", line 1906, in construct_params
    raise exc.InvalidRequestError(
sqlalchemy.exc.StatementError: (sqlalchemy.exc.InvalidRequestError) A value is required for bind parameter 'robot_display_name'
[SQL: 
           INSERT INTO ganaly.robot_logs
           (robot_name, robot_display_name, robot_version, token_id, user_id,
            started_at, endpoint, level, request_data)
           VALUES
               (%(robot_name)s, %(robot_display_name)s, %(robot_version)s, %(token_id)s, %(user_id)s,
                %(started_at)s, %(endpoint)s, %(level)s, %(request_data)s)
               RETURNING id            ]
[parameters: [{'robot_name': 'portfolio_updater_scheduler', 'robot_version': '1.0.0', 'token_id': 15, 'user_id': 1, 'started_at': datetime.datetime(2026, 3, 16, 14, 24, 6, 525888), 'endpoint': 'robot://portfolio_updater/scheduler'}]]
(Background on this error at: https://sqlalche.me/e/20/cd3x)

2026-03-16 17:24:06.537 | ERROR    | [portfolio_updater:scheduler] ❌ Ошибка для токена 15: (sqlalchemy.exc.InvalidRequestError) A value is required for bind parameter 'robot_display_name'
[SQL: 
           INSERT INTO ganaly.robot_logs
           (robot_name, robot_display_name, robot_version, token_id, user_id,
            started_at, endpoint, level, request_data)
           VALUES
               (%(robot_name)s, %(robot_display_name)s, %(robot_version)s, %(token_id)s, %(user_id)s,
                %(started_at)s, %(endpoint)s, %(level)s, %(request_data)s)
               RETURNING id            ]
[parameters: [{'robot_name': 'portfolio_updater_scheduler', 'robot_version': '1.0.0', 'token_id': 15, 'user_id': 1, 'started_at': datetime.datetime(2026, 3, 16, 14, 24, 6, 525888), 'endpoint': 'robot://portfolio_updater/scheduler'}]]
(Background on this error at: https://sqlalche.me/e/20/cd3x)
2026-03-16 17:24:06.537 | INFO     | [portfolio_updater:scheduler] 📊 Итоги: всего=1, обработано=0, пропущено=0, ошибок=1
2026-03-16 17:24:06.537 | INFO     | [SYSTEM:SCHEDULER] ✅ Цикл завершен: {'total': 1, 'processed': 0, 'skipped': 0, 'errors': [{'token_id': 15, 'user_id': 1, 'error': "(sqlalchemy.exc.InvalidRequestError) A value is required for bind parameter 'robot_display_name'\n[SQL: \n           INSERT INTO ganaly.robot_logs\n           (robot_name, robot_display_name, robot_version, token_id, user_id,\n            started_at, endpoint, level, request_data)\n           VALUES\n               (%(robot_name)s, %(robot_display_name)s, %(robot_version)s, %(token_id)s, %(user_id)s,\n                %(started_at)s, %(endpoint)s, %(level)s, %(request_data)s)\n               RETURNING id            ]\n[parameters: [{'robot_name': 'portfolio_updater_scheduler', 'robot_version': '1.0.0', 'token_id': 15, 'user_id': 1, 'started_at': datetime.datetime(2026, 3, 16, 14, 24, 6, 525888), 'endpoint': 'robot://portfolio_updater/scheduler'}]]\n(Background on this error at: https://sqlalche.me/e/20/cd3x)"}]}
2026-03-16 17:25:06.551 | INFO     | [SYSTEM:SCHEDULER] 🔄 Запуск цикла обновления
2026-03-16 17:25:06.570 | INFO     | [portfolio_updater:scheduler] 🔄 Найдено 1 токенов для обработки
2026-03-16 17:25:06.570 | INFO     | [portfolio_updater:scheduler] ▶️ Запуск робота v1.0.0
2026-03-16 17:25:06.570 | INFO     | [portfolio_updater:scheduler]    User ID: 1, Token ID: 15
2026-03-16 17:25:06.581 | ERROR    | [portfolio_updater:scheduler] ❌ Ошибка: (sqlalchemy.exc.InvalidRequestError) A value is required for bind parameter 'robot_display_name'
[SQL: 
           INSERT INTO ganaly.robot_logs
           (robot_name, robot_display_name, robot_version, token_id, user_id,
            started_at, endpoint, level, request_data)
           VALUES
               (%(robot_name)s, %(robot_display_name)s, %(robot_version)s, %(token_id)s, %(user_id)s,
                %(started_at)s, %(endpoint)s, %(level)s, %(request_data)s)
               RETURNING id            ]
[parameters: [{'robot_name': 'portfolio_updater_scheduler', 'robot_version': '1.0.0', 'token_id': 15, 'user_id': 1, 'started_at': datetime.datetime(2026, 3, 16, 14, 25, 6, 570751), 'endpoint': 'robot://portfolio_updater/scheduler'}]]
(Background on this error at: https://sqlalche.me/e/20/cd3x)
2026-03-16 17:25:06.587 | ERROR    | [portfolio_updater:scheduler] Traceback (most recent call last):
  File "C:\Users\Asus\AppData\Local\Programs\Python\Python311\Lib\site-packages\sqlalchemy\engine\base.py", line 1814, in _execute_context
    context = constructor(
              ^^^^^^^^^^^^
  File "C:\Users\Asus\AppData\Local\Programs\Python\Python311\Lib\site-packages\sqlalchemy\engine\default.py", line 1377, in _init_compiled
    self.compiled_parameters = [
                               ^
  File "C:\Users\Asus\AppData\Local\Programs\Python\Python311\Lib\site-packages\sqlalchemy\engine\default.py", line 1378, in <listcomp>
    compiled.construct_params(
  File "C:\Users\Asus\AppData\Local\Programs\Python\Python311\Lib\site-packages\sqlalchemy\sql\compiler.py", line 1906, in construct_params
    raise exc.InvalidRequestError(
sqlalchemy.exc.InvalidRequestError: A value is required for bind parameter 'robot_display_name' (Background on this error at: https://sqlalche.me/e/20/cd3x)

The above exception was the direct cause of the following exception:

Traceback (most recent call last):
  File "C:\Users\Asus\WebstormProject\gin\backend\app\modules\robots\base\base_robot.py", line 78, in run
    log_id = await self._create_db_log(user_id, token_id, started_at)
             ^^^^^^^^^^^^^^^^^^^^^^^^^^^^^^^^^^^^^^^^^^^^^^^^^^^^^^^^
  File "C:\Users\Asus\WebstormProject\gin\backend\app\modules\robots\base\base_robot.py", line 124, in _create_db_log
    result = self.db.execute(
             ^^^^^^^^^^^^^^^^
  File "C:\Users\Asus\AppData\Local\Programs\Python\Python311\Lib\site-packages\sqlalchemy\orm\session.py", line 2308, in execute
    return self._execute_internal(
           ^^^^^^^^^^^^^^^^^^^^^^^
  File "C:\Users\Asus\AppData\Local\Programs\Python\Python311\Lib\site-packages\sqlalchemy\orm\session.py", line 2199, in _execute_internal
    result = conn.execute(
             ^^^^^^^^^^^^^
  File "C:\Users\Asus\AppData\Local\Programs\Python\Python311\Lib\site-packages\sqlalchemy\engine\base.py", line 1416, in execute
    return meth(
           ^^^^^
  File "C:\Users\Asus\AppData\Local\Programs\Python\Python311\Lib\site-packages\sqlalchemy\sql\elements.py", line 516, in _execute_on_connection
    return connection._execute_clauseelement(
           ^^^^^^^^^^^^^^^^^^^^^^^^^^^^^^^^^^
  File "C:\Users\Asus\AppData\Local\Programs\Python\Python311\Lib\site-packages\sqlalchemy\engine\base.py", line 1639, in _execute_clauseelement
    ret = self._execute_context(
          ^^^^^^^^^^^^^^^^^^^^^^
  File "C:\Users\Asus\AppData\Local\Programs\Python\Python311\Lib\site-packages\sqlalchemy\engine\base.py", line 1820, in _execute_context
    self._handle_dbapi_exception(
  File "C:\Users\Asus\AppData\Local\Programs\Python\Python311\Lib\site-packages\sqlalchemy\engine\base.py", line 2343, in _handle_dbapi_exception
    raise sqlalchemy_exception.with_traceback(exc_info[2]) from e
  File "C:\Users\Asus\AppData\Local\Programs\Python\Python311\Lib\site-packages\sqlalchemy\engine\base.py", line 1814, in _execute_context
    context = constructor(
              ^^^^^^^^^^^^
  File "C:\Users\Asus\AppData\Local\Programs\Python\Python311\Lib\site-packages\sqlalchemy\engine\default.py", line 1377, in _init_compiled
    self.compiled_parameters = [
                               ^
  File "C:\Users\Asus\AppData\Local\Programs\Python\Python311\Lib\site-packages\sqlalchemy\engine\default.py", line 1378, in <listcomp>
    compiled.construct_params(
  File "C:\Users\Asus\AppData\Local\Programs\Python\Python311\Lib\site-packages\sqlalchemy\sql\compiler.py", line 1906, in construct_params
    raise exc.InvalidRequestError(
sqlalchemy.exc.StatementError: (sqlalchemy.exc.InvalidRequestError) A value is required for bind parameter 'robot_display_name'
[SQL: 
           INSERT INTO ganaly.robot_logs
           (robot_name, robot_display_name, robot_version, token_id, user_id,
            started_at, endpoint, level, request_data)
           VALUES
               (%(robot_name)s, %(robot_display_name)s, %(robot_version)s, %(token_id)s, %(user_id)s,
                %(started_at)s, %(endpoint)s, %(level)s, %(request_data)s)
               RETURNING id            ]
[parameters: [{'robot_name': 'portfolio_updater_scheduler', 'robot_version': '1.0.0', 'token_id': 15, 'user_id': 1, 'started_at': datetime.datetime(2026, 3, 16, 14, 25, 6, 570751), 'endpoint': 'robot://portfolio_updater/scheduler'}]]
(Background on this error at: https://sqlalche.me/e/20/cd3x)

2026-03-16 17:25:06.588 | ERROR    | [portfolio_updater:scheduler] ❌ Ошибка для токена 15: (sqlalchemy.exc.InvalidRequestError) A value is required for bind parameter 'robot_display_name'
[SQL: 
           INSERT INTO ganaly.robot_logs
           (robot_name, robot_display_name, robot_version, token_id, user_id,
            started_at, endpoint, level, request_data)
           VALUES
               (%(robot_name)s, %(robot_display_name)s, %(robot_version)s, %(token_id)s, %(user_id)s,
                %(started_at)s, %(endpoint)s, %(level)s, %(request_data)s)
               RETURNING id            ]
[parameters: [{'robot_name': 'portfolio_updater_scheduler', 'robot_version': '1.0.0', 'token_id': 15, 'user_id': 1, 'started_at': datetime.datetime(2026, 3, 16, 14, 25, 6, 570751), 'endpoint': 'robot://portfolio_updater/scheduler'}]]
(Background on this error at: https://sqlalche.me/e/20/cd3x)
2026-03-16 17:25:06.588 | INFO     | [portfolio_updater:scheduler] 📊 Итоги: всего=1, обработано=0, пропущено=0, ошибок=1
2026-03-16 17:25:06.588 | INFO     | [SYSTEM:SCHEDULER] ✅ Цикл завершен: {'total': 1, 'processed': 0, 'skipped': 0, 'errors': [{'token_id': 15, 'user_id': 1, 'error': "(sqlalchemy.exc.InvalidRequestError) A value is required for bind parameter 'robot_display_name'\n[SQL: \n           INSERT INTO ganaly.robot_logs\n           (robot_name, robot_display_name, robot_version, token_id, user_id,\n            started_at, endpoint, level, request_data)\n           VALUES\n               (%(robot_name)s, %(robot_display_name)s, %(robot_version)s, %(token_id)s, %(user_id)s,\n                %(started_at)s, %(endpoint)s, %(level)s, %(request_data)s)\n               RETURNING id            ]\n[parameters: [{'robot_name': 'portfolio_updater_scheduler', 'robot_version': '1.0.0', 'token_id': 15, 'user_id': 1, 'started_at': datetime.datetime(2026, 3, 16, 14, 25, 6, 570751), 'endpoint': 'robot://portfolio_updater/scheduler'}]]\n(Background on this error at: https://sqlalche.me/e/20/cd3x)"}]}
2026-03-16 17:25:35.292 | INFO     | [SYSTEM:MAIN] 🛑 Приложение остановлено
2026-03-16 17:25:35.292 | INFO     | [SYSTEM:SCHEDULER] 🛑 Планировщик остановлен
2026-03-16 17:25:38.317 | INFO     | [SYSTEM:BOOT] ====================================================================================================
2026-03-16 17:25:38.317 | INFO     | [SYSTEM:BOOT] НОВЫЙ ПЕРИОД ЛОГИРОВАНИЯ: 2026-03-16 17:25:38
2026-03-16 17:25:38.317 | INFO     | [SYSTEM:BOOT] ====================================================================================================
2026-03-16 17:25:38.872 | INFO     | [SYSTEM:MAIN] 🚀 Приложение запущено
2026-03-16 17:25:38.872 | INFO     | [SYSTEM:SCHEDULER] 🚀 Запуск главного планировщика
2026-03-16 17:25:38.872 | INFO     | [SYSTEM:SCHEDULER] 🔄 Запуск цикла обновления
2026-03-16 17:25:38.984 | INFO     | [portfolio_updater:scheduler] 🔄 Найдено 1 токенов для обработки
2026-03-16 17:25:38.984 | INFO     | [portfolio_updater:scheduler] ▶️ Запуск робота v1.0.0
2026-03-16 17:25:38.984 | INFO     | [portfolio_updater:scheduler]    User ID: 1, Token ID: 15
2026-03-16 17:25:39.042 | ERROR    | [portfolio_updater:scheduler] ❌ Ошибка: (psycopg2.errors.UndefinedColumn) column "robot_display_name" of relation "robot_logs" does not exist
LINE 3:            (robot_name, robot_display_name, robot_version, t...
                                ^

[SQL: 
           INSERT INTO ganaly.robot_logs
           (robot_name, robot_display_name, robot_version, token_id, user_id,
            started_at, endpoint, level, request_data)
           VALUES
               (%(robot_name)s, %(robot_display_name)s, %(robot_version)s, %(token_id)s, %(user_id)s,
                %(started_at)s, %(endpoint)s, %(level)s, %(request_data)s)
               RETURNING id            ]
[parameters: {'robot_name': 'portfolio_updater_scheduler', 'robot_display_name': 'scheduler', 'robot_version': '1.0.0', 'token_id': 15, 'user_id': 1, 'started_at': datetime.datetime(2026, 3, 16, 14, 25, 38, 984146), 'endpoint': 'robot://portfolio_updater/scheduler', 'level': 'INFO', 'request_data': None}]
(Background on this error at: https://sqlalche.me/e/20/f405)
2026-03-16 17:25:39.042 | ERROR    | [portfolio_updater:scheduler] Traceback (most recent call last):
  File "C:\Users\Asus\AppData\Local\Programs\Python\Python311\Lib\site-packages\sqlalchemy\engine\base.py", line 1969, in _exec_single_context
    self.dialect.do_execute(
  File "C:\Users\Asus\AppData\Local\Programs\Python\Python311\Lib\site-packages\sqlalchemy\engine\default.py", line 922, in do_execute
    cursor.execute(statement, parameters)
psycopg2.errors.UndefinedColumn: column "robot_display_name" of relation "robot_logs" does not exist
LINE 3:            (robot_name, robot_display_name, robot_version, t...
                                ^


The above exception was the direct cause of the following exception:

Traceback (most recent call last):
  File "C:\Users\Asus\WebstormProject\gin\backend\app\modules\robots\base\base_robot.py", line 78, in run
    log_id = await self._create_db_log(user_id, token_id, started_at)
             ^^^^^^^^^^^^^^^^^^^^^^^^^^^^^^^^^^^^^^^^^^^^^^^^^^^^^^^^
  File "C:\Users\Asus\WebstormProject\gin\backend\app\modules\robots\base\base_robot.py", line 124, in _create_db_log
    result = self.db.execute(
             ^^^^^^^^^^^^^^^^
  File "C:\Users\Asus\AppData\Local\Programs\Python\Python311\Lib\site-packages\sqlalchemy\orm\session.py", line 2308, in execute
    return self._execute_internal(
           ^^^^^^^^^^^^^^^^^^^^^^^
  File "C:\Users\Asus\AppData\Local\Programs\Python\Python311\Lib\site-packages\sqlalchemy\orm\session.py", line 2199, in _execute_internal
    result = conn.execute(
             ^^^^^^^^^^^^^
  File "C:\Users\Asus\AppData\Local\Programs\Python\Python311\Lib\site-packages\sqlalchemy\engine\base.py", line 1416, in execute
    return meth(
           ^^^^^
  File "C:\Users\Asus\AppData\Local\Programs\Python\Python311\Lib\site-packages\sqlalchemy\sql\elements.py", line 516, in _execute_on_connection
    return connection._execute_clauseelement(
           ^^^^^^^^^^^^^^^^^^^^^^^^^^^^^^^^^^
  File "C:\Users\Asus\AppData\Local\Programs\Python\Python311\Lib\site-packages\sqlalchemy\engine\base.py", line 1639, in _execute_clauseelement
    ret = self._execute_context(
          ^^^^^^^^^^^^^^^^^^^^^^
  File "C:\Users\Asus\AppData\Local\Programs\Python\Python311\Lib\site-packages\sqlalchemy\engine\base.py", line 1848, in _execute_context
    return self._exec_single_context(
           ^^^^^^^^^^^^^^^^^^^^^^^^^^
  File "C:\Users\Asus\AppData\Local\Programs\Python\Python311\Lib\site-packages\sqlalchemy\engine\base.py", line 1988, in _exec_single_context
    self._handle_dbapi_exception(
  File "C:\Users\Asus\AppData\Local\Programs\Python\Python311\Lib\site-packages\sqlalchemy\engine\base.py", line 2343, in _handle_dbapi_exception
    raise sqlalchemy_exception.with_traceback(exc_info[2]) from e
  File "C:\Users\Asus\AppData\Local\Programs\Python\Python311\Lib\site-packages\sqlalchemy\engine\base.py", line 1969, in _exec_single_context
    self.dialect.do_execute(
  File "C:\Users\Asus\AppData\Local\Programs\Python\Python311\Lib\site-packages\sqlalchemy\engine\default.py", line 922, in do_execute
    cursor.execute(statement, parameters)
sqlalchemy.exc.ProgrammingError: (psycopg2.errors.UndefinedColumn) column "robot_display_name" of relation "robot_logs" does not exist
LINE 3:            (robot_name, robot_display_name, robot_version, t...
                                ^

[SQL: 
           INSERT INTO ganaly.robot_logs
           (robot_name, robot_display_name, robot_version, token_id, user_id,
            started_at, endpoint, level, request_data)
           VALUES
               (%(robot_name)s, %(robot_display_name)s, %(robot_version)s, %(token_id)s, %(user_id)s,
                %(started_at)s, %(endpoint)s, %(level)s, %(request_data)s)
               RETURNING id            ]
[parameters: {'robot_name': 'portfolio_updater_scheduler', 'robot_display_name': 'scheduler', 'robot_version': '1.0.0', 'token_id': 15, 'user_id': 1, 'started_at': datetime.datetime(2026, 3, 16, 14, 25, 38, 984146), 'endpoint': 'robot://portfolio_updater/scheduler', 'level': 'INFO', 'request_data': None}]
(Background on this error at: https://sqlalche.me/e/20/f405)

2026-03-16 17:25:39.042 | ERROR    | [portfolio_updater:scheduler] ❌ Ошибка для токена 15: (psycopg2.errors.UndefinedColumn) column "robot_display_name" of relation "robot_logs" does not exist
LINE 3:            (robot_name, robot_display_name, robot_version, t...
                                ^

[SQL: 
           INSERT INTO ganaly.robot_logs
           (robot_name, robot_display_name, robot_version, token_id, user_id,
            started_at, endpoint, level, request_data)
           VALUES
               (%(robot_name)s, %(robot_display_name)s, %(robot_version)s, %(token_id)s, %(user_id)s,
                %(started_at)s, %(endpoint)s, %(level)s, %(request_data)s)
               RETURNING id            ]
[parameters: {'robot_name': 'portfolio_updater_scheduler', 'robot_display_name': 'scheduler', 'robot_version': '1.0.0', 'token_id': 15, 'user_id': 1, 'started_at': datetime.datetime(2026, 3, 16, 14, 25, 38, 984146), 'endpoint': 'robot://portfolio_updater/scheduler', 'level': 'INFO', 'request_data': None}]
(Background on this error at: https://sqlalche.me/e/20/f405)
2026-03-16 17:25:39.042 | INFO     | [portfolio_updater:scheduler] 📊 Итоги: всего=1, обработано=0, пропущено=0, ошибок=1
2026-03-16 17:25:39.042 | INFO     | [SYSTEM:SCHEDULER] ✅ Цикл завершен: {'total': 1, 'processed': 0, 'skipped': 0, 'errors': [{'token_id': 15, 'user_id': 1, 'error': '(psycopg2.errors.UndefinedColumn) column "robot_display_name" of relation "robot_logs" does not exist\nLINE 3:            (robot_name, robot_display_name, robot_version, t...\n                                ^\n\n[SQL: \n           INSERT INTO ganaly.robot_logs\n           (robot_name, robot_display_name, robot_version, token_id, user_id,\n            started_at, endpoint, level, request_data)\n           VALUES\n               (%(robot_name)s, %(robot_display_name)s, %(robot_version)s, %(token_id)s, %(user_id)s,\n                %(started_at)s, %(endpoint)s, %(level)s, %(request_data)s)\n               RETURNING id            ]\n[parameters: {\'robot_name\': \'portfolio_updater_scheduler\', \'robot_display_name\': \'scheduler\', \'robot_version\': \'1.0.0\', \'token_id\': 15, \'user_id\': 1, \'started_at\': datetime.datetime(2026, 3, 16, 14, 25, 38, 984146), \'endpoint\': \'robot://portfolio_updater/scheduler\', \'level\': \'INFO\', \'request_data\': None}]\n(Background on this error at: https://sqlalche.me/e/20/f405)'}]}
2026-03-16 17:26:39.071 | INFO     | [SYSTEM:SCHEDULER] 🔄 Запуск цикла обновления
2026-03-16 17:26:39.086 | INFO     | [portfolio_updater:scheduler] 🔄 Найдено 1 токенов для обработки
2026-03-16 17:26:39.088 | INFO     | [portfolio_updater:scheduler] ▶️ Запуск робота v1.0.0
2026-03-16 17:26:39.088 | INFO     | [portfolio_updater:scheduler]    User ID: 1, Token ID: 15
2026-03-16 17:26:39.103 | ERROR    | [portfolio_updater:scheduler] ❌ Ошибка: (psycopg2.errors.UndefinedColumn) column "robot_display_name" of relation "robot_logs" does not exist
LINE 3:            (robot_name, robot_display_name, robot_version, t...
                                ^

[SQL: 
           INSERT INTO ganaly.robot_logs
           (robot_name, robot_display_name, robot_version, token_id, user_id,
            started_at, endpoint, level, request_data)
           VALUES
               (%(robot_name)s, %(robot_display_name)s, %(robot_version)s, %(token_id)s, %(user_id)s,
                %(started_at)s, %(endpoint)s, %(level)s, %(request_data)s)
               RETURNING id            ]
[parameters: {'robot_name': 'portfolio_updater_scheduler', 'robot_display_name': 'scheduler', 'robot_version': '1.0.0', 'token_id': 15, 'user_id': 1, 'started_at': datetime.datetime(2026, 3, 16, 14, 26, 39, 88504), 'endpoint': 'robot://portfolio_updater/scheduler', 'level': 'INFO', 'request_data': None}]
(Background on this error at: https://sqlalche.me/e/20/f405)
2026-03-16 17:26:39.106 | ERROR    | [portfolio_updater:scheduler] Traceback (most recent call last):
  File "C:\Users\Asus\AppData\Local\Programs\Python\Python311\Lib\site-packages\sqlalchemy\engine\base.py", line 1969, in _exec_single_context
    self.dialect.do_execute(
  File "C:\Users\Asus\AppData\Local\Programs\Python\Python311\Lib\site-packages\sqlalchemy\engine\default.py", line 922, in do_execute
    cursor.execute(statement, parameters)
psycopg2.errors.UndefinedColumn: column "robot_display_name" of relation "robot_logs" does not exist
LINE 3:            (robot_name, robot_display_name, robot_version, t...
                                ^


The above exception was the direct cause of the following exception:

Traceback (most recent call last):
  File "C:\Users\Asus\WebstormProject\gin\backend\app\modules\robots\base\base_robot.py", line 78, in run
    log_id = await self._create_db_log(user_id, token_id, started_at)
             ^^^^^^^^^^^^^^^^^^^^^^^^^^^^^^^^^^^^^^^^^^^^^^^^^^^^^^^^
  File "C:\Users\Asus\WebstormProject\gin\backend\app\modules\robots\base\base_robot.py", line 124, in _create_db_log
    result = self.db.execute(
             ^^^^^^^^^^^^^^^^
  File "C:\Users\Asus\AppData\Local\Programs\Python\Python311\Lib\site-packages\sqlalchemy\orm\session.py", line 2308, in execute
    return self._execute_internal(
           ^^^^^^^^^^^^^^^^^^^^^^^
  File "C:\Users\Asus\AppData\Local\Programs\Python\Python311\Lib\site-packages\sqlalchemy\orm\session.py", line 2199, in _execute_internal
    result = conn.execute(
             ^^^^^^^^^^^^^
  File "C:\Users\Asus\AppData\Local\Programs\Python\Python311\Lib\site-packages\sqlalchemy\engine\base.py", line 1416, in execute
    return meth(
           ^^^^^
  File "C:\Users\Asus\AppData\Local\Programs\Python\Python311\Lib\site-packages\sqlalchemy\sql\elements.py", line 516, in _execute_on_connection
    return connection._execute_clauseelement(
           ^^^^^^^^^^^^^^^^^^^^^^^^^^^^^^^^^^
  File "C:\Users\Asus\AppData\Local\Programs\Python\Python311\Lib\site-packages\sqlalchemy\engine\base.py", line 1639, in _execute_clauseelement
    ret = self._execute_context(
          ^^^^^^^^^^^^^^^^^^^^^^
  File "C:\Users\Asus\AppData\Local\Programs\Python\Python311\Lib\site-packages\sqlalchemy\engine\base.py", line 1848, in _execute_context
    return self._exec_single_context(
           ^^^^^^^^^^^^^^^^^^^^^^^^^^
  File "C:\Users\Asus\AppData\Local\Programs\Python\Python311\Lib\site-packages\sqlalchemy\engine\base.py", line 1988, in _exec_single_context
    self._handle_dbapi_exception(
  File "C:\Users\Asus\AppData\Local\Programs\Python\Python311\Lib\site-packages\sqlalchemy\engine\base.py", line 2343, in _handle_dbapi_exception
    raise sqlalchemy_exception.with_traceback(exc_info[2]) from e
  File "C:\Users\Asus\AppData\Local\Programs\Python\Python311\Lib\site-packages\sqlalchemy\engine\base.py", line 1969, in _exec_single_context
    self.dialect.do_execute(
  File "C:\Users\Asus\AppData\Local\Programs\Python\Python311\Lib\site-packages\sqlalchemy\engine\default.py", line 922, in do_execute
    cursor.execute(statement, parameters)
sqlalchemy.exc.ProgrammingError: (psycopg2.errors.UndefinedColumn) column "robot_display_name" of relation "robot_logs" does not exist
LINE 3:            (robot_name, robot_display_name, robot_version, t...
                                ^

[SQL: 
           INSERT INTO ganaly.robot_logs
           (robot_name, robot_display_name, robot_version, token_id, user_id,
            started_at, endpoint, level, request_data)
           VALUES
               (%(robot_name)s, %(robot_display_name)s, %(robot_version)s, %(token_id)s, %(user_id)s,
                %(started_at)s, %(endpoint)s, %(level)s, %(request_data)s)
               RETURNING id            ]
[parameters: {'robot_name': 'portfolio_updater_scheduler', 'robot_display_name': 'scheduler', 'robot_version': '1.0.0', 'token_id': 15, 'user_id': 1, 'started_at': datetime.datetime(2026, 3, 16, 14, 26, 39, 88504), 'endpoint': 'robot://portfolio_updater/scheduler', 'level': 'INFO', 'request_data': None}]
(Background on this error at: https://sqlalche.me/e/20/f405)

2026-03-16 17:26:39.115 | ERROR    | [portfolio_updater:scheduler] ❌ Ошибка для токена 15: (psycopg2.errors.UndefinedColumn) column "robot_display_name" of relation "robot_logs" does not exist
LINE 3:            (robot_name, robot_display_name, robot_version, t...
                                ^

[SQL: 
           INSERT INTO ganaly.robot_logs
           (robot_name, robot_display_name, robot_version, token_id, user_id,
            started_at, endpoint, level, request_data)
           VALUES
               (%(robot_name)s, %(robot_display_name)s, %(robot_version)s, %(token_id)s, %(user_id)s,
                %(started_at)s, %(endpoint)s, %(level)s, %(request_data)s)
               RETURNING id            ]
[parameters: {'robot_name': 'portfolio_updater_scheduler', 'robot_display_name': 'scheduler', 'robot_version': '1.0.0', 'token_id': 15, 'user_id': 1, 'started_at': datetime.datetime(2026, 3, 16, 14, 26, 39, 88504), 'endpoint': 'robot://portfolio_updater/scheduler', 'level': 'INFO', 'request_data': None}]
(Background on this error at: https://sqlalche.me/e/20/f405)
2026-03-16 17:26:39.115 | INFO     | [portfolio_updater:scheduler] 📊 Итоги: всего=1, обработано=0, пропущено=0, ошибок=1
2026-03-16 17:26:39.115 | INFO     | [SYSTEM:SCHEDULER] ✅ Цикл завершен: {'total': 1, 'processed': 0, 'skipped': 0, 'errors': [{'token_id': 15, 'user_id': 1, 'error': '(psycopg2.errors.UndefinedColumn) column "robot_display_name" of relation "robot_logs" does not exist\nLINE 3:            (robot_name, robot_display_name, robot_version, t...\n                                ^\n\n[SQL: \n           INSERT INTO ganaly.robot_logs\n           (robot_name, robot_display_name, robot_version, token_id, user_id,\n            started_at, endpoint, level, request_data)\n           VALUES\n               (%(robot_name)s, %(robot_display_name)s, %(robot_version)s, %(token_id)s, %(user_id)s,\n                %(started_at)s, %(endpoint)s, %(level)s, %(request_data)s)\n               RETURNING id            ]\n[parameters: {\'robot_name\': \'portfolio_updater_scheduler\', \'robot_display_name\': \'scheduler\', \'robot_version\': \'1.0.0\', \'token_id\': 15, \'user_id\': 1, \'started_at\': datetime.datetime(2026, 3, 16, 14, 26, 39, 88504), \'endpoint\': \'robot://portfolio_updater/scheduler\', \'level\': \'INFO\', \'request_data\': None}]\n(Background on this error at: https://sqlalche.me/e/20/f405)'}]}
2026-03-16 17:27:39.131 | INFO     | [SYSTEM:SCHEDULER] 🔄 Запуск цикла обновления
2026-03-16 17:27:39.147 | INFO     | [portfolio_updater:scheduler] 🔄 Найдено 1 токенов для обработки
2026-03-16 17:27:39.147 | INFO     | [portfolio_updater:scheduler] ▶️ Запуск робота v1.0.0
2026-03-16 17:27:39.147 | INFO     | [portfolio_updater:scheduler]    User ID: 1, Token ID: 15
2026-03-16 17:27:39.160 | ERROR    | [portfolio_updater:scheduler] ❌ Ошибка: (psycopg2.errors.UndefinedColumn) column "robot_display_name" of relation "robot_logs" does not exist
LINE 3:            (robot_name, robot_display_name, robot_version, t...
                                ^

[SQL: 
           INSERT INTO ganaly.robot_logs
           (robot_name, robot_display_name, robot_version, token_id, user_id,
            started_at, endpoint, level, request_data)
           VALUES
               (%(robot_name)s, %(robot_display_name)s, %(robot_version)s, %(token_id)s, %(user_id)s,
                %(started_at)s, %(endpoint)s, %(level)s, %(request_data)s)
               RETURNING id            ]
[parameters: {'robot_name': 'portfolio_updater_scheduler', 'robot_display_name': 'scheduler', 'robot_version': '1.0.0', 'token_id': 15, 'user_id': 1, 'started_at': datetime.datetime(2026, 3, 16, 14, 27, 39, 147665), 'endpoint': 'robot://portfolio_updater/scheduler', 'level': 'INFO', 'request_data': None}]
(Background on this error at: https://sqlalche.me/e/20/f405)
2026-03-16 17:27:39.161 | ERROR    | [portfolio_updater:scheduler] Traceback (most recent call last):
  File "C:\Users\Asus\AppData\Local\Programs\Python\Python311\Lib\site-packages\sqlalchemy\engine\base.py", line 1969, in _exec_single_context
    self.dialect.do_execute(
  File "C:\Users\Asus\AppData\Local\Programs\Python\Python311\Lib\site-packages\sqlalchemy\engine\default.py", line 922, in do_execute
    cursor.execute(statement, parameters)
psycopg2.errors.UndefinedColumn: column "robot_display_name" of relation "robot_logs" does not exist
LINE 3:            (robot_name, robot_display_name, robot_version, t...
                                ^


The above exception was the direct cause of the following exception:

Traceback (most recent call last):
  File "C:\Users\Asus\WebstormProject\gin\backend\app\modules\robots\base\base_robot.py", line 78, in run
    log_id = await self._create_db_log(user_id, token_id, started_at)
             ^^^^^^^^^^^^^^^^^^^^^^^^^^^^^^^^^^^^^^^^^^^^^^^^^^^^^^^^
  File "C:\Users\Asus\WebstormProject\gin\backend\app\modules\robots\base\base_robot.py", line 124, in _create_db_log
    result = self.db.execute(
             ^^^^^^^^^^^^^^^^
  File "C:\Users\Asus\AppData\Local\Programs\Python\Python311\Lib\site-packages\sqlalchemy\orm\session.py", line 2308, in execute
    return self._execute_internal(
           ^^^^^^^^^^^^^^^^^^^^^^^
  File "C:\Users\Asus\AppData\Local\Programs\Python\Python311\Lib\site-packages\sqlalchemy\orm\session.py", line 2199, in _execute_internal
    result = conn.execute(
             ^^^^^^^^^^^^^
  File "C:\Users\Asus\AppData\Local\Programs\Python\Python311\Lib\site-packages\sqlalchemy\engine\base.py", line 1416, in execute
    return meth(
           ^^^^^
  File "C:\Users\Asus\AppData\Local\Programs\Python\Python311\Lib\site-packages\sqlalchemy\sql\elements.py", line 516, in _execute_on_connection
    return connection._execute_clauseelement(
           ^^^^^^^^^^^^^^^^^^^^^^^^^^^^^^^^^^
  File "C:\Users\Asus\AppData\Local\Programs\Python\Python311\Lib\site-packages\sqlalchemy\engine\base.py", line 1639, in _execute_clauseelement
    ret = self._execute_context(
          ^^^^^^^^^^^^^^^^^^^^^^
  File "C:\Users\Asus\AppData\Local\Programs\Python\Python311\Lib\site-packages\sqlalchemy\engine\base.py", line 1848, in _execute_context
    return self._exec_single_context(
           ^^^^^^^^^^^^^^^^^^^^^^^^^^
  File "C:\Users\Asus\AppData\Local\Programs\Python\Python311\Lib\site-packages\sqlalchemy\engine\base.py", line 1988, in _exec_single_context
    self._handle_dbapi_exception(
  File "C:\Users\Asus\AppData\Local\Programs\Python\Python311\Lib\site-packages\sqlalchemy\engine\base.py", line 2343, in _handle_dbapi_exception
    raise sqlalchemy_exception.with_traceback(exc_info[2]) from e
  File "C:\Users\Asus\AppData\Local\Programs\Python\Python311\Lib\site-packages\sqlalchemy\engine\base.py", line 1969, in _exec_single_context
    self.dialect.do_execute(
  File "C:\Users\Asus\AppData\Local\Programs\Python\Python311\Lib\site-packages\sqlalchemy\engine\default.py", line 922, in do_execute
    cursor.execute(statement, parameters)
sqlalchemy.exc.ProgrammingError: (psycopg2.errors.UndefinedColumn) column "robot_display_name" of relation "robot_logs" does not exist
LINE 3:            (robot_name, robot_display_name, robot_version, t...
                                ^

[SQL: 
           INSERT INTO ganaly.robot_logs
           (robot_name, robot_display_name, robot_version, token_id, user_id,
            started_at, endpoint, level, request_data)
           VALUES
               (%(robot_name)s, %(robot_display_name)s, %(robot_version)s, %(token_id)s, %(user_id)s,
                %(started_at)s, %(endpoint)s, %(level)s, %(request_data)s)
               RETURNING id            ]
[parameters: {'robot_name': 'portfolio_updater_scheduler', 'robot_display_name': 'scheduler', 'robot_version': '1.0.0', 'token_id': 15, 'user_id': 1, 'started_at': datetime.datetime(2026, 3, 16, 14, 27, 39, 147665), 'endpoint': 'robot://portfolio_updater/scheduler', 'level': 'INFO', 'request_data': None}]
(Background on this error at: https://sqlalche.me/e/20/f405)

2026-03-16 17:27:39.168 | ERROR    | [portfolio_updater:scheduler] ❌ Ошибка для токена 15: (psycopg2.errors.UndefinedColumn) column "robot_display_name" of relation "robot_logs" does not exist
LINE 3:            (robot_name, robot_display_name, robot_version, t...
                                ^

[SQL: 
           INSERT INTO ganaly.robot_logs
           (robot_name, robot_display_name, robot_version, token_id, user_id,
            started_at, endpoint, level, request_data)
           VALUES
               (%(robot_name)s, %(robot_display_name)s, %(robot_version)s, %(token_id)s, %(user_id)s,
                %(started_at)s, %(endpoint)s, %(level)s, %(request_data)s)
               RETURNING id            ]
[parameters: {'robot_name': 'portfolio_updater_scheduler', 'robot_display_name': 'scheduler', 'robot_version': '1.0.0', 'token_id': 15, 'user_id': 1, 'started_at': datetime.datetime(2026, 3, 16, 14, 27, 39, 147665), 'endpoint': 'robot://portfolio_updater/scheduler', 'level': 'INFO', 'request_data': None}]
(Background on this error at: https://sqlalche.me/e/20/f405)
2026-03-16 17:27:39.168 | INFO     | [portfolio_updater:scheduler] 📊 Итоги: всего=1, обработано=0, пропущено=0, ошибок=1
2026-03-16 17:27:39.168 | INFO     | [SYSTEM:SCHEDULER] ✅ Цикл завершен: {'total': 1, 'processed': 0, 'skipped': 0, 'errors': [{'token_id': 15, 'user_id': 1, 'error': '(psycopg2.errors.UndefinedColumn) column "robot_display_name" of relation "robot_logs" does not exist\nLINE 3:            (robot_name, robot_display_name, robot_version, t...\n                                ^\n\n[SQL: \n           INSERT INTO ganaly.robot_logs\n           (robot_name, robot_display_name, robot_version, token_id, user_id,\n            started_at, endpoint, level, request_data)\n           VALUES\n               (%(robot_name)s, %(robot_display_name)s, %(robot_version)s, %(token_id)s, %(user_id)s,\n                %(started_at)s, %(endpoint)s, %(level)s, %(request_data)s)\n               RETURNING id            ]\n[parameters: {\'robot_name\': \'portfolio_updater_scheduler\', \'robot_display_name\': \'scheduler\', \'robot_version\': \'1.0.0\', \'token_id\': 15, \'user_id\': 1, \'started_at\': datetime.datetime(2026, 3, 16, 14, 27, 39, 147665), \'endpoint\': \'robot://portfolio_updater/scheduler\', \'level\': \'INFO\', \'request_data\': None}]\n(Background on this error at: https://sqlalche.me/e/20/f405)'}]}
2026-03-16 17:28:39.167 | INFO     | [SYSTEM:SCHEDULER] 🔄 Запуск цикла обновления
2026-03-16 17:28:39.185 | INFO     | [portfolio_updater:scheduler] 🔄 Найдено 1 токенов для обработки
2026-03-16 17:28:39.187 | INFO     | [portfolio_updater:scheduler] ▶️ Запуск робота v1.0.0
2026-03-16 17:28:39.187 | INFO     | [portfolio_updater:scheduler]    User ID: 1, Token ID: 15
2026-03-16 17:28:39.207 | ERROR    | [portfolio_updater:scheduler] ❌ Ошибка: (psycopg2.errors.UndefinedColumn) column "robot_display_name" of relation "robot_logs" does not exist
LINE 3:            (robot_name, robot_display_name, robot_version, t...
                                ^

[SQL: 
           INSERT INTO ganaly.robot_logs
           (robot_name, robot_display_name, robot_version, token_id, user_id,
            started_at, endpoint, level, request_data)
           VALUES
               (%(robot_name)s, %(robot_display_name)s, %(robot_version)s, %(token_id)s, %(user_id)s,
                %(started_at)s, %(endpoint)s, %(level)s, %(request_data)s)
               RETURNING id            ]
[parameters: {'robot_name': 'portfolio_updater_scheduler', 'robot_display_name': 'scheduler', 'robot_version': '1.0.0', 'token_id': 15, 'user_id': 1, 'started_at': datetime.datetime(2026, 3, 16, 14, 28, 39, 187870), 'endpoint': 'robot://portfolio_updater/scheduler', 'level': 'INFO', 'request_data': None}]
(Background on this error at: https://sqlalche.me/e/20/f405)
2026-03-16 17:28:39.211 | ERROR    | [portfolio_updater:scheduler] Traceback (most recent call last):
  File "C:\Users\Asus\AppData\Local\Programs\Python\Python311\Lib\site-packages\sqlalchemy\engine\base.py", line 1969, in _exec_single_context
    self.dialect.do_execute(
  File "C:\Users\Asus\AppData\Local\Programs\Python\Python311\Lib\site-packages\sqlalchemy\engine\default.py", line 922, in do_execute
    cursor.execute(statement, parameters)
psycopg2.errors.UndefinedColumn: column "robot_display_name" of relation "robot_logs" does not exist
LINE 3:            (robot_name, robot_display_name, robot_version, t...
                                ^


The above exception was the direct cause of the following exception:

Traceback (most recent call last):
  File "C:\Users\Asus\WebstormProject\gin\backend\app\modules\robots\base\base_robot.py", line 78, in run
    log_id = await self._create_db_log(user_id, token_id, started_at)
             ^^^^^^^^^^^^^^^^^^^^^^^^^^^^^^^^^^^^^^^^^^^^^^^^^^^^^^^^
  File "C:\Users\Asus\WebstormProject\gin\backend\app\modules\robots\base\base_robot.py", line 124, in _create_db_log
    result = self.db.execute(
             ^^^^^^^^^^^^^^^^
  File "C:\Users\Asus\AppData\Local\Programs\Python\Python311\Lib\site-packages\sqlalchemy\orm\session.py", line 2308, in execute
    return self._execute_internal(
           ^^^^^^^^^^^^^^^^^^^^^^^
  File "C:\Users\Asus\AppData\Local\Programs\Python\Python311\Lib\site-packages\sqlalchemy\orm\session.py", line 2199, in _execute_internal
    result = conn.execute(
             ^^^^^^^^^^^^^
  File "C:\Users\Asus\AppData\Local\Programs\Python\Python311\Lib\site-packages\sqlalchemy\engine\base.py", line 1416, in execute
    return meth(
           ^^^^^
  File "C:\Users\Asus\AppData\Local\Programs\Python\Python311\Lib\site-packages\sqlalchemy\sql\elements.py", line 516, in _execute_on_connection
    return connection._execute_clauseelement(
           ^^^^^^^^^^^^^^^^^^^^^^^^^^^^^^^^^^
  File "C:\Users\Asus\AppData\Local\Programs\Python\Python311\Lib\site-packages\sqlalchemy\engine\base.py", line 1639, in _execute_clauseelement
    ret = self._execute_context(
          ^^^^^^^^^^^^^^^^^^^^^^
  File "C:\Users\Asus\AppData\Local\Programs\Python\Python311\Lib\site-packages\sqlalchemy\engine\base.py", line 1848, in _execute_context
    return self._exec_single_context(
           ^^^^^^^^^^^^^^^^^^^^^^^^^^
  File "C:\Users\Asus\AppData\Local\Programs\Python\Python311\Lib\site-packages\sqlalchemy\engine\base.py", line 1988, in _exec_single_context
    self._handle_dbapi_exception(
  File "C:\Users\Asus\AppData\Local\Programs\Python\Python311\Lib\site-packages\sqlalchemy\engine\base.py", line 2343, in _handle_dbapi_exception
    raise sqlalchemy_exception.with_traceback(exc_info[2]) from e
  File "C:\Users\Asus\AppData\Local\Programs\Python\Python311\Lib\site-packages\sqlalchemy\engine\base.py", line 1969, in _exec_single_context
    self.dialect.do_execute(
  File "C:\Users\Asus\AppData\Local\Programs\Python\Python311\Lib\site-packages\sqlalchemy\engine\default.py", line 922, in do_execute
    cursor.execute(statement, parameters)
sqlalchemy.exc.ProgrammingError: (psycopg2.errors.UndefinedColumn) column "robot_display_name" of relation "robot_logs" does not exist
LINE 3:            (robot_name, robot_display_name, robot_version, t...
                                ^

[SQL: 
           INSERT INTO ganaly.robot_logs
           (robot_name, robot_display_name, robot_version, token_id, user_id,
            started_at, endpoint, level, request_data)
           VALUES
               (%(robot_name)s, %(robot_display_name)s, %(robot_version)s, %(token_id)s, %(user_id)s,
                %(started_at)s, %(endpoint)s, %(level)s, %(request_data)s)
               RETURNING id            ]
[parameters: {'robot_name': 'portfolio_updater_scheduler', 'robot_display_name': 'scheduler', 'robot_version': '1.0.0', 'token_id': 15, 'user_id': 1, 'started_at': datetime.datetime(2026, 3, 16, 14, 28, 39, 187870), 'endpoint': 'robot://portfolio_updater/scheduler', 'level': 'INFO', 'request_data': None}]
(Background on this error at: https://sqlalche.me/e/20/f405)

2026-03-16 17:28:39.216 | ERROR    | [portfolio_updater:scheduler] ❌ Ошибка для токена 15: (psycopg2.errors.UndefinedColumn) column "robot_display_name" of relation "robot_logs" does not exist
LINE 3:            (robot_name, robot_display_name, robot_version, t...
                                ^

[SQL: 
           INSERT INTO ganaly.robot_logs
           (robot_name, robot_display_name, robot_version, token_id, user_id,
            started_at, endpoint, level, request_data)
           VALUES
               (%(robot_name)s, %(robot_display_name)s, %(robot_version)s, %(token_id)s, %(user_id)s,
                %(started_at)s, %(endpoint)s, %(level)s, %(request_data)s)
               RETURNING id            ]
[parameters: {'robot_name': 'portfolio_updater_scheduler', 'robot_display_name': 'scheduler', 'robot_version': '1.0.0', 'token_id': 15, 'user_id': 1, 'started_at': datetime.datetime(2026, 3, 16, 14, 28, 39, 187870), 'endpoint': 'robot://portfolio_updater/scheduler', 'level': 'INFO', 'request_data': None}]
(Background on this error at: https://sqlalche.me/e/20/f405)
2026-03-16 17:28:39.216 | INFO     | [portfolio_updater:scheduler] 📊 Итоги: всего=1, обработано=0, пропущено=0, ошибок=1
2026-03-16 17:28:39.216 | INFO     | [SYSTEM:SCHEDULER] ✅ Цикл завершен: {'total': 1, 'processed': 0, 'skipped': 0, 'errors': [{'token_id': 15, 'user_id': 1, 'error': '(psycopg2.errors.UndefinedColumn) column "robot_display_name" of relation "robot_logs" does not exist\nLINE 3:            (robot_name, robot_display_name, robot_version, t...\n                                ^\n\n[SQL: \n           INSERT INTO ganaly.robot_logs\n           (robot_name, robot_display_name, robot_version, token_id, user_id,\n            started_at, endpoint, level, request_data)\n           VALUES\n               (%(robot_name)s, %(robot_display_name)s, %(robot_version)s, %(token_id)s, %(user_id)s,\n                %(started_at)s, %(endpoint)s, %(level)s, %(request_data)s)\n               RETURNING id            ]\n[parameters: {\'robot_name\': \'portfolio_updater_scheduler\', \'robot_display_name\': \'scheduler\', \'robot_version\': \'1.0.0\', \'token_id\': 15, \'user_id\': 1, \'started_at\': datetime.datetime(2026, 3, 16, 14, 28, 39, 187870), \'endpoint\': \'robot://portfolio_updater/scheduler\', \'level\': \'INFO\', \'request_data\': None}]\n(Background on this error at: https://sqlalche.me/e/20/f405)'}]}
2026-03-16 17:29:39.202 | INFO     | [SYSTEM:SCHEDULER] 🔄 Запуск цикла обновления
2026-03-16 17:29:39.221 | INFO     | [portfolio_updater:scheduler] 🔄 Найдено 1 токенов для обработки
2026-03-16 17:29:39.221 | INFO     | [portfolio_updater:scheduler] ▶️ Запуск робота v1.0.0
2026-03-16 17:29:39.221 | INFO     | [portfolio_updater:scheduler]    User ID: 1, Token ID: 15
2026-03-16 17:29:39.242 | ERROR    | [portfolio_updater:scheduler] ❌ Ошибка: (psycopg2.errors.UndefinedColumn) column "robot_display_name" of relation "robot_logs" does not exist
LINE 3:            (robot_name, robot_display_name, robot_version, t...
                                ^

[SQL: 
           INSERT INTO ganaly.robot_logs
           (robot_name, robot_display_name, robot_version, token_id, user_id,
            started_at, endpoint, level, request_data)
           VALUES
               (%(robot_name)s, %(robot_display_name)s, %(robot_version)s, %(token_id)s, %(user_id)s,
                %(started_at)s, %(endpoint)s, %(level)s, %(request_data)s)
               RETURNING id            ]
[parameters: {'robot_name': 'portfolio_updater_scheduler', 'robot_display_name': 'scheduler', 'robot_version': '1.0.0', 'token_id': 15, 'user_id': 1, 'started_at': datetime.datetime(2026, 3, 16, 14, 29, 39, 221554), 'endpoint': 'robot://portfolio_updater/scheduler', 'level': 'INFO', 'request_data': None}]
(Background on this error at: https://sqlalche.me/e/20/f405)
2026-03-16 17:29:39.244 | ERROR    | [portfolio_updater:scheduler] Traceback (most recent call last):
  File "C:\Users\Asus\AppData\Local\Programs\Python\Python311\Lib\site-packages\sqlalchemy\engine\base.py", line 1969, in _exec_single_context
    self.dialect.do_execute(
  File "C:\Users\Asus\AppData\Local\Programs\Python\Python311\Lib\site-packages\sqlalchemy\engine\default.py", line 922, in do_execute
    cursor.execute(statement, parameters)
psycopg2.errors.UndefinedColumn: column "robot_display_name" of relation "robot_logs" does not exist
LINE 3:            (robot_name, robot_display_name, robot_version, t...
                                ^


The above exception was the direct cause of the following exception:

Traceback (most recent call last):
  File "C:\Users\Asus\WebstormProject\gin\backend\app\modules\robots\base\base_robot.py", line 78, in run
    log_id = await self._create_db_log(user_id, token_id, started_at)
             ^^^^^^^^^^^^^^^^^^^^^^^^^^^^^^^^^^^^^^^^^^^^^^^^^^^^^^^^
  File "C:\Users\Asus\WebstormProject\gin\backend\app\modules\robots\base\base_robot.py", line 124, in _create_db_log
    result = self.db.execute(
             ^^^^^^^^^^^^^^^^
  File "C:\Users\Asus\AppData\Local\Programs\Python\Python311\Lib\site-packages\sqlalchemy\orm\session.py", line 2308, in execute
    return self._execute_internal(
           ^^^^^^^^^^^^^^^^^^^^^^^
  File "C:\Users\Asus\AppData\Local\Programs\Python\Python311\Lib\site-packages\sqlalchemy\orm\session.py", line 2199, in _execute_internal
    result = conn.execute(
             ^^^^^^^^^^^^^
  File "C:\Users\Asus\AppData\Local\Programs\Python\Python311\Lib\site-packages\sqlalchemy\engine\base.py", line 1416, in execute
    return meth(
           ^^^^^
  File "C:\Users\Asus\AppData\Local\Programs\Python\Python311\Lib\site-packages\sqlalchemy\sql\elements.py", line 516, in _execute_on_connection
    return connection._execute_clauseelement(
           ^^^^^^^^^^^^^^^^^^^^^^^^^^^^^^^^^^
  File "C:\Users\Asus\AppData\Local\Programs\Python\Python311\Lib\site-packages\sqlalchemy\engine\base.py", line 1639, in _execute_clauseelement
    ret = self._execute_context(
          ^^^^^^^^^^^^^^^^^^^^^^
  File "C:\Users\Asus\AppData\Local\Programs\Python\Python311\Lib\site-packages\sqlalchemy\engine\base.py", line 1848, in _execute_context
    return self._exec_single_context(
           ^^^^^^^^^^^^^^^^^^^^^^^^^^
  File "C:\Users\Asus\AppData\Local\Programs\Python\Python311\Lib\site-packages\sqlalchemy\engine\base.py", line 1988, in _exec_single_context
    self._handle_dbapi_exception(
  File "C:\Users\Asus\AppData\Local\Programs\Python\Python311\Lib\site-packages\sqlalchemy\engine\base.py", line 2343, in _handle_dbapi_exception
    raise sqlalchemy_exception.with_traceback(exc_info[2]) from e
  File "C:\Users\Asus\AppData\Local\Programs\Python\Python311\Lib\site-packages\sqlalchemy\engine\base.py", line 1969, in _exec_single_context
    self.dialect.do_execute(
  File "C:\Users\Asus\AppData\Local\Programs\Python\Python311\Lib\site-packages\sqlalchemy\engine\default.py", line 922, in do_execute
    cursor.execute(statement, parameters)
sqlalchemy.exc.ProgrammingError: (psycopg2.errors.UndefinedColumn) column "robot_display_name" of relation "robot_logs" does not exist
LINE 3:            (robot_name, robot_display_name, robot_version, t...
                                ^

[SQL: 
           INSERT INTO ganaly.robot_logs
           (robot_name, robot_display_name, robot_version, token_id, user_id,
            started_at, endpoint, level, request_data)
           VALUES
               (%(robot_name)s, %(robot_display_name)s, %(robot_version)s, %(token_id)s, %(user_id)s,
                %(started_at)s, %(endpoint)s, %(level)s, %(request_data)s)
               RETURNING id            ]
[parameters: {'robot_name': 'portfolio_updater_scheduler', 'robot_display_name': 'scheduler', 'robot_version': '1.0.0', 'token_id': 15, 'user_id': 1, 'started_at': datetime.datetime(2026, 3, 16, 14, 29, 39, 221554), 'endpoint': 'robot://portfolio_updater/scheduler', 'level': 'INFO', 'request_data': None}]
(Background on this error at: https://sqlalche.me/e/20/f405)

2026-03-16 17:29:39.252 | ERROR    | [portfolio_updater:scheduler] ❌ Ошибка для токена 15: (psycopg2.errors.UndefinedColumn) column "robot_display_name" of relation "robot_logs" does not exist
LINE 3:            (robot_name, robot_display_name, robot_version, t...
                                ^

[SQL: 
           INSERT INTO ganaly.robot_logs
           (robot_name, robot_display_name, robot_version, token_id, user_id,
            started_at, endpoint, level, request_data)
           VALUES
               (%(robot_name)s, %(robot_display_name)s, %(robot_version)s, %(token_id)s, %(user_id)s,
                %(started_at)s, %(endpoint)s, %(level)s, %(request_data)s)
               RETURNING id            ]
[parameters: {'robot_name': 'portfolio_updater_scheduler', 'robot_display_name': 'scheduler', 'robot_version': '1.0.0', 'token_id': 15, 'user_id': 1, 'started_at': datetime.datetime(2026, 3, 16, 14, 29, 39, 221554), 'endpoint': 'robot://portfolio_updater/scheduler', 'level': 'INFO', 'request_data': None}]
(Background on this error at: https://sqlalche.me/e/20/f405)
2026-03-16 17:29:39.252 | INFO     | [portfolio_updater:scheduler] 📊 Итоги: всего=1, обработано=0, пропущено=0, ошибок=1
2026-03-16 17:29:39.252 | INFO     | [SYSTEM:SCHEDULER] ✅ Цикл завершен: {'total': 1, 'processed': 0, 'skipped': 0, 'errors': [{'token_id': 15, 'user_id': 1, 'error': '(psycopg2.errors.UndefinedColumn) column "robot_display_name" of relation "robot_logs" does not exist\nLINE 3:            (robot_name, robot_display_name, robot_version, t...\n                                ^\n\n[SQL: \n           INSERT INTO ganaly.robot_logs\n           (robot_name, robot_display_name, robot_version, token_id, user_id,\n            started_at, endpoint, level, request_data)\n           VALUES\n               (%(robot_name)s, %(robot_display_name)s, %(robot_version)s, %(token_id)s, %(user_id)s,\n                %(started_at)s, %(endpoint)s, %(level)s, %(request_data)s)\n               RETURNING id            ]\n[parameters: {\'robot_name\': \'portfolio_updater_scheduler\', \'robot_display_name\': \'scheduler\', \'robot_version\': \'1.0.0\', \'token_id\': 15, \'user_id\': 1, \'started_at\': datetime.datetime(2026, 3, 16, 14, 29, 39, 221554), \'endpoint\': \'robot://portfolio_updater/scheduler\', \'level\': \'INFO\', \'request_data\': None}]\n(Background on this error at: https://sqlalche.me/e/20/f405)'}]}
2026-03-16 17:30:39.303 | INFO     | [SYSTEM:SCHEDULER] 🔄 Запуск цикла обновления
2026-03-16 17:30:39.362 | INFO     | [portfolio_updater:scheduler] 🔄 Найдено 1 токенов для обработки
2026-03-16 17:30:39.386 | INFO     | [portfolio_updater:scheduler] ▶️ Запуск робота v1.0.0
2026-03-16 17:30:39.471 | INFO     | [portfolio_updater:scheduler]    User ID: 1, Token ID: 15
2026-03-16 17:30:39.554 | ERROR    | [portfolio_updater:scheduler] ❌ Ошибка: (psycopg2.errors.UndefinedColumn) column "robot_display_name" of relation "robot_logs" does not exist
LINE 3:            (robot_name, robot_display_name, robot_version, t...
                                ^

[SQL: 
           INSERT INTO ganaly.robot_logs
           (robot_name, robot_display_name, robot_version, token_id, user_id,
            started_at, endpoint, level, request_data)
           VALUES
               (%(robot_name)s, %(robot_display_name)s, %(robot_version)s, %(token_id)s, %(user_id)s,
                %(started_at)s, %(endpoint)s, %(level)s, %(request_data)s)
               RETURNING id            ]
[parameters: {'robot_name': 'portfolio_updater_scheduler', 'robot_display_name': 'scheduler', 'robot_version': '1.0.0', 'token_id': 15, 'user_id': 1, 'started_at': datetime.datetime(2026, 3, 16, 14, 30, 39, 386001), 'endpoint': 'robot://portfolio_updater/scheduler', 'level': 'INFO', 'request_data': None}]
(Background on this error at: https://sqlalche.me/e/20/f405)
2026-03-16 17:30:39.554 | ERROR    | [portfolio_updater:scheduler] Traceback (most recent call last):
  File "C:\Users\Asus\AppData\Local\Programs\Python\Python311\Lib\site-packages\sqlalchemy\engine\base.py", line 1969, in _exec_single_context
    self.dialect.do_execute(
  File "C:\Users\Asus\AppData\Local\Programs\Python\Python311\Lib\site-packages\sqlalchemy\engine\default.py", line 922, in do_execute
    cursor.execute(statement, parameters)
psycopg2.errors.UndefinedColumn: column "robot_display_name" of relation "robot_logs" does not exist
LINE 3:            (robot_name, robot_display_name, robot_version, t...
                                ^


The above exception was the direct cause of the following exception:

Traceback (most recent call last):
  File "C:\Users\Asus\WebstormProject\gin\backend\app\modules\robots\base\base_robot.py", line 78, in run
    log_id = await self._create_db_log(user_id, token_id, started_at)
             ^^^^^^^^^^^^^^^^^^^^^^^^^^^^^^^^^^^^^^^^^^^^^^^^^^^^^^^^
  File "C:\Users\Asus\WebstormProject\gin\backend\app\modules\robots\base\base_robot.py", line 124, in _create_db_log
    result = self.db.execute(
             ^^^^^^^^^^^^^^^^
  File "C:\Users\Asus\AppData\Local\Programs\Python\Python311\Lib\site-packages\sqlalchemy\orm\session.py", line 2308, in execute
    return self._execute_internal(
           ^^^^^^^^^^^^^^^^^^^^^^^
  File "C:\Users\Asus\AppData\Local\Programs\Python\Python311\Lib\site-packages\sqlalchemy\orm\session.py", line 2199, in _execute_internal
    result = conn.execute(
             ^^^^^^^^^^^^^
  File "C:\Users\Asus\AppData\Local\Programs\Python\Python311\Lib\site-packages\sqlalchemy\engine\base.py", line 1416, in execute
    return meth(
           ^^^^^
  File "C:\Users\Asus\AppData\Local\Programs\Python\Python311\Lib\site-packages\sqlalchemy\sql\elements.py", line 516, in _execute_on_connection
    return connection._execute_clauseelement(
           ^^^^^^^^^^^^^^^^^^^^^^^^^^^^^^^^^^
  File "C:\Users\Asus\AppData\Local\Programs\Python\Python311\Lib\site-packages\sqlalchemy\engine\base.py", line 1639, in _execute_clauseelement
    ret = self._execute_context(
          ^^^^^^^^^^^^^^^^^^^^^^
  File "C:\Users\Asus\AppData\Local\Programs\Python\Python311\Lib\site-packages\sqlalchemy\engine\base.py", line 1848, in _execute_context
    return self._exec_single_context(
           ^^^^^^^^^^^^^^^^^^^^^^^^^^
  File "C:\Users\Asus\AppData\Local\Programs\Python\Python311\Lib\site-packages\sqlalchemy\engine\base.py", line 1988, in _exec_single_context
    self._handle_dbapi_exception(
  File "C:\Users\Asus\AppData\Local\Programs\Python\Python311\Lib\site-packages\sqlalchemy\engine\base.py", line 2343, in _handle_dbapi_exception
    raise sqlalchemy_exception.with_traceback(exc_info[2]) from e
  File "C:\Users\Asus\AppData\Local\Programs\Python\Python311\Lib\site-packages\sqlalchemy\engine\base.py", line 1969, in _exec_single_context
    self.dialect.do_execute(
  File "C:\Users\Asus\AppData\Local\Programs\Python\Python311\Lib\site-packages\sqlalchemy\engine\default.py", line 922, in do_execute
    cursor.execute(statement, parameters)
sqlalchemy.exc.ProgrammingError: (psycopg2.errors.UndefinedColumn) column "robot_display_name" of relation "robot_logs" does not exist
LINE 3:            (robot_name, robot_display_name, robot_version, t...
                                ^

[SQL: 
           INSERT INTO ganaly.robot_logs
           (robot_name, robot_display_name, robot_version, token_id, user_id,
            started_at, endpoint, level, request_data)
           VALUES
               (%(robot_name)s, %(robot_display_name)s, %(robot_version)s, %(token_id)s, %(user_id)s,
                %(started_at)s, %(endpoint)s, %(level)s, %(request_data)s)
               RETURNING id            ]
[parameters: {'robot_name': 'portfolio_updater_scheduler', 'robot_display_name': 'scheduler', 'robot_version': '1.0.0', 'token_id': 15, 'user_id': 1, 'started_at': datetime.datetime(2026, 3, 16, 14, 30, 39, 386001), 'endpoint': 'robot://portfolio_updater/scheduler', 'level': 'INFO', 'request_data': None}]
(Background on this error at: https://sqlalche.me/e/20/f405)

2026-03-16 17:30:39.561 | ERROR    | [portfolio_updater:scheduler] ❌ Ошибка для токена 15: (psycopg2.errors.UndefinedColumn) column "robot_display_name" of relation "robot_logs" does not exist
LINE 3:            (robot_name, robot_display_name, robot_version, t...
                                ^

[SQL: 
           INSERT INTO ganaly.robot_logs
           (robot_name, robot_display_name, robot_version, token_id, user_id,
            started_at, endpoint, level, request_data)
           VALUES
               (%(robot_name)s, %(robot_display_name)s, %(robot_version)s, %(token_id)s, %(user_id)s,
                %(started_at)s, %(endpoint)s, %(level)s, %(request_data)s)
               RETURNING id            ]
[parameters: {'robot_name': 'portfolio_updater_scheduler', 'robot_display_name': 'scheduler', 'robot_version': '1.0.0', 'token_id': 15, 'user_id': 1, 'started_at': datetime.datetime(2026, 3, 16, 14, 30, 39, 386001), 'endpoint': 'robot://portfolio_updater/scheduler', 'level': 'INFO', 'request_data': None}]
(Background on this error at: https://sqlalche.me/e/20/f405)
2026-03-16 17:30:39.561 | INFO     | [portfolio_updater:scheduler] 📊 Итоги: всего=1, обработано=0, пропущено=0, ошибок=1
2026-03-16 17:30:39.561 | INFO     | [SYSTEM:SCHEDULER] ✅ Цикл завершен: {'total': 1, 'processed': 0, 'skipped': 0, 'errors': [{'token_id': 15, 'user_id': 1, 'error': '(psycopg2.errors.UndefinedColumn) column "robot_display_name" of relation "robot_logs" does not exist\nLINE 3:            (robot_name, robot_display_name, robot_version, t...\n                                ^\n\n[SQL: \n           INSERT INTO ganaly.robot_logs\n           (robot_name, robot_display_name, robot_version, token_id, user_id,\n            started_at, endpoint, level, request_data)\n           VALUES\n               (%(robot_name)s, %(robot_display_name)s, %(robot_version)s, %(token_id)s, %(user_id)s,\n                %(started_at)s, %(endpoint)s, %(level)s, %(request_data)s)\n               RETURNING id            ]\n[parameters: {\'robot_name\': \'portfolio_updater_scheduler\', \'robot_display_name\': \'scheduler\', \'robot_version\': \'1.0.0\', \'token_id\': 15, \'user_id\': 1, \'started_at\': datetime.datetime(2026, 3, 16, 14, 30, 39, 386001), \'endpoint\': \'robot://portfolio_updater/scheduler\', \'level\': \'INFO\', \'request_data\': None}]\n(Background on this error at: https://sqlalche.me/e/20/f405)'}]}
2026-03-16 17:31:27.292 | INFO     | [SYSTEM:MAIN] 🛑 Приложение остановлено
2026-03-16 17:31:27.292 | INFO     | [SYSTEM:SCHEDULER] 🛑 Планировщик остановлен
2026-03-16 17:31:32.917 | INFO     | [SYSTEM:BOOT] ====================================================================================================
2026-03-16 17:31:32.917 | INFO     | [SYSTEM:BOOT] НОВЫЙ ПЕРИОД ЛОГИРОВАНИЯ: 2026-03-16 17:31:32
2026-03-16 17:31:32.917 | INFO     | [SYSTEM:BOOT] ====================================================================================================
2026-03-16 17:31:33.488 | INFO     | [SYSTEM:MAIN] 🚀 Приложение запущено
2026-03-16 17:31:33.488 | INFO     | [SYSTEM:SCHEDULER] 🚀 Запуск главного планировщика
2026-03-16 17:31:33.488 | INFO     | [SYSTEM:SCHEDULER] 🔄 Запуск цикла обновления
2026-03-16 17:31:33.587 | INFO     | [portfolio_updater:scheduler] 🔄 Найдено 1 токенов для обработки
2026-03-16 17:31:33.587 | INFO     | [portfolio_updater:scheduler] ▶️ Запуск робота v1.0.0
2026-03-16 17:31:33.587 | INFO     | [portfolio_updater:scheduler]    User ID: 1, Token ID: 15
2026-03-16 17:31:33.636 | ERROR    | [portfolio_updater:scheduler] ❌ Ошибка: (psycopg2.errors.UndefinedColumn) column "level" of relation "robot_logs" does not exist
LINE 4:             started_at, endpoint, level, request_data)
                                          ^

[SQL: 
           INSERT INTO ganaly.robot_logs
           (robot_name, robot_version, token_id, user_id,
            started_at, endpoint, level, request_data)
           VALUES
               (%(robot_name)s, %(robot_version)s, %(token_id)s, %(user_id)s,
                %(started_at)s, %(endpoint)s, %(level)s, %(request_data)s)
               RETURNING id            ]
[parameters: {'robot_name': 'portfolio_updater_scheduler', 'robot_version': '1.0.0', 'token_id': 15, 'user_id': 1, 'started_at': datetime.datetime(2026, 3, 16, 14, 31, 33, 587231), 'endpoint': 'robot://portfolio_updater/scheduler', 'level': 'INFO', 'request_data': None}]
(Background on this error at: https://sqlalche.me/e/20/f405)
2026-03-16 17:31:33.640 | ERROR    | [portfolio_updater:scheduler] Traceback (most recent call last):
  File "C:\Users\Asus\AppData\Local\Programs\Python\Python311\Lib\site-packages\sqlalchemy\engine\base.py", line 1969, in _exec_single_context
    self.dialect.do_execute(
  File "C:\Users\Asus\AppData\Local\Programs\Python\Python311\Lib\site-packages\sqlalchemy\engine\default.py", line 922, in do_execute
    cursor.execute(statement, parameters)
psycopg2.errors.UndefinedColumn: column "level" of relation "robot_logs" does not exist
LINE 4:             started_at, endpoint, level, request_data)
                                          ^


The above exception was the direct cause of the following exception:

Traceback (most recent call last):
  File "C:\Users\Asus\WebstormProject\gin\backend\app\modules\robots\base\base_robot.py", line 78, in run
    log_id = await self._create_db_log(user_id, token_id, started_at)
             ^^^^^^^^^^^^^^^^^^^^^^^^^^^^^^^^^^^^^^^^^^^^^^^^^^^^^^^^
  File "C:\Users\Asus\WebstormProject\gin\backend\app\modules\robots\base\base_robot.py", line 124, in _create_db_log
    result = self.db.execute(
             ^^^^^^^^^^^^^^^^
  File "C:\Users\Asus\AppData\Local\Programs\Python\Python311\Lib\site-packages\sqlalchemy\orm\session.py", line 2308, in execute
    return self._execute_internal(
           ^^^^^^^^^^^^^^^^^^^^^^^
  File "C:\Users\Asus\AppData\Local\Programs\Python\Python311\Lib\site-packages\sqlalchemy\orm\session.py", line 2199, in _execute_internal
    result = conn.execute(
             ^^^^^^^^^^^^^
  File "C:\Users\Asus\AppData\Local\Programs\Python\Python311\Lib\site-packages\sqlalchemy\engine\base.py", line 1416, in execute
    return meth(
           ^^^^^
  File "C:\Users\Asus\AppData\Local\Programs\Python\Python311\Lib\site-packages\sqlalchemy\sql\elements.py", line 516, in _execute_on_connection
    return connection._execute_clauseelement(
           ^^^^^^^^^^^^^^^^^^^^^^^^^^^^^^^^^^
  File "C:\Users\Asus\AppData\Local\Programs\Python\Python311\Lib\site-packages\sqlalchemy\engine\base.py", line 1639, in _execute_clauseelement
    ret = self._execute_context(
          ^^^^^^^^^^^^^^^^^^^^^^
  File "C:\Users\Asus\AppData\Local\Programs\Python\Python311\Lib\site-packages\sqlalchemy\engine\base.py", line 1848, in _execute_context
    return self._exec_single_context(
           ^^^^^^^^^^^^^^^^^^^^^^^^^^
  File "C:\Users\Asus\AppData\Local\Programs\Python\Python311\Lib\site-packages\sqlalchemy\engine\base.py", line 1988, in _exec_single_context
    self._handle_dbapi_exception(
  File "C:\Users\Asus\AppData\Local\Programs\Python\Python311\Lib\site-packages\sqlalchemy\engine\base.py", line 2343, in _handle_dbapi_exception
    raise sqlalchemy_exception.with_traceback(exc_info[2]) from e
  File "C:\Users\Asus\AppData\Local\Programs\Python\Python311\Lib\site-packages\sqlalchemy\engine\base.py", line 1969, in _exec_single_context
    self.dialect.do_execute(
  File "C:\Users\Asus\AppData\Local\Programs\Python\Python311\Lib\site-packages\sqlalchemy\engine\default.py", line 922, in do_execute
    cursor.execute(statement, parameters)
sqlalchemy.exc.ProgrammingError: (psycopg2.errors.UndefinedColumn) column "level" of relation "robot_logs" does not exist
LINE 4:             started_at, endpoint, level, request_data)
                                          ^

[SQL: 
           INSERT INTO ganaly.robot_logs
           (robot_name, robot_version, token_id, user_id,
            started_at, endpoint, level, request_data)
           VALUES
               (%(robot_name)s, %(robot_version)s, %(token_id)s, %(user_id)s,
                %(started_at)s, %(endpoint)s, %(level)s, %(request_data)s)
               RETURNING id            ]
[parameters: {'robot_name': 'portfolio_updater_scheduler', 'robot_version': '1.0.0', 'token_id': 15, 'user_id': 1, 'started_at': datetime.datetime(2026, 3, 16, 14, 31, 33, 587231), 'endpoint': 'robot://portfolio_updater/scheduler', 'level': 'INFO', 'request_data': None}]
(Background on this error at: https://sqlalche.me/e/20/f405)

2026-03-16 17:31:33.650 | ERROR    | [portfolio_updater:scheduler] ❌ Ошибка для токена 15: (psycopg2.errors.UndefinedColumn) column "level" of relation "robot_logs" does not exist
LINE 4:             started_at, endpoint, level, request_data)
                                          ^

[SQL: 
           INSERT INTO ganaly.robot_logs
           (robot_name, robot_version, token_id, user_id,
            started_at, endpoint, level, request_data)
           VALUES
               (%(robot_name)s, %(robot_version)s, %(token_id)s, %(user_id)s,
                %(started_at)s, %(endpoint)s, %(level)s, %(request_data)s)
               RETURNING id            ]
[parameters: {'robot_name': 'portfolio_updater_scheduler', 'robot_version': '1.0.0', 'token_id': 15, 'user_id': 1, 'started_at': datetime.datetime(2026, 3, 16, 14, 31, 33, 587231), 'endpoint': 'robot://portfolio_updater/scheduler', 'level': 'INFO', 'request_data': None}]
(Background on this error at: https://sqlalche.me/e/20/f405)
2026-03-16 17:31:33.650 | INFO     | [portfolio_updater:scheduler] 📊 Итоги: всего=1, обработано=0, пропущено=0, ошибок=1
2026-03-16 17:31:33.650 | INFO     | [SYSTEM:SCHEDULER] ✅ Цикл завершен: {'total': 1, 'processed': 0, 'skipped': 0, 'errors': [{'token_id': 15, 'user_id': 1, 'error': '(psycopg2.errors.UndefinedColumn) column "level" of relation "robot_logs" does not exist\nLINE 4:             started_at, endpoint, level, request_data)\n                                          ^\n\n[SQL: \n           INSERT INTO ganaly.robot_logs\n           (robot_name, robot_version, token_id, user_id,\n            started_at, endpoint, level, request_data)\n           VALUES\n               (%(robot_name)s, %(robot_version)s, %(token_id)s, %(user_id)s,\n                %(started_at)s, %(endpoint)s, %(level)s, %(request_data)s)\n               RETURNING id            ]\n[parameters: {\'robot_name\': \'portfolio_updater_scheduler\', \'robot_version\': \'1.0.0\', \'token_id\': 15, \'user_id\': 1, \'started_at\': datetime.datetime(2026, 3, 16, 14, 31, 33, 587231), \'endpoint\': \'robot://portfolio_updater/scheduler\', \'level\': \'INFO\', \'request_data\': None}]\n(Background on this error at: https://sqlalche.me/e/20/f405)'}]}
2026-03-16 17:32:33.658 | INFO     | [SYSTEM:SCHEDULER] 🔄 Запуск цикла обновления
2026-03-16 17:32:33.675 | INFO     | [portfolio_updater:scheduler] 🔄 Найдено 1 токенов для обработки
2026-03-16 17:32:33.675 | INFO     | [portfolio_updater:scheduler] ▶️ Запуск робота v1.0.0
2026-03-16 17:32:33.675 | INFO     | [portfolio_updater:scheduler]    User ID: 1, Token ID: 15
2026-03-16 17:32:33.687 | ERROR    | [portfolio_updater:scheduler] ❌ Ошибка: (psycopg2.errors.UndefinedColumn) column "level" of relation "robot_logs" does not exist
LINE 4:             started_at, endpoint, level, request_data)
                                          ^

[SQL: 
           INSERT INTO ganaly.robot_logs
           (robot_name, robot_version, token_id, user_id,
            started_at, endpoint, level, request_data)
           VALUES
               (%(robot_name)s, %(robot_version)s, %(token_id)s, %(user_id)s,
                %(started_at)s, %(endpoint)s, %(level)s, %(request_data)s)
               RETURNING id            ]
[parameters: {'robot_name': 'portfolio_updater_scheduler', 'robot_version': '1.0.0', 'token_id': 15, 'user_id': 1, 'started_at': datetime.datetime(2026, 3, 16, 14, 32, 33, 675148), 'endpoint': 'robot://portfolio_updater/scheduler', 'level': 'INFO', 'request_data': None}]
(Background on this error at: https://sqlalche.me/e/20/f405)
2026-03-16 17:32:33.692 | ERROR    | [portfolio_updater:scheduler] Traceback (most recent call last):
  File "C:\Users\Asus\AppData\Local\Programs\Python\Python311\Lib\site-packages\sqlalchemy\engine\base.py", line 1969, in _exec_single_context
    self.dialect.do_execute(
  File "C:\Users\Asus\AppData\Local\Programs\Python\Python311\Lib\site-packages\sqlalchemy\engine\default.py", line 922, in do_execute
    cursor.execute(statement, parameters)
psycopg2.errors.UndefinedColumn: column "level" of relation "robot_logs" does not exist
LINE 4:             started_at, endpoint, level, request_data)
                                          ^


The above exception was the direct cause of the following exception:

Traceback (most recent call last):
  File "C:\Users\Asus\WebstormProject\gin\backend\app\modules\robots\base\base_robot.py", line 78, in run
    log_id = await self._create_db_log(user_id, token_id, started_at)
             ^^^^^^^^^^^^^^^^^^^^^^^^^^^^^^^^^^^^^^^^^^^^^^^^^^^^^^^^
  File "C:\Users\Asus\WebstormProject\gin\backend\app\modules\robots\base\base_robot.py", line 124, in _create_db_log
    result = self.db.execute(
             ^^^^^^^^^^^^^^^^
  File "C:\Users\Asus\AppData\Local\Programs\Python\Python311\Lib\site-packages\sqlalchemy\orm\session.py", line 2308, in execute
    return self._execute_internal(
           ^^^^^^^^^^^^^^^^^^^^^^^
  File "C:\Users\Asus\AppData\Local\Programs\Python\Python311\Lib\site-packages\sqlalchemy\orm\session.py", line 2199, in _execute_internal
    result = conn.execute(
             ^^^^^^^^^^^^^
  File "C:\Users\Asus\AppData\Local\Programs\Python\Python311\Lib\site-packages\sqlalchemy\engine\base.py", line 1416, in execute
    return meth(
           ^^^^^
  File "C:\Users\Asus\AppData\Local\Programs\Python\Python311\Lib\site-packages\sqlalchemy\sql\elements.py", line 516, in _execute_on_connection
    return connection._execute_clauseelement(
           ^^^^^^^^^^^^^^^^^^^^^^^^^^^^^^^^^^
  File "C:\Users\Asus\AppData\Local\Programs\Python\Python311\Lib\site-packages\sqlalchemy\engine\base.py", line 1639, in _execute_clauseelement
    ret = self._execute_context(
          ^^^^^^^^^^^^^^^^^^^^^^
  File "C:\Users\Asus\AppData\Local\Programs\Python\Python311\Lib\site-packages\sqlalchemy\engine\base.py", line 1848, in _execute_context
    return self._exec_single_context(
           ^^^^^^^^^^^^^^^^^^^^^^^^^^
  File "C:\Users\Asus\AppData\Local\Programs\Python\Python311\Lib\site-packages\sqlalchemy\engine\base.py", line 1988, in _exec_single_context
    self._handle_dbapi_exception(
  File "C:\Users\Asus\AppData\Local\Programs\Python\Python311\Lib\site-packages\sqlalchemy\engine\base.py", line 2343, in _handle_dbapi_exception
    raise sqlalchemy_exception.with_traceback(exc_info[2]) from e
  File "C:\Users\Asus\AppData\Local\Programs\Python\Python311\Lib\site-packages\sqlalchemy\engine\base.py", line 1969, in _exec_single_context
    self.dialect.do_execute(
  File "C:\Users\Asus\AppData\Local\Programs\Python\Python311\Lib\site-packages\sqlalchemy\engine\default.py", line 922, in do_execute
    cursor.execute(statement, parameters)
sqlalchemy.exc.ProgrammingError: (psycopg2.errors.UndefinedColumn) column "level" of relation "robot_logs" does not exist
LINE 4:             started_at, endpoint, level, request_data)
                                          ^

[SQL: 
           INSERT INTO ganaly.robot_logs
           (robot_name, robot_version, token_id, user_id,
            started_at, endpoint, level, request_data)
           VALUES
               (%(robot_name)s, %(robot_version)s, %(token_id)s, %(user_id)s,
                %(started_at)s, %(endpoint)s, %(level)s, %(request_data)s)
               RETURNING id            ]
[parameters: {'robot_name': 'portfolio_updater_scheduler', 'robot_version': '1.0.0', 'token_id': 15, 'user_id': 1, 'started_at': datetime.datetime(2026, 3, 16, 14, 32, 33, 675148), 'endpoint': 'robot://portfolio_updater/scheduler', 'level': 'INFO', 'request_data': None}]
(Background on this error at: https://sqlalche.me/e/20/f405)

2026-03-16 17:32:33.692 | ERROR    | [portfolio_updater:scheduler] ❌ Ошибка для токена 15: (psycopg2.errors.UndefinedColumn) column "level" of relation "robot_logs" does not exist
LINE 4:             started_at, endpoint, level, request_data)
                                          ^

[SQL: 
           INSERT INTO ganaly.robot_logs
           (robot_name, robot_version, token_id, user_id,
            started_at, endpoint, level, request_data)
           VALUES
               (%(robot_name)s, %(robot_version)s, %(token_id)s, %(user_id)s,
                %(started_at)s, %(endpoint)s, %(level)s, %(request_data)s)
               RETURNING id            ]
[parameters: {'robot_name': 'portfolio_updater_scheduler', 'robot_version': '1.0.0', 'token_id': 15, 'user_id': 1, 'started_at': datetime.datetime(2026, 3, 16, 14, 32, 33, 675148), 'endpoint': 'robot://portfolio_updater/scheduler', 'level': 'INFO', 'request_data': None}]
(Background on this error at: https://sqlalche.me/e/20/f405)
2026-03-16 17:32:33.692 | INFO     | [portfolio_updater:scheduler] 📊 Итоги: всего=1, обработано=0, пропущено=0, ошибок=1
2026-03-16 17:32:33.692 | INFO     | [SYSTEM:SCHEDULER] ✅ Цикл завершен: {'total': 1, 'processed': 0, 'skipped': 0, 'errors': [{'token_id': 15, 'user_id': 1, 'error': '(psycopg2.errors.UndefinedColumn) column "level" of relation "robot_logs" does not exist\nLINE 4:             started_at, endpoint, level, request_data)\n                                          ^\n\n[SQL: \n           INSERT INTO ganaly.robot_logs\n           (robot_name, robot_version, token_id, user_id,\n            started_at, endpoint, level, request_data)\n           VALUES\n               (%(robot_name)s, %(robot_version)s, %(token_id)s, %(user_id)s,\n                %(started_at)s, %(endpoint)s, %(level)s, %(request_data)s)\n               RETURNING id            ]\n[parameters: {\'robot_name\': \'portfolio_updater_scheduler\', \'robot_version\': \'1.0.0\', \'token_id\': 15, \'user_id\': 1, \'started_at\': datetime.datetime(2026, 3, 16, 14, 32, 33, 675148), \'endpoint\': \'robot://portfolio_updater/scheduler\', \'level\': \'INFO\', \'request_data\': None}]\n(Background on this error at: https://sqlalche.me/e/20/f405)'}]}
2026-03-16 17:33:33.713 | INFO     | [SYSTEM:SCHEDULER] 🔄 Запуск цикла обновления
2026-03-16 17:33:33.737 | INFO     | [portfolio_updater:scheduler] 🔄 Найдено 1 токенов для обработки
2026-03-16 17:33:33.737 | INFO     | [portfolio_updater:scheduler] ▶️ Запуск робота v1.0.0
2026-03-16 17:33:33.737 | INFO     | [portfolio_updater:scheduler]    User ID: 1, Token ID: 15
2026-03-16 17:33:33.759 | ERROR    | [portfolio_updater:scheduler] ❌ Ошибка: (psycopg2.errors.UndefinedColumn) column "level" of relation "robot_logs" does not exist
LINE 4:             started_at, endpoint, level, request_data)
                                          ^

[SQL: 
           INSERT INTO ganaly.robot_logs
           (robot_name, robot_version, token_id, user_id,
            started_at, endpoint, level, request_data)
           VALUES
               (%(robot_name)s, %(robot_version)s, %(token_id)s, %(user_id)s,
                %(started_at)s, %(endpoint)s, %(level)s, %(request_data)s)
               RETURNING id            ]
[parameters: {'robot_name': 'portfolio_updater_scheduler', 'robot_version': '1.0.0', 'token_id': 15, 'user_id': 1, 'started_at': datetime.datetime(2026, 3, 16, 14, 33, 33, 737896), 'endpoint': 'robot://portfolio_updater/scheduler', 'level': 'INFO', 'request_data': None}]
(Background on this error at: https://sqlalche.me/e/20/f405)
2026-03-16 17:33:33.767 | ERROR    | [portfolio_updater:scheduler] Traceback (most recent call last):
  File "C:\Users\Asus\AppData\Local\Programs\Python\Python311\Lib\site-packages\sqlalchemy\engine\base.py", line 1969, in _exec_single_context
    self.dialect.do_execute(
  File "C:\Users\Asus\AppData\Local\Programs\Python\Python311\Lib\site-packages\sqlalchemy\engine\default.py", line 922, in do_execute
    cursor.execute(statement, parameters)
psycopg2.errors.UndefinedColumn: column "level" of relation "robot_logs" does not exist
LINE 4:             started_at, endpoint, level, request_data)
                                          ^


The above exception was the direct cause of the following exception:

Traceback (most recent call last):
  File "C:\Users\Asus\WebstormProject\gin\backend\app\modules\robots\base\base_robot.py", line 78, in run
    log_id = await self._create_db_log(user_id, token_id, started_at)
             ^^^^^^^^^^^^^^^^^^^^^^^^^^^^^^^^^^^^^^^^^^^^^^^^^^^^^^^^
  File "C:\Users\Asus\WebstormProject\gin\backend\app\modules\robots\base\base_robot.py", line 124, in _create_db_log
    result = self.db.execute(
             ^^^^^^^^^^^^^^^^
  File "C:\Users\Asus\AppData\Local\Programs\Python\Python311\Lib\site-packages\sqlalchemy\orm\session.py", line 2308, in execute
    return self._execute_internal(
           ^^^^^^^^^^^^^^^^^^^^^^^
  File "C:\Users\Asus\AppData\Local\Programs\Python\Python311\Lib\site-packages\sqlalchemy\orm\session.py", line 2199, in _execute_internal
    result = conn.execute(
             ^^^^^^^^^^^^^
  File "C:\Users\Asus\AppData\Local\Programs\Python\Python311\Lib\site-packages\sqlalchemy\engine\base.py", line 1416, in execute
    return meth(
           ^^^^^
  File "C:\Users\Asus\AppData\Local\Programs\Python\Python311\Lib\site-packages\sqlalchemy\sql\elements.py", line 516, in _execute_on_connection
    return connection._execute_clauseelement(
           ^^^^^^^^^^^^^^^^^^^^^^^^^^^^^^^^^^
  File "C:\Users\Asus\AppData\Local\Programs\Python\Python311\Lib\site-packages\sqlalchemy\engine\base.py", line 1639, in _execute_clauseelement
    ret = self._execute_context(
          ^^^^^^^^^^^^^^^^^^^^^^
  File "C:\Users\Asus\AppData\Local\Programs\Python\Python311\Lib\site-packages\sqlalchemy\engine\base.py", line 1848, in _execute_context
    return self._exec_single_context(
           ^^^^^^^^^^^^^^^^^^^^^^^^^^
  File "C:\Users\Asus\AppData\Local\Programs\Python\Python311\Lib\site-packages\sqlalchemy\engine\base.py", line 1988, in _exec_single_context
    self._handle_dbapi_exception(
  File "C:\Users\Asus\AppData\Local\Programs\Python\Python311\Lib\site-packages\sqlalchemy\engine\base.py", line 2343, in _handle_dbapi_exception
    raise sqlalchemy_exception.with_traceback(exc_info[2]) from e
  File "C:\Users\Asus\AppData\Local\Programs\Python\Python311\Lib\site-packages\sqlalchemy\engine\base.py", line 1969, in _exec_single_context
    self.dialect.do_execute(
  File "C:\Users\Asus\AppData\Local\Programs\Python\Python311\Lib\site-packages\sqlalchemy\engine\default.py", line 922, in do_execute
    cursor.execute(statement, parameters)
sqlalchemy.exc.ProgrammingError: (psycopg2.errors.UndefinedColumn) column "level" of relation "robot_logs" does not exist
LINE 4:             started_at, endpoint, level, request_data)
                                          ^

[SQL: 
           INSERT INTO ganaly.robot_logs
           (robot_name, robot_version, token_id, user_id,
            started_at, endpoint, level, request_data)
           VALUES
               (%(robot_name)s, %(robot_version)s, %(token_id)s, %(user_id)s,
                %(started_at)s, %(endpoint)s, %(level)s, %(request_data)s)
               RETURNING id            ]
[parameters: {'robot_name': 'portfolio_updater_scheduler', 'robot_version': '1.0.0', 'token_id': 15, 'user_id': 1, 'started_at': datetime.datetime(2026, 3, 16, 14, 33, 33, 737896), 'endpoint': 'robot://portfolio_updater/scheduler', 'level': 'INFO', 'request_data': None}]
(Background on this error at: https://sqlalche.me/e/20/f405)

2026-03-16 17:33:33.772 | ERROR    | [portfolio_updater:scheduler] ❌ Ошибка для токена 15: (psycopg2.errors.UndefinedColumn) column "level" of relation "robot_logs" does not exist
LINE 4:             started_at, endpoint, level, request_data)
                                          ^

[SQL: 
           INSERT INTO ganaly.robot_logs
           (robot_name, robot_version, token_id, user_id,
            started_at, endpoint, level, request_data)
           VALUES
               (%(robot_name)s, %(robot_version)s, %(token_id)s, %(user_id)s,
                %(started_at)s, %(endpoint)s, %(level)s, %(request_data)s)
               RETURNING id            ]
[parameters: {'robot_name': 'portfolio_updater_scheduler', 'robot_version': '1.0.0', 'token_id': 15, 'user_id': 1, 'started_at': datetime.datetime(2026, 3, 16, 14, 33, 33, 737896), 'endpoint': 'robot://portfolio_updater/scheduler', 'level': 'INFO', 'request_data': None}]
(Background on this error at: https://sqlalche.me/e/20/f405)
2026-03-16 17:33:33.772 | INFO     | [portfolio_updater:scheduler] 📊 Итоги: всего=1, обработано=0, пропущено=0, ошибок=1
2026-03-16 17:33:33.772 | INFO     | [SYSTEM:SCHEDULER] ✅ Цикл завершен: {'total': 1, 'processed': 0, 'skipped': 0, 'errors': [{'token_id': 15, 'user_id': 1, 'error': '(psycopg2.errors.UndefinedColumn) column "level" of relation "robot_logs" does not exist\nLINE 4:             started_at, endpoint, level, request_data)\n                                          ^\n\n[SQL: \n           INSERT INTO ganaly.robot_logs\n           (robot_name, robot_version, token_id, user_id,\n            started_at, endpoint, level, request_data)\n           VALUES\n               (%(robot_name)s, %(robot_version)s, %(token_id)s, %(user_id)s,\n                %(started_at)s, %(endpoint)s, %(level)s, %(request_data)s)\n               RETURNING id            ]\n[parameters: {\'robot_name\': \'portfolio_updater_scheduler\', \'robot_version\': \'1.0.0\', \'token_id\': 15, \'user_id\': 1, \'started_at\': datetime.datetime(2026, 3, 16, 14, 33, 33, 737896), \'endpoint\': \'robot://portfolio_updater/scheduler\', \'level\': \'INFO\', \'request_data\': None}]\n(Background on this error at: https://sqlalche.me/e/20/f405)'}]}
2026-03-16 17:34:33.802 | INFO     | [SYSTEM:SCHEDULER] 🔄 Запуск цикла обновления
2026-03-16 17:34:33.815 | INFO     | [portfolio_updater:scheduler] 🔄 Найдено 1 токенов для обработки
2026-03-16 17:34:33.815 | INFO     | [portfolio_updater:scheduler] ▶️ Запуск робота v1.0.0
2026-03-16 17:34:33.816 | INFO     | [portfolio_updater:scheduler]    User ID: 1, Token ID: 15
2026-03-16 17:34:33.834 | ERROR    | [portfolio_updater:scheduler] ❌ Ошибка: (psycopg2.errors.UndefinedColumn) column "level" of relation "robot_logs" does not exist
LINE 4:             started_at, endpoint, level, request_data)
                                          ^

[SQL: 
           INSERT INTO ganaly.robot_logs
           (robot_name, robot_version, token_id, user_id,
            started_at, endpoint, level, request_data)
           VALUES
               (%(robot_name)s, %(robot_version)s, %(token_id)s, %(user_id)s,
                %(started_at)s, %(endpoint)s, %(level)s, %(request_data)s)
               RETURNING id            ]
[parameters: {'robot_name': 'portfolio_updater_scheduler', 'robot_version': '1.0.0', 'token_id': 15, 'user_id': 1, 'started_at': datetime.datetime(2026, 3, 16, 14, 34, 33, 815436), 'endpoint': 'robot://portfolio_updater/scheduler', 'level': 'INFO', 'request_data': None}]
(Background on this error at: https://sqlalche.me/e/20/f405)
2026-03-16 17:34:33.835 | ERROR    | [portfolio_updater:scheduler] Traceback (most recent call last):
  File "C:\Users\Asus\AppData\Local\Programs\Python\Python311\Lib\site-packages\sqlalchemy\engine\base.py", line 1969, in _exec_single_context
    self.dialect.do_execute(
  File "C:\Users\Asus\AppData\Local\Programs\Python\Python311\Lib\site-packages\sqlalchemy\engine\default.py", line 922, in do_execute
    cursor.execute(statement, parameters)
psycopg2.errors.UndefinedColumn: column "level" of relation "robot_logs" does not exist
LINE 4:             started_at, endpoint, level, request_data)
                                          ^


The above exception was the direct cause of the following exception:

Traceback (most recent call last):
  File "C:\Users\Asus\WebstormProject\gin\backend\app\modules\robots\base\base_robot.py", line 78, in run
    log_id = await self._create_db_log(user_id, token_id, started_at)
             ^^^^^^^^^^^^^^^^^^^^^^^^^^^^^^^^^^^^^^^^^^^^^^^^^^^^^^^^
  File "C:\Users\Asus\WebstormProject\gin\backend\app\modules\robots\base\base_robot.py", line 124, in _create_db_log
    result = self.db.execute(
             ^^^^^^^^^^^^^^^^
  File "C:\Users\Asus\AppData\Local\Programs\Python\Python311\Lib\site-packages\sqlalchemy\orm\session.py", line 2308, in execute
    return self._execute_internal(
           ^^^^^^^^^^^^^^^^^^^^^^^
  File "C:\Users\Asus\AppData\Local\Programs\Python\Python311\Lib\site-packages\sqlalchemy\orm\session.py", line 2199, in _execute_internal
    result = conn.execute(
             ^^^^^^^^^^^^^
  File "C:\Users\Asus\AppData\Local\Programs\Python\Python311\Lib\site-packages\sqlalchemy\engine\base.py", line 1416, in execute
    return meth(
           ^^^^^
  File "C:\Users\Asus\AppData\Local\Programs\Python\Python311\Lib\site-packages\sqlalchemy\sql\elements.py", line 516, in _execute_on_connection
    return connection._execute_clauseelement(
           ^^^^^^^^^^^^^^^^^^^^^^^^^^^^^^^^^^
  File "C:\Users\Asus\AppData\Local\Programs\Python\Python311\Lib\site-packages\sqlalchemy\engine\base.py", line 1639, in _execute_clauseelement
    ret = self._execute_context(
          ^^^^^^^^^^^^^^^^^^^^^^
  File "C:\Users\Asus\AppData\Local\Programs\Python\Python311\Lib\site-packages\sqlalchemy\engine\base.py", line 1848, in _execute_context
    return self._exec_single_context(
           ^^^^^^^^^^^^^^^^^^^^^^^^^^
  File "C:\Users\Asus\AppData\Local\Programs\Python\Python311\Lib\site-packages\sqlalchemy\engine\base.py", line 1988, in _exec_single_context
    self._handle_dbapi_exception(
  File "C:\Users\Asus\AppData\Local\Programs\Python\Python311\Lib\site-packages\sqlalchemy\engine\base.py", line 2343, in _handle_dbapi_exception
    raise sqlalchemy_exception.with_traceback(exc_info[2]) from e
  File "C:\Users\Asus\AppData\Local\Programs\Python\Python311\Lib\site-packages\sqlalchemy\engine\base.py", line 1969, in _exec_single_context
    self.dialect.do_execute(
  File "C:\Users\Asus\AppData\Local\Programs\Python\Python311\Lib\site-packages\sqlalchemy\engine\default.py", line 922, in do_execute
    cursor.execute(statement, parameters)
sqlalchemy.exc.ProgrammingError: (psycopg2.errors.UndefinedColumn) column "level" of relation "robot_logs" does not exist
LINE 4:             started_at, endpoint, level, request_data)
                                          ^

[SQL: 
           INSERT INTO ganaly.robot_logs
           (robot_name, robot_version, token_id, user_id,
            started_at, endpoint, level, request_data)
           VALUES
               (%(robot_name)s, %(robot_version)s, %(token_id)s, %(user_id)s,
                %(started_at)s, %(endpoint)s, %(level)s, %(request_data)s)
               RETURNING id            ]
[parameters: {'robot_name': 'portfolio_updater_scheduler', 'robot_version': '1.0.0', 'token_id': 15, 'user_id': 1, 'started_at': datetime.datetime(2026, 3, 16, 14, 34, 33, 815436), 'endpoint': 'robot://portfolio_updater/scheduler', 'level': 'INFO', 'request_data': None}]
(Background on this error at: https://sqlalche.me/e/20/f405)

2026-03-16 17:34:33.840 | ERROR    | [portfolio_updater:scheduler] ❌ Ошибка для токена 15: (psycopg2.errors.UndefinedColumn) column "level" of relation "robot_logs" does not exist
LINE 4:             started_at, endpoint, level, request_data)
                                          ^

[SQL: 
           INSERT INTO ganaly.robot_logs
           (robot_name, robot_version, token_id, user_id,
            started_at, endpoint, level, request_data)
           VALUES
               (%(robot_name)s, %(robot_version)s, %(token_id)s, %(user_id)s,
                %(started_at)s, %(endpoint)s, %(level)s, %(request_data)s)
               RETURNING id            ]
[parameters: {'robot_name': 'portfolio_updater_scheduler', 'robot_version': '1.0.0', 'token_id': 15, 'user_id': 1, 'started_at': datetime.datetime(2026, 3, 16, 14, 34, 33, 815436), 'endpoint': 'robot://portfolio_updater/scheduler', 'level': 'INFO', 'request_data': None}]
(Background on this error at: https://sqlalche.me/e/20/f405)
2026-03-16 17:34:33.840 | INFO     | [portfolio_updater:scheduler] 📊 Итоги: всего=1, обработано=0, пропущено=0, ошибок=1
2026-03-16 17:34:33.840 | INFO     | [SYSTEM:SCHEDULER] ✅ Цикл завершен: {'total': 1, 'processed': 0, 'skipped': 0, 'errors': [{'token_id': 15, 'user_id': 1, 'error': '(psycopg2.errors.UndefinedColumn) column "level" of relation "robot_logs" does not exist\nLINE 4:             started_at, endpoint, level, request_data)\n                                          ^\n\n[SQL: \n           INSERT INTO ganaly.robot_logs\n           (robot_name, robot_version, token_id, user_id,\n            started_at, endpoint, level, request_data)\n           VALUES\n               (%(robot_name)s, %(robot_version)s, %(token_id)s, %(user_id)s,\n                %(started_at)s, %(endpoint)s, %(level)s, %(request_data)s)\n               RETURNING id            ]\n[parameters: {\'robot_name\': \'portfolio_updater_scheduler\', \'robot_version\': \'1.0.0\', \'token_id\': 15, \'user_id\': 1, \'started_at\': datetime.datetime(2026, 3, 16, 14, 34, 33, 815436), \'endpoint\': \'robot://portfolio_updater/scheduler\', \'level\': \'INFO\', \'request_data\': None}]\n(Background on this error at: https://sqlalche.me/e/20/f405)'}]}
2026-03-16 17:35:33.833 | INFO     | [SYSTEM:SCHEDULER] 🔄 Запуск цикла обновления
2026-03-16 17:35:33.856 | INFO     | [portfolio_updater:scheduler] 🔄 Найдено 1 токенов для обработки
2026-03-16 17:35:33.856 | INFO     | [portfolio_updater:scheduler] ▶️ Запуск робота v1.0.0
2026-03-16 17:35:33.856 | INFO     | [portfolio_updater:scheduler]    User ID: 1, Token ID: 15
2026-03-16 17:35:33.871 | ERROR    | [portfolio_updater:scheduler] ❌ Ошибка: (psycopg2.errors.UndefinedColumn) column "level" of relation "robot_logs" does not exist
LINE 4:             started_at, endpoint, level, request_data)
                                          ^

[SQL: 
           INSERT INTO ganaly.robot_logs
           (robot_name, robot_version, token_id, user_id,
            started_at, endpoint, level, request_data)
           VALUES
               (%(robot_name)s, %(robot_version)s, %(token_id)s, %(user_id)s,
                %(started_at)s, %(endpoint)s, %(level)s, %(request_data)s)
               RETURNING id            ]
[parameters: {'robot_name': 'portfolio_updater_scheduler', 'robot_version': '1.0.0', 'token_id': 15, 'user_id': 1, 'started_at': datetime.datetime(2026, 3, 16, 14, 35, 33, 856923), 'endpoint': 'robot://portfolio_updater/scheduler', 'level': 'INFO', 'request_data': None}]
(Background on this error at: https://sqlalche.me/e/20/f405)
2026-03-16 17:35:33.872 | ERROR    | [portfolio_updater:scheduler] Traceback (most recent call last):
  File "C:\Users\Asus\AppData\Local\Programs\Python\Python311\Lib\site-packages\sqlalchemy\engine\base.py", line 1969, in _exec_single_context
    self.dialect.do_execute(
  File "C:\Users\Asus\AppData\Local\Programs\Python\Python311\Lib\site-packages\sqlalchemy\engine\default.py", line 922, in do_execute
    cursor.execute(statement, parameters)
psycopg2.errors.UndefinedColumn: column "level" of relation "robot_logs" does not exist
LINE 4:             started_at, endpoint, level, request_data)
                                          ^


The above exception was the direct cause of the following exception:

Traceback (most recent call last):
  File "C:\Users\Asus\WebstormProject\gin\backend\app\modules\robots\base\base_robot.py", line 78, in run
    log_id = await self._create_db_log(user_id, token_id, started_at)
             ^^^^^^^^^^^^^^^^^^^^^^^^^^^^^^^^^^^^^^^^^^^^^^^^^^^^^^^^
  File "C:\Users\Asus\WebstormProject\gin\backend\app\modules\robots\base\base_robot.py", line 124, in _create_db_log
    result = self.db.execute(
             ^^^^^^^^^^^^^^^^
  File "C:\Users\Asus\AppData\Local\Programs\Python\Python311\Lib\site-packages\sqlalchemy\orm\session.py", line 2308, in execute
    return self._execute_internal(
           ^^^^^^^^^^^^^^^^^^^^^^^
  File "C:\Users\Asus\AppData\Local\Programs\Python\Python311\Lib\site-packages\sqlalchemy\orm\session.py", line 2199, in _execute_internal
    result = conn.execute(
             ^^^^^^^^^^^^^
  File "C:\Users\Asus\AppData\Local\Programs\Python\Python311\Lib\site-packages\sqlalchemy\engine\base.py", line 1416, in execute
    return meth(
           ^^^^^
  File "C:\Users\Asus\AppData\Local\Programs\Python\Python311\Lib\site-packages\sqlalchemy\sql\elements.py", line 516, in _execute_on_connection
    return connection._execute_clauseelement(
           ^^^^^^^^^^^^^^^^^^^^^^^^^^^^^^^^^^
  File "C:\Users\Asus\AppData\Local\Programs\Python\Python311\Lib\site-packages\sqlalchemy\engine\base.py", line 1639, in _execute_clauseelement
    ret = self._execute_context(
          ^^^^^^^^^^^^^^^^^^^^^^
  File "C:\Users\Asus\AppData\Local\Programs\Python\Python311\Lib\site-packages\sqlalchemy\engine\base.py", line 1848, in _execute_context
    return self._exec_single_context(
           ^^^^^^^^^^^^^^^^^^^^^^^^^^
  File "C:\Users\Asus\AppData\Local\Programs\Python\Python311\Lib\site-packages\sqlalchemy\engine\base.py", line 1988, in _exec_single_context
    self._handle_dbapi_exception(
  File "C:\Users\Asus\AppData\Local\Programs\Python\Python311\Lib\site-packages\sqlalchemy\engine\base.py", line 2343, in _handle_dbapi_exception
    raise sqlalchemy_exception.with_traceback(exc_info[2]) from e
  File "C:\Users\Asus\AppData\Local\Programs\Python\Python311\Lib\site-packages\sqlalchemy\engine\base.py", line 1969, in _exec_single_context
    self.dialect.do_execute(
  File "C:\Users\Asus\AppData\Local\Programs\Python\Python311\Lib\site-packages\sqlalchemy\engine\default.py", line 922, in do_execute
    cursor.execute(statement, parameters)
sqlalchemy.exc.ProgrammingError: (psycopg2.errors.UndefinedColumn) column "level" of relation "robot_logs" does not exist
LINE 4:             started_at, endpoint, level, request_data)
                                          ^

[SQL: 
           INSERT INTO ganaly.robot_logs
           (robot_name, robot_version, token_id, user_id,
            started_at, endpoint, level, request_data)
           VALUES
               (%(robot_name)s, %(robot_version)s, %(token_id)s, %(user_id)s,
                %(started_at)s, %(endpoint)s, %(level)s, %(request_data)s)
               RETURNING id            ]
[parameters: {'robot_name': 'portfolio_updater_scheduler', 'robot_version': '1.0.0', 'token_id': 15, 'user_id': 1, 'started_at': datetime.datetime(2026, 3, 16, 14, 35, 33, 856923), 'endpoint': 'robot://portfolio_updater/scheduler', 'level': 'INFO', 'request_data': None}]
(Background on this error at: https://sqlalche.me/e/20/f405)

2026-03-16 17:35:33.876 | ERROR    | [portfolio_updater:scheduler] ❌ Ошибка для токена 15: (psycopg2.errors.UndefinedColumn) column "level" of relation "robot_logs" does not exist
LINE 4:             started_at, endpoint, level, request_data)
                                          ^

[SQL: 
           INSERT INTO ganaly.robot_logs
           (robot_name, robot_version, token_id, user_id,
            started_at, endpoint, level, request_data)
           VALUES
               (%(robot_name)s, %(robot_version)s, %(token_id)s, %(user_id)s,
                %(started_at)s, %(endpoint)s, %(level)s, %(request_data)s)
               RETURNING id            ]
[parameters: {'robot_name': 'portfolio_updater_scheduler', 'robot_version': '1.0.0', 'token_id': 15, 'user_id': 1, 'started_at': datetime.datetime(2026, 3, 16, 14, 35, 33, 856923), 'endpoint': 'robot://portfolio_updater/scheduler', 'level': 'INFO', 'request_data': None}]
(Background on this error at: https://sqlalche.me/e/20/f405)
2026-03-16 17:35:33.877 | INFO     | [portfolio_updater:scheduler] 📊 Итоги: всего=1, обработано=0, пропущено=0, ошибок=1
2026-03-16 17:35:33.877 | INFO     | [SYSTEM:SCHEDULER] ✅ Цикл завершен: {'total': 1, 'processed': 0, 'skipped': 0, 'errors': [{'token_id': 15, 'user_id': 1, 'error': '(psycopg2.errors.UndefinedColumn) column "level" of relation "robot_logs" does not exist\nLINE 4:             started_at, endpoint, level, request_data)\n                                          ^\n\n[SQL: \n           INSERT INTO ganaly.robot_logs\n           (robot_name, robot_version, token_id, user_id,\n            started_at, endpoint, level, request_data)\n           VALUES\n               (%(robot_name)s, %(robot_version)s, %(token_id)s, %(user_id)s,\n                %(started_at)s, %(endpoint)s, %(level)s, %(request_data)s)\n               RETURNING id            ]\n[parameters: {\'robot_name\': \'portfolio_updater_scheduler\', \'robot_version\': \'1.0.0\', \'token_id\': 15, \'user_id\': 1, \'started_at\': datetime.datetime(2026, 3, 16, 14, 35, 33, 856923), \'endpoint\': \'robot://portfolio_updater/scheduler\', \'level\': \'INFO\', \'request_data\': None}]\n(Background on this error at: https://sqlalche.me/e/20/f405)'}]}
2026-03-16 17:35:40.309 | INFO     | [SYSTEM:MAIN] 🛑 Приложение остановлено
2026-03-16 17:35:40.309 | INFO     | [SYSTEM:SCHEDULER] 🛑 Планировщик остановлен
2026-03-16 17:35:43.482 | INFO     | [SYSTEM:BOOT] ====================================================================================================
2026-03-16 17:35:43.482 | INFO     | [SYSTEM:BOOT] НОВЫЙ ПЕРИОД ЛОГИРОВАНИЯ: 2026-03-16 17:35:43
2026-03-16 17:35:43.482 | INFO     | [SYSTEM:BOOT] ====================================================================================================
2026-03-16 17:36:04.708 | INFO     | [SYSTEM:BOOT] ====================================================================================================
2026-03-16 17:36:04.712 | INFO     | [SYSTEM:BOOT] НОВЫЙ ПЕРИОД ЛОГИРОВАНИЯ: 2026-03-16 17:36:04
2026-03-16 17:36:04.712 | INFO     | [SYSTEM:BOOT] ====================================================================================================
2026-03-16 17:36:40.904 | INFO     | [SYSTEM:BOOT] ====================================================================================================
2026-03-16 17:36:40.904 | INFO     | [SYSTEM:BOOT] НОВЫЙ ПЕРИОД ЛОГИРОВАНИЯ: 2026-03-16 17:36:40
2026-03-16 17:36:40.904 | INFO     | [SYSTEM:BOOT] ====================================================================================================
2026-03-16 17:36:41.496 | INFO     | [SYSTEM:MAIN] 🚀 Приложение запущено
2026-03-16 17:36:41.504 | INFO     | [SYSTEM:SCHEDULER] 🚀 Запуск главного планировщика
2026-03-16 17:36:41.504 | INFO     | [SYSTEM:SCHEDULER] 🔄 Запуск цикла обновления
2026-03-16 17:36:41.596 | INFO     | [portfolio_updater:scheduler] 🔄 Найдено 1 токенов для обработки
2026-03-16 17:36:41.596 | INFO     | [portfolio_updater:scheduler] ▶️ Запуск робота v1.0.0
2026-03-16 17:36:41.596 | INFO     | [portfolio_updater:scheduler]    User ID: 1, Token ID: 15
2026-03-16 17:36:41.649 | INFO     | [portfolio_updater:scheduler]    Запись в БД: ID 280
2026-03-16 17:36:41.649 | INFO     | [portfolio_updater:scheduler] 🚀 Начало работы для токена 15
2026-03-16 17:36:41.662 | INFO     | [portfolio_updater:scheduler] Токен 15: прошло 32.4 мин, интервал 1 мин
2026-03-16 17:36:41.662 | INFO     | [portfolio_updater:scheduler] 🔌 Подключение к T-Invest API...
2026-03-16 17:36:41.663 | INFO     | [portfolio_updater:scheduler] 📋 Запрос списка счетов...
2026-03-16 17:36:41.757 | INFO     | [portfolio_updater:scheduler] 📊 Найдено счетов: 6
2026-03-16 17:36:41.757 | INFO     | [portfolio_updater:scheduler]   → Счет 2004129678 (Брокерский счёт)
2026-03-16 17:36:41.938 | INFO     | [portfolio_updater:scheduler]     ✓ Снимок сохранен (ID: 1712)
2026-03-16 17:36:41.938 | INFO     | [portfolio_updater:scheduler]   → Счет 2294878624 (Pinkin)
2026-03-16 17:36:42.091 | INFO     | [portfolio_updater:scheduler]     ✓ Снимок сохранен (ID: 1713)
2026-03-16 17:36:42.092 | INFO     | [portfolio_updater:scheduler]   → Счет 2294881404 (Анти-мейнстрим Aggressive)
2026-03-16 17:36:42.249 | INFO     | [portfolio_updater:scheduler]     ✓ Снимок сохранен (ID: 1714)
2026-03-16 17:36:42.249 | INFO     | [portfolio_updater:scheduler]   → Счет 2310550801 (Активное инвестирование)
2026-03-16 17:36:42.484 | INFO     | [portfolio_updater:scheduler]     ✓ Снимок сохранен (ID: 1715)
2026-03-16 17:36:42.484 | INFO     | [portfolio_updater:scheduler]   → Счет 2310571252 (Стратегия роста РФ)
2026-03-16 17:36:42.673 | INFO     | [portfolio_updater:scheduler]     ✓ Снимок сохранен (ID: 1716)
2026-03-16 17:36:42.673 | INFO     | [portfolio_updater:scheduler]   → Счет 2311961700 (Народная Кубышка)
2026-03-16 17:36:42.862 | INFO     | [portfolio_updater:scheduler]     ✓ Снимок сохранен (ID: 1717)
2026-03-16 17:36:42.880 | INFO     | [portfolio_updater:scheduler] ✅ Работа завершена. Обновлено счетов: 6, снимков: 6
2026-03-16 17:36:42.880 | INFO     | [portfolio_updater:scheduler] ✅ Работа завершена за 1284ms
2026-03-16 17:36:42.880 | INFO     | [portfolio_updater:scheduler]    status: success
2026-03-16 17:36:42.880 | INFO     | [portfolio_updater:scheduler]    accounts_found: 6
2026-03-16 17:36:42.880 | INFO     | [portfolio_updater:scheduler]    portfolios_updated: 6
2026-03-16 17:36:42.880 | INFO     | [portfolio_updater:scheduler]    snapshots_saved: 6
2026-03-16 17:36:42.880 | INFO     | [portfolio_updater:scheduler]    refresh_interval_minutes: 1
2026-03-16 17:36:42.899 | INFO     | [portfolio_updater:scheduler] 📊 Итоги: всего=1, обработано=1, пропущено=0, ошибок=0
2026-03-16 17:36:42.899 | INFO     | [SYSTEM:SCHEDULER] ✅ Цикл завершен: {'total': 1, 'processed': 1, 'skipped': 0, 'errors': []}
2026-03-16 17:37:42.903 | INFO     | [SYSTEM:SCHEDULER] 🔄 Запуск цикла обновления
2026-03-16 17:37:42.921 | INFO     | [portfolio_updater:scheduler] 🔄 Найдено 1 токенов для обработки
2026-03-16 17:37:42.921 | INFO     | [portfolio_updater:scheduler] ▶️ Запуск робота v1.0.0
2026-03-16 17:37:42.921 | INFO     | [portfolio_updater:scheduler]    User ID: 1, Token ID: 15
2026-03-16 17:37:42.954 | INFO     | [portfolio_updater:scheduler]    Запись в БД: ID 281
2026-03-16 17:37:42.954 | INFO     | [portfolio_updater:scheduler] 🚀 Начало работы для токена 15
2026-03-16 17:37:42.969 | INFO     | [portfolio_updater:scheduler] Токен 15: прошло 1.0 мин, интервал 1 мин
2026-03-16 17:37:42.969 | INFO     | [portfolio_updater:scheduler] 🔌 Подключение к T-Invest API...
2026-03-16 17:37:42.969 | INFO     | [portfolio_updater:scheduler] 📋 Запрос списка счетов...
2026-03-16 17:37:43.004 | INFO     | [portfolio_updater:scheduler] 📊 Найдено счетов: 6
2026-03-16 17:37:43.004 | INFO     | [portfolio_updater:scheduler]   → Счет 2004129678 (Брокерский счёт)
2026-03-16 17:37:43.180 | INFO     | [portfolio_updater:scheduler]     ✓ Снимок сохранен (ID: 1718)
2026-03-16 17:37:43.180 | INFO     | [portfolio_updater:scheduler]   → Счет 2294878624 (Pinkin)
2026-03-16 17:37:43.337 | INFO     | [portfolio_updater:scheduler]     ✓ Снимок сохранен (ID: 1719)
2026-03-16 17:37:43.337 | INFO     | [portfolio_updater:scheduler]   → Счет 2294881404 (Анти-мейнстрим Aggressive)
2026-03-16 17:37:43.474 | INFO     | [portfolio_updater:scheduler]     ✓ Снимок сохранен (ID: 1720)
2026-03-16 17:37:43.475 | INFO     | [portfolio_updater:scheduler]   → Счет 2310550801 (Активное инвестирование)
2026-03-16 17:37:43.729 | INFO     | [portfolio_updater:scheduler]     ✓ Снимок сохранен (ID: 1721)
2026-03-16 17:37:43.729 | INFO     | [portfolio_updater:scheduler]   → Счет 2310571252 (Стратегия роста РФ)
2026-03-16 17:37:43.902 | INFO     | [portfolio_updater:scheduler]     ✓ Снимок сохранен (ID: 1722)
2026-03-16 17:37:43.902 | INFO     | [portfolio_updater:scheduler]   → Счет 2311961700 (Народная Кубышка)
2026-03-16 17:37:44.054 | INFO     | [portfolio_updater:scheduler]     ✓ Снимок сохранен (ID: 1723)
2026-03-16 17:37:44.072 | INFO     | [portfolio_updater:scheduler] ✅ Работа завершена. Обновлено счетов: 6, снимков: 6
2026-03-16 17:37:44.072 | INFO     | [portfolio_updater:scheduler] ✅ Работа завершена за 1150ms
2026-03-16 17:37:44.072 | INFO     | [portfolio_updater:scheduler]    status: success
2026-03-16 17:37:44.072 | INFO     | [portfolio_updater:scheduler]    accounts_found: 6
2026-03-16 17:37:44.072 | INFO     | [portfolio_updater:scheduler]    portfolios_updated: 6
2026-03-16 17:37:44.072 | INFO     | [portfolio_updater:scheduler]    snapshots_saved: 6
2026-03-16 17:37:44.072 | INFO     | [portfolio_updater:scheduler]    refresh_interval_minutes: 1
2026-03-16 17:37:44.087 | INFO     | [portfolio_updater:scheduler] 📊 Итоги: всего=1, обработано=1, пропущено=0, ошибок=0
2026-03-16 17:37:44.087 | INFO     | [SYSTEM:SCHEDULER] ✅ Цикл завершен: {'total': 1, 'processed': 1, 'skipped': 0, 'errors': []}
2026-03-16 17:38:44.093 | INFO     | [SYSTEM:SCHEDULER] 🔄 Запуск цикла обновления
2026-03-16 17:38:44.108 | INFO     | [portfolio_updater:scheduler] 🔄 Найдено 0 токенов для обработки
2026-03-16 17:38:44.108 | INFO     | [portfolio_updater:scheduler] 📊 Итоги: всего=0, обработано=0, пропущено=0, ошибок=0
2026-03-16 17:38:44.108 | INFO     | [SYSTEM:SCHEDULER] ✅ Цикл завершен: {'total': 0, 'processed': 0, 'skipped': 0, 'errors': []}
2026-03-16 17:39:44.134 | INFO     | [SYSTEM:SCHEDULER] 🔄 Запуск цикла обновления
2026-03-16 17:39:44.152 | INFO     | [portfolio_updater:scheduler] 🔄 Найдено 0 токенов для обработки
2026-03-16 17:39:44.152 | INFO     | [portfolio_updater:scheduler] 📊 Итоги: всего=0, обработано=0, пропущено=0, ошибок=0
2026-03-16 17:39:44.152 | INFO     | [SYSTEM:SCHEDULER] ✅ Цикл завершен: {'total': 0, 'processed': 0, 'skipped': 0, 'errors': []}
2026-03-16 17:40:44.170 | INFO     | [SYSTEM:SCHEDULER] 🔄 Запуск цикла обновления
2026-03-16 17:40:44.198 | INFO     | [portfolio_updater:scheduler] 🔄 Найдено 0 токенов для обработки
2026-03-16 17:40:44.198 | INFO     | [portfolio_updater:scheduler] 📊 Итоги: всего=0, обработано=0, пропущено=0, ошибок=0
2026-03-16 17:40:44.198 | INFO     | [SYSTEM:SCHEDULER] ✅ Цикл завершен: {'total': 0, 'processed': 0, 'skipped': 0, 'errors': []}
2026-03-16 17:41:44.198 | INFO     | [SYSTEM:SCHEDULER] 🔄 Запуск цикла обновления
2026-03-16 17:41:44.244 | INFO     | [portfolio_updater:scheduler] 🔄 Найдено 0 токенов для обработки
2026-03-16 17:41:44.244 | INFO     | [portfolio_updater:scheduler] 📊 Итоги: всего=0, обработано=0, пропущено=0, ошибок=0
2026-03-16 17:41:44.246 | INFO     | [SYSTEM:SCHEDULER] ✅ Цикл завершен: {'total': 0, 'processed': 0, 'skipped': 0, 'errors': []}
2026-03-16 17:42:44.264 | INFO     | [SYSTEM:SCHEDULER] 🔄 Запуск цикла обновления
2026-03-16 17:42:44.286 | INFO     | [portfolio_updater:scheduler] 🔄 Найдено 0 токенов для обработки
2026-03-16 17:42:44.286 | INFO     | [portfolio_updater:scheduler] 📊 Итоги: всего=0, обработано=0, пропущено=0, ошибок=0
2026-03-16 17:42:44.286 | INFO     | [SYSTEM:SCHEDULER] ✅ Цикл завершен: {'total': 0, 'processed': 0, 'skipped': 0, 'errors': []}
2026-03-16 17:43:44.292 | INFO     | [SYSTEM:SCHEDULER] 🔄 Запуск цикла обновления
2026-03-16 17:43:44.346 | INFO     | [portfolio_updater:scheduler] 🔄 Найдено 0 токенов для обработки
2026-03-16 17:43:44.346 | INFO     | [portfolio_updater:scheduler] 📊 Итоги: всего=0, обработано=0, пропущено=0, ошибок=0
2026-03-16 17:43:44.347 | INFO     | [SYSTEM:SCHEDULER] ✅ Цикл завершен: {'total': 0, 'processed': 0, 'skipped': 0, 'errors': []}
2026-03-16 17:44:44.378 | INFO     | [SYSTEM:SCHEDULER] 🔄 Запуск цикла обновления
2026-03-16 17:44:44.396 | INFO     | [portfolio_updater:scheduler] 🔄 Найдено 0 токенов для обработки
2026-03-16 17:44:44.396 | INFO     | [portfolio_updater:scheduler] 📊 Итоги: всего=0, обработано=0, пропущено=0, ошибок=0
2026-03-16 17:44:44.396 | INFO     | [SYSTEM:SCHEDULER] ✅ Цикл завершен: {'total': 0, 'processed': 0, 'skipped': 0, 'errors': []}
2026-03-16 17:45:44.432 | INFO     | [SYSTEM:SCHEDULER] 🔄 Запуск цикла обновления
2026-03-16 17:45:44.457 | INFO     | [portfolio_updater:scheduler] 🔄 Найдено 1 токенов для обработки
2026-03-16 17:45:44.458 | INFO     | [portfolio_updater:scheduler] ▶️ Запуск робота v1.0.0
2026-03-16 17:45:44.458 | INFO     | [portfolio_updater:scheduler]    User ID: 1, Token ID: 15
2026-03-16 17:45:44.482 | INFO     | [portfolio_updater:scheduler]    Запись в БД: ID 282
2026-03-16 17:45:44.482 | INFO     | [portfolio_updater:scheduler] 🚀 Начало работы для токена 15
2026-03-16 17:45:44.498 | INFO     | [portfolio_updater:scheduler] Токен 15: прошло 10.0 мин, интервал 10 мин
2026-03-16 17:45:44.499 | INFO     | [portfolio_updater:scheduler] 🔌 Подключение к T-Invest API...
2026-03-16 17:45:44.499 | INFO     | [portfolio_updater:scheduler] 📋 Запрос списка счетов...
2026-03-16 17:45:44.575 | INFO     | [portfolio_updater:scheduler] 📊 Найдено счетов: 6
2026-03-16 17:45:44.576 | INFO     | [portfolio_updater:scheduler]   → Счет 2004129678 (Брокерский счёт)
2026-03-16 17:45:44.744 | INFO     | [portfolio_updater:scheduler]     ✓ Снимок сохранен (ID: 1724)
2026-03-16 17:45:44.744 | INFO     | [portfolio_updater:scheduler]   → Счет 2294878624 (Pinkin)
2026-03-16 17:45:44.899 | INFO     | [portfolio_updater:scheduler]     ✓ Снимок сохранен (ID: 1725)
2026-03-16 17:45:44.899 | INFO     | [portfolio_updater:scheduler]   → Счет 2294881404 (Анти-мейнстрим Aggressive)
2026-03-16 17:45:45.045 | INFO     | [portfolio_updater:scheduler]     ✓ Снимок сохранен (ID: 1726)
2026-03-16 17:45:45.045 | INFO     | [portfolio_updater:scheduler]   → Счет 2310550801 (Активное инвестирование)
2026-03-16 17:45:45.281 | INFO     | [portfolio_updater:scheduler]     ✓ Снимок сохранен (ID: 1727)
2026-03-16 17:45:45.281 | INFO     | [portfolio_updater:scheduler]   → Счет 2310571252 (Стратегия роста РФ)
2026-03-16 17:45:45.473 | INFO     | [portfolio_updater:scheduler]     ✓ Снимок сохранен (ID: 1728)
2026-03-16 17:45:45.473 | INFO     | [portfolio_updater:scheduler]   → Счет 2311961700 (Народная Кубышка)
2026-03-16 17:45:45.677 | INFO     | [portfolio_updater:scheduler]     ✓ Снимок сохранен (ID: 1729)
2026-03-16 17:45:45.696 | INFO     | [portfolio_updater:scheduler] ✅ Работа завершена. Обновлено счетов: 6, снимков: 6
2026-03-16 17:45:45.696 | INFO     | [portfolio_updater:scheduler] ✅ Работа завершена за 1238ms
2026-03-16 17:45:45.696 | INFO     | [portfolio_updater:scheduler]    status: success
2026-03-16 17:45:45.696 | INFO     | [portfolio_updater:scheduler]    accounts_found: 6
2026-03-16 17:45:45.696 | INFO     | [portfolio_updater:scheduler]    portfolios_updated: 6
2026-03-16 17:45:45.696 | INFO     | [portfolio_updater:scheduler]    snapshots_saved: 6
2026-03-16 17:45:45.696 | INFO     | [portfolio_updater:scheduler]    refresh_interval_minutes: 10
2026-03-16 17:45:45.716 | INFO     | [portfolio_updater:scheduler] 📊 Итоги: всего=1, обработано=1, пропущено=0, ошибок=0
2026-03-16 17:45:45.716 | INFO     | [SYSTEM:SCHEDULER] ✅ Цикл завершен: {'total': 1, 'processed': 1, 'skipped': 0, 'errors': []}
2026-03-16 17:46:45.725 | INFO     | [SYSTEM:SCHEDULER] 🔄 Запуск цикла обновления
2026-03-16 17:46:45.753 | INFO     | [portfolio_updater:scheduler] 🔄 Найдено 0 токенов для обработки
2026-03-16 17:46:45.753 | INFO     | [portfolio_updater:scheduler] 📊 Итоги: всего=0, обработано=0, пропущено=0, ошибок=0
2026-03-16 17:46:45.753 | INFO     | [SYSTEM:SCHEDULER] ✅ Цикл завершен: {'total': 0, 'processed': 0, 'skipped': 0, 'errors': []}
2026-03-16 17:47:33.138 | INFO     | [SYSTEM:MAIN] 🛑 Приложение остановлено
2026-03-16 17:47:33.138 | INFO     | [SYSTEM:SCHEDULER] 🛑 Планировщик остановлен
2026-03-16 17:47:37.024 | INFO     | [SYSTEM:BOOT] ====================================================================================================
2026-03-16 17:47:37.024 | INFO     | [SYSTEM:BOOT] НОВЫЙ ПЕРИОД ЛОГИРОВАНИЯ: 2026-03-16 17:47:37
2026-03-16 17:47:37.024 | INFO     | [SYSTEM:BOOT] ====================================================================================================
2026-03-16 17:47:38.284 | INFO     | [SYSTEM:MAIN] 🚀 Приложение запущено
2026-03-16 17:47:38.284 | INFO     | [SYSTEM:SCHEDULER] 🚀 Запуск главного планировщика
2026-03-16 17:47:38.284 | INFO     | [SYSTEM:SCHEDULER] 🔄 Запуск цикла обновления
2026-03-16 17:47:38.423 | INFO     | [portfolio_updater:scheduler] 🔄 Найдено 0 токенов для обработки
2026-03-16 17:47:38.423 | INFO     | [portfolio_updater:scheduler] 📊 Итоги: всего=0, обработано=0, пропущено=0, ошибок=0
2026-03-16 17:47:38.423 | INFO     | [SYSTEM:SCHEDULER] ✅ Цикл завершен: {'total': 0, 'processed': 0, 'skipped': 0, 'errors': []}
2026-03-16 17:48:38.415 | INFO     | [SYSTEM:SCHEDULER] 🔄 Запуск цикла обновления
2026-03-16 17:48:38.544 | INFO     | [portfolio_updater:scheduler] 🔄 Найдено 1 токенов для обработки
2026-03-16 17:48:38.544 | INFO     | [portfolio_updater:scheduler] ▶️ Запуск робота v1.0.0
2026-03-16 17:48:38.544 | INFO     | [portfolio_updater:scheduler]    User ID: 1, Token ID: 15
2026-03-16 17:48:38.742 | INFO     | [portfolio_updater:scheduler]    Запись в БД: ID 283
2026-03-16 17:48:38.742 | INFO     | [portfolio_updater:scheduler] 🚀 Начало работы для токена 15
2026-03-16 17:48:38.761 | INFO     | [portfolio_updater:scheduler] Токен 15: прошло 2.9 мин, интервал 1 мин
2026-03-16 17:48:38.761 | INFO     | [portfolio_updater:scheduler] 🔌 Подключение к T-Invest API...
2026-03-16 17:48:38.761 | INFO     | [portfolio_updater:scheduler] 📋 Запрос списка счетов...
2026-03-16 17:48:38.894 | INFO     | [portfolio_updater:scheduler] 📊 Найдено счетов: 6
2026-03-16 17:48:38.897 | INFO     | [portfolio_updater:scheduler]   → Счет 2004129678 (Брокерский счёт)
2026-03-16 17:48:39.180 | INFO     | [portfolio_updater:scheduler]     ✓ Снимок сохранен (ID: 1730)
2026-03-16 17:48:39.180 | INFO     | [portfolio_updater:scheduler]   → Счет 2294878624 (Pinkin)
2026-03-16 17:48:39.360 | INFO     | [portfolio_updater:scheduler]     ✓ Снимок сохранен (ID: 1731)
2026-03-16 17:48:39.362 | INFO     | [portfolio_updater:scheduler]   → Счет 2294881404 (Анти-мейнстрим Aggressive)
2026-03-16 17:48:39.546 | INFO     | [portfolio_updater:scheduler]     ✓ Снимок сохранен (ID: 1732)
2026-03-16 17:48:39.546 | INFO     | [portfolio_updater:scheduler]   → Счет 2310550801 (Активное инвестирование)
2026-03-16 17:48:39.813 | INFO     | [portfolio_updater:scheduler]     ✓ Снимок сохранен (ID: 1733)
2026-03-16 17:48:39.814 | INFO     | [portfolio_updater:scheduler]   → Счет 2310571252 (Стратегия роста РФ)
2026-03-16 17:48:39.989 | INFO     | [portfolio_updater:scheduler]     ✓ Снимок сохранен (ID: 1734)
2026-03-16 17:48:39.989 | INFO     | [portfolio_updater:scheduler]   → Счет 2311961700 (Народная Кубышка)
2026-03-16 17:48:40.177 | INFO     | [portfolio_updater:scheduler]     ✓ Снимок сохранен (ID: 1735)
2026-03-16 17:48:40.198 | INFO     | [portfolio_updater:scheduler] ✅ Работа завершена. Обновлено счетов: 6, снимков: 6
2026-03-16 17:48:40.198 | INFO     | [portfolio_updater:scheduler] ✅ Работа завершена за 1653ms
2026-03-16 17:48:40.198 | INFO     | [portfolio_updater:scheduler]    status: success
2026-03-16 17:48:40.198 | INFO     | [portfolio_updater:scheduler]    accounts_found: 6
2026-03-16 17:48:40.198 | INFO     | [portfolio_updater:scheduler]    portfolios_updated: 6
2026-03-16 17:48:40.198 | INFO     | [portfolio_updater:scheduler]    snapshots_saved: 6
2026-03-16 17:48:40.198 | INFO     | [portfolio_updater:scheduler]    refresh_interval_minutes: 1
2026-03-16 17:48:40.239 | INFO     | [portfolio_updater:scheduler] 📊 Итоги: всего=1, обработано=1, пропущено=0, ошибок=0
2026-03-16 17:48:40.239 | INFO     | [SYSTEM:SCHEDULER] ✅ Цикл завершен: {'total': 1, 'processed': 1, 'skipped': 0, 'errors': []}
2026-03-16 17:49:40.271 | INFO     | [SYSTEM:SCHEDULER] 🔄 Запуск цикла обновления
2026-03-16 17:49:40.328 | INFO     | [portfolio_updater:scheduler] 🔄 Найдено 1 токенов для обработки
2026-03-16 17:49:40.328 | INFO     | [portfolio_updater:scheduler] ▶️ Запуск робота v1.0.0
2026-03-16 17:49:40.328 | INFO     | [portfolio_updater:scheduler]    User ID: 1, Token ID: 15
2026-03-16 17:49:40.355 | INFO     | [portfolio_updater:scheduler]    Запись в БД: ID 284
2026-03-16 17:49:40.357 | INFO     | [portfolio_updater:scheduler] 🚀 Начало работы для токена 15
2026-03-16 17:49:40.374 | INFO     | [portfolio_updater:scheduler] Токен 15: прошло 1.0 мин, интервал 1 мин
2026-03-16 17:49:40.374 | INFO     | [portfolio_updater:scheduler] 🔌 Подключение к T-Invest API...
2026-03-16 17:49:40.374 | INFO     | [portfolio_updater:scheduler] 📋 Запрос списка счетов...
2026-03-16 17:49:40.430 | INFO     | [portfolio_updater:scheduler] 📊 Найдено счетов: 6
2026-03-16 17:49:40.430 | INFO     | [portfolio_updater:scheduler]   → Счет 2004129678 (Брокерский счёт)
2026-03-16 17:49:40.618 | INFO     | [portfolio_updater:scheduler]     ✓ Снимок сохранен (ID: 1736)
2026-03-16 17:49:40.618 | INFO     | [portfolio_updater:scheduler]   → Счет 2294878624 (Pinkin)
2026-03-16 17:49:40.796 | INFO     | [portfolio_updater:scheduler]     ✓ Снимок сохранен (ID: 1737)
2026-03-16 17:49:40.796 | INFO     | [portfolio_updater:scheduler]   → Счет 2294881404 (Анти-мейнстрим Aggressive)
2026-03-16 17:49:40.967 | INFO     | [portfolio_updater:scheduler]     ✓ Снимок сохранен (ID: 1738)
2026-03-16 17:49:40.967 | INFO     | [portfolio_updater:scheduler]   → Счет 2310550801 (Активное инвестирование)
2026-03-16 17:49:41.246 | INFO     | [portfolio_updater:scheduler]     ✓ Снимок сохранен (ID: 1739)
2026-03-16 17:49:41.246 | INFO     | [portfolio_updater:scheduler]   → Счет 2310571252 (Стратегия роста РФ)
2026-03-16 17:49:41.467 | INFO     | [portfolio_updater:scheduler]     ✓ Снимок сохранен (ID: 1740)
2026-03-16 17:49:41.467 | INFO     | [portfolio_updater:scheduler]   → Счет 2311961700 (Народная Кубышка)
2026-03-16 17:49:41.635 | INFO     | [portfolio_updater:scheduler]     ✓ Снимок сохранен (ID: 1741)
2026-03-16 17:49:41.657 | INFO     | [portfolio_updater:scheduler] ✅ Работа завершена. Обновлено счетов: 6, снимков: 6
2026-03-16 17:49:41.657 | INFO     | [portfolio_updater:scheduler] ✅ Работа завершена за 1329ms
2026-03-16 17:49:41.657 | INFO     | [portfolio_updater:scheduler]    status: success
2026-03-16 17:49:41.657 | INFO     | [portfolio_updater:scheduler]    accounts_found: 6
2026-03-16 17:49:41.657 | INFO     | [portfolio_updater:scheduler]    portfolios_updated: 6
2026-03-16 17:49:41.657 | INFO     | [portfolio_updater:scheduler]    snapshots_saved: 6
2026-03-16 17:49:41.657 | INFO     | [portfolio_updater:scheduler]    refresh_interval_minutes: 1
2026-03-16 17:49:41.677 | INFO     | [portfolio_updater:scheduler] 📊 Итоги: всего=1, обработано=1, пропущено=0, ошибок=0
2026-03-16 17:49:41.677 | INFO     | [SYSTEM:SCHEDULER] ✅ Цикл завершен: {'total': 1, 'processed': 1, 'skipped': 0, 'errors': []}
2026-03-16 17:50:41.690 | INFO     | [SYSTEM:SCHEDULER] 🔄 Запуск цикла обновления
2026-03-16 17:50:41.716 | INFO     | [portfolio_updater:scheduler] 🔄 Найдено 1 токенов для обработки
2026-03-16 17:50:41.716 | INFO     | [portfolio_updater:scheduler] ▶️ Запуск робота v1.0.0
2026-03-16 17:50:41.717 | INFO     | [portfolio_updater:scheduler]    User ID: 1, Token ID: 15
2026-03-16 17:50:41.746 | INFO     | [portfolio_updater:scheduler]    Запись в БД: ID 285
2026-03-16 17:50:41.746 | INFO     | [portfolio_updater:scheduler] 🚀 Начало работы для токена 15
2026-03-16 17:50:41.762 | INFO     | [portfolio_updater:scheduler] Токен 15: прошло 1.0 мин, интервал 1 мин
2026-03-16 17:50:41.762 | INFO     | [portfolio_updater:scheduler] 🔌 Подключение к T-Invest API...
2026-03-16 17:50:41.762 | INFO     | [portfolio_updater:scheduler] 📋 Запрос списка счетов...
2026-03-16 17:50:41.806 | INFO     | [portfolio_updater:scheduler] 📊 Найдено счетов: 6
2026-03-16 17:50:41.806 | INFO     | [portfolio_updater:scheduler]   → Счет 2004129678 (Брокерский счёт)
2026-03-16 17:50:41.981 | INFO     | [portfolio_updater:scheduler]     ✓ Снимок сохранен (ID: 1742)
2026-03-16 17:50:41.984 | INFO     | [portfolio_updater:scheduler]   → Счет 2294878624 (Pinkin)
2026-03-16 17:50:42.264 | INFO     | [portfolio_updater:scheduler]     ✓ Снимок сохранен (ID: 1743)
2026-03-16 17:50:42.265 | INFO     | [portfolio_updater:scheduler]   → Счет 2294881404 (Анти-мейнстрим Aggressive)
2026-03-16 17:50:42.434 | INFO     | [portfolio_updater:scheduler]     ✓ Снимок сохранен (ID: 1744)
2026-03-16 17:50:42.434 | INFO     | [portfolio_updater:scheduler]   → Счет 2310550801 (Активное инвестирование)
2026-03-16 17:50:42.664 | INFO     | [portfolio_updater:scheduler]     ✓ Снимок сохранен (ID: 1745)
2026-03-16 17:50:42.664 | INFO     | [portfolio_updater:scheduler]   → Счет 2310571252 (Стратегия роста РФ)
2026-03-16 17:50:42.857 | INFO     | [portfolio_updater:scheduler]     ✓ Снимок сохранен (ID: 1746)
2026-03-16 17:50:42.857 | INFO     | [portfolio_updater:scheduler]   → Счет 2311961700 (Народная Кубышка)
2026-03-16 17:50:43.031 | INFO     | [portfolio_updater:scheduler]     ✓ Снимок сохранен (ID: 1747)
2026-03-16 17:50:43.053 | INFO     | [portfolio_updater:scheduler] ✅ Работа завершена. Обновлено счетов: 6, снимков: 6
2026-03-16 17:50:43.053 | INFO     | [portfolio_updater:scheduler] ✅ Работа завершена за 1336ms
2026-03-16 17:50:43.053 | INFO     | [portfolio_updater:scheduler]    status: success
2026-03-16 17:50:43.053 | INFO     | [portfolio_updater:scheduler]    accounts_found: 6
2026-03-16 17:50:43.053 | INFO     | [portfolio_updater:scheduler]    portfolios_updated: 6
2026-03-16 17:50:43.053 | INFO     | [portfolio_updater:scheduler]    snapshots_saved: 6
2026-03-16 17:50:43.053 | INFO     | [portfolio_updater:scheduler]    refresh_interval_minutes: 1
2026-03-16 17:50:43.074 | INFO     | [portfolio_updater:scheduler] 📊 Итоги: всего=1, обработано=1, пропущено=0, ошибок=0
2026-03-16 17:50:43.074 | INFO     | [SYSTEM:SCHEDULER] ✅ Цикл завершен: {'total': 1, 'processed': 1, 'skipped': 0, 'errors': []}
2026-03-16 17:51:43.078 | INFO     | [SYSTEM:SCHEDULER] 🔄 Запуск цикла обновления
2026-03-16 17:51:43.118 | INFO     | [portfolio_updater:scheduler] 🔄 Найдено 1 токенов для обработки
2026-03-16 17:51:43.118 | INFO     | [portfolio_updater:scheduler] ▶️ Запуск робота v1.0.0
2026-03-16 17:51:43.118 | INFO     | [portfolio_updater:scheduler]    User ID: 1, Token ID: 15
2026-03-16 17:51:43.243 | INFO     | [portfolio_updater:scheduler]    Запись в БД: ID 286
2026-03-16 17:51:43.243 | INFO     | [portfolio_updater:scheduler] 🚀 Начало работы для токена 15
2026-03-16 17:51:43.355 | INFO     | [portfolio_updater:scheduler] Токен 15: прошло 1.0 мин, интервал 1 мин
2026-03-16 17:51:43.355 | INFO     | [portfolio_updater:scheduler] 🔌 Подключение к T-Invest API...
2026-03-16 17:51:43.355 | INFO     | [portfolio_updater:scheduler] 📋 Запрос списка счетов...
2026-03-16 17:51:43.417 | INFO     | [portfolio_updater:scheduler] 📊 Найдено счетов: 6
2026-03-16 17:51:43.417 | INFO     | [portfolio_updater:scheduler]   → Счет 2004129678 (Брокерский счёт)
2026-03-16 17:51:43.711 | INFO     | [portfolio_updater:scheduler]     ✓ Снимок сохранен (ID: 1748)
2026-03-16 17:51:43.712 | INFO     | [portfolio_updater:scheduler]   → Счет 2294878624 (Pinkin)
2026-03-16 17:51:43.878 | INFO     | [portfolio_updater:scheduler]     ✓ Снимок сохранен (ID: 1749)
2026-03-16 17:51:43.878 | INFO     | [portfolio_updater:scheduler]   → Счет 2294881404 (Анти-мейнстрим Aggressive)
2026-03-16 17:51:44.264 | INFO     | [portfolio_updater:scheduler]     ✓ Снимок сохранен (ID: 1750)
2026-03-16 17:51:44.264 | INFO     | [portfolio_updater:scheduler]   → Счет 2310550801 (Активное инвестирование)
2026-03-16 17:51:44.583 | INFO     | [portfolio_updater:scheduler]     ✓ Снимок сохранен (ID: 1751)
2026-03-16 17:51:44.583 | INFO     | [portfolio_updater:scheduler]   → Счет 2310571252 (Стратегия роста РФ)
2026-03-16 17:51:44.823 | INFO     | [portfolio_updater:scheduler]     ✓ Снимок сохранен (ID: 1752)
2026-03-16 17:51:44.823 | INFO     | [portfolio_updater:scheduler]   → Счет 2311961700 (Народная Кубышка)
2026-03-16 17:51:44.998 | INFO     | [portfolio_updater:scheduler]     ✓ Снимок сохранен (ID: 1753)
2026-03-16 17:51:45.023 | INFO     | [portfolio_updater:scheduler] ✅ Работа завершена. Обновлено счетов: 6, снимков: 6
2026-03-16 17:51:45.023 | INFO     | [portfolio_updater:scheduler] ✅ Работа завершена за 1904ms
2026-03-16 17:51:45.023 | INFO     | [portfolio_updater:scheduler]    status: success
2026-03-16 17:51:45.023 | INFO     | [portfolio_updater:scheduler]    accounts_found: 6
2026-03-16 17:51:45.023 | INFO     | [portfolio_updater:scheduler]    portfolios_updated: 6
2026-03-16 17:51:45.023 | INFO     | [portfolio_updater:scheduler]    snapshots_saved: 6
2026-03-16 17:51:45.023 | INFO     | [portfolio_updater:scheduler]    refresh_interval_minutes: 1
2026-03-16 17:51:45.045 | INFO     | [portfolio_updater:scheduler] 📊 Итоги: всего=1, обработано=1, пропущено=0, ошибок=0
2026-03-16 17:51:45.045 | INFO     | [SYSTEM:SCHEDULER] ✅ Цикл завершен: {'total': 1, 'processed': 1, 'skipped': 0, 'errors': []}
2026-03-16 17:52:45.051 | INFO     | [SYSTEM:SCHEDULER] 🔄 Запуск цикла обновления
2026-03-16 17:52:45.072 | INFO     | [portfolio_updater:scheduler] 🔄 Найдено 1 токенов для обработки
2026-03-16 17:52:45.072 | INFO     | [portfolio_updater:scheduler] ▶️ Запуск робота v1.0.0
2026-03-16 17:52:45.072 | INFO     | [portfolio_updater:scheduler]    User ID: 1, Token ID: 15
2026-03-16 17:52:45.107 | INFO     | [portfolio_updater:scheduler]    Запись в БД: ID 287
2026-03-16 17:52:45.107 | INFO     | [portfolio_updater:scheduler] 🚀 Начало работы для токена 15
2026-03-16 17:52:45.140 | INFO     | [portfolio_updater:scheduler] Токен 15: прошло 1.0 мин, интервал 1 мин
2026-03-16 17:52:45.140 | INFO     | [portfolio_updater:scheduler] 🔌 Подключение к T-Invest API...
2026-03-16 17:52:45.142 | INFO     | [portfolio_updater:scheduler] 📋 Запрос списка счетов...
2026-03-16 17:52:45.220 | INFO     | [portfolio_updater:scheduler] 📊 Найдено счетов: 6
2026-03-16 17:52:45.220 | INFO     | [portfolio_updater:scheduler]   → Счет 2004129678 (Брокерский счёт)
2026-03-16 17:52:45.414 | INFO     | [portfolio_updater:scheduler]     ✓ Снимок сохранен (ID: 1754)
2026-03-16 17:52:45.416 | INFO     | [portfolio_updater:scheduler]   → Счет 2294878624 (Pinkin)
2026-03-16 17:52:45.668 | INFO     | [portfolio_updater:scheduler]     ✓ Снимок сохранен (ID: 1755)
2026-03-16 17:52:45.668 | INFO     | [portfolio_updater:scheduler]   → Счет 2294881404 (Анти-мейнстрим Aggressive)
2026-03-16 17:52:45.913 | INFO     | [portfolio_updater:scheduler]     ✓ Снимок сохранен (ID: 1756)
2026-03-16 17:52:45.913 | INFO     | [portfolio_updater:scheduler]   → Счет 2310550801 (Активное инвестирование)
2026-03-16 17:52:46.388 | INFO     | [portfolio_updater:scheduler]     ✓ Снимок сохранен (ID: 1757)
2026-03-16 17:52:46.388 | INFO     | [portfolio_updater:scheduler]   → Счет 2310571252 (Стратегия роста РФ)
2026-03-16 17:52:46.615 | INFO     | [portfolio_updater:scheduler]     ✓ Снимок сохранен (ID: 1758)
2026-03-16 17:52:46.615 | INFO     | [portfolio_updater:scheduler]   → Счет 2311961700 (Народная Кубышка)
2026-03-16 17:52:46.923 | INFO     | [portfolio_updater:scheduler]     ✓ Снимок сохранен (ID: 1759)
2026-03-16 17:52:46.948 | INFO     | [portfolio_updater:scheduler] ✅ Работа завершена. Обновлено счетов: 6, снимков: 6
2026-03-16 17:52:46.948 | INFO     | [portfolio_updater:scheduler] ✅ Работа завершена за 1876ms
2026-03-16 17:52:46.948 | INFO     | [portfolio_updater:scheduler]    status: success
2026-03-16 17:52:46.948 | INFO     | [portfolio_updater:scheduler]    accounts_found: 6
2026-03-16 17:52:46.948 | INFO     | [portfolio_updater:scheduler]    portfolios_updated: 6
2026-03-16 17:52:46.948 | INFO     | [portfolio_updater:scheduler]    snapshots_saved: 6
2026-03-16 17:52:46.948 | INFO     | [portfolio_updater:scheduler]    refresh_interval_minutes: 1
2026-03-16 17:52:46.973 | INFO     | [portfolio_updater:scheduler] 📊 Итоги: всего=1, обработано=1, пропущено=0, ошибок=0
2026-03-16 17:52:46.973 | INFO     | [SYSTEM:SCHEDULER] ✅ Цикл завершен: {'total': 1, 'processed': 1, 'skipped': 0, 'errors': []}
2026-03-16 17:53:46.997 | INFO     | [SYSTEM:SCHEDULER] 🔄 Запуск цикла обновления
2026-03-16 17:53:47.015 | INFO     | [portfolio_updater:scheduler] 🔄 Найдено 1 токенов для обработки
2026-03-16 17:53:47.015 | INFO     | [portfolio_updater:scheduler] ▶️ Запуск робота v1.0.0
2026-03-16 17:53:47.015 | INFO     | [portfolio_updater:scheduler]    User ID: 1, Token ID: 15
2026-03-16 17:53:47.076 | INFO     | [portfolio_updater:scheduler]    Запись в БД: ID 288
2026-03-16 17:53:47.076 | INFO     | [portfolio_updater:scheduler] 🚀 Начало работы для токена 15
2026-03-16 17:53:47.105 | INFO     | [portfolio_updater:scheduler] Токен 15: прошло 1.0 мин, интервал 1 мин
2026-03-16 17:53:47.105 | INFO     | [portfolio_updater:scheduler] 🔌 Подключение к T-Invest API...
2026-03-16 17:53:47.105 | INFO     | [portfolio_updater:scheduler] 📋 Запрос списка счетов...
2026-03-16 17:53:47.153 | INFO     | [portfolio_updater:scheduler] 📊 Найдено счетов: 6
2026-03-16 17:53:47.153 | INFO     | [portfolio_updater:scheduler]   → Счет 2004129678 (Брокерский счёт)
2026-03-16 17:53:47.326 | INFO     | [portfolio_updater:scheduler]     ✓ Снимок сохранен (ID: 1760)
2026-03-16 17:53:47.326 | INFO     | [portfolio_updater:scheduler]   → Счет 2294878624 (Pinkin)
2026-03-16 17:53:47.517 | INFO     | [portfolio_updater:scheduler]     ✓ Снимок сохранен (ID: 1761)
2026-03-16 17:53:47.517 | INFO     | [portfolio_updater:scheduler]   → Счет 2294881404 (Анти-мейнстрим Aggressive)
2026-03-16 17:53:47.690 | INFO     | [portfolio_updater:scheduler]     ✓ Снимок сохранен (ID: 1762)
2026-03-16 17:53:47.690 | INFO     | [portfolio_updater:scheduler]   → Счет 2310550801 (Активное инвестирование)
2026-03-16 17:53:47.997 | INFO     | [portfolio_updater:scheduler]     ✓ Снимок сохранен (ID: 1763)
2026-03-16 17:53:47.997 | INFO     | [portfolio_updater:scheduler]   → Счет 2310571252 (Стратегия роста РФ)
2026-03-16 17:53:48.285 | INFO     | [portfolio_updater:scheduler]     ✓ Снимок сохранен (ID: 1764)
2026-03-16 17:53:48.285 | INFO     | [portfolio_updater:scheduler]   → Счет 2311961700 (Народная Кубышка)
2026-03-16 17:53:48.500 | INFO     | [portfolio_updater:scheduler]     ✓ Снимок сохранен (ID: 1765)
2026-03-16 17:53:48.549 | INFO     | [portfolio_updater:scheduler] ✅ Работа завершена. Обновлено счетов: 6, снимков: 6
2026-03-16 17:53:48.549 | INFO     | [portfolio_updater:scheduler] ✅ Работа завершена за 1534ms
2026-03-16 17:53:48.549 | INFO     | [portfolio_updater:scheduler]    status: success
2026-03-16 17:53:48.549 | INFO     | [portfolio_updater:scheduler]    accounts_found: 6
2026-03-16 17:53:48.549 | INFO     | [portfolio_updater:scheduler]    portfolios_updated: 6
2026-03-16 17:53:48.549 | INFO     | [portfolio_updater:scheduler]    snapshots_saved: 6
2026-03-16 17:53:48.549 | INFO     | [portfolio_updater:scheduler]    refresh_interval_minutes: 1
2026-03-16 17:53:48.582 | INFO     | [portfolio_updater:scheduler] 📊 Итоги: всего=1, обработано=1, пропущено=0, ошибок=0
2026-03-16 17:53:48.582 | INFO     | [SYSTEM:SCHEDULER] ✅ Цикл завершен: {'total': 1, 'processed': 1, 'skipped': 0, 'errors': []}
2026-03-16 17:54:48.598 | INFO     | [SYSTEM:SCHEDULER] 🔄 Запуск цикла обновления
2026-03-16 17:54:48.623 | INFO     | [portfolio_updater:scheduler] 🔄 Найдено 1 токенов для обработки
2026-03-16 17:54:48.623 | INFO     | [portfolio_updater:scheduler] ▶️ Запуск робота v1.0.0
2026-03-16 17:54:48.623 | INFO     | [portfolio_updater:scheduler]    User ID: 1, Token ID: 15
2026-03-16 17:54:48.654 | INFO     | [portfolio_updater:scheduler]    Запись в БД: ID 289
2026-03-16 17:54:48.654 | INFO     | [portfolio_updater:scheduler] 🚀 Начало работы для токена 15
2026-03-16 17:54:48.676 | INFO     | [portfolio_updater:scheduler] Токен 15: прошло 1.0 мин, интервал 1 мин
2026-03-16 17:54:48.676 | INFO     | [portfolio_updater:scheduler] 🔌 Подключение к T-Invest API...
2026-03-16 17:54:48.676 | INFO     | [portfolio_updater:scheduler] 📋 Запрос списка счетов...
2026-03-16 17:54:48.724 | INFO     | [portfolio_updater:scheduler] 📊 Найдено счетов: 6
2026-03-16 17:54:48.724 | INFO     | [portfolio_updater:scheduler]   → Счет 2004129678 (Брокерский счёт)
2026-03-16 17:54:48.883 | INFO     | [portfolio_updater:scheduler]     ✓ Снимок сохранен (ID: 1766)
2026-03-16 17:54:48.883 | INFO     | [portfolio_updater:scheduler]   → Счет 2294878624 (Pinkin)
2026-03-16 17:54:49.045 | INFO     | [portfolio_updater:scheduler]     ✓ Снимок сохранен (ID: 1767)
2026-03-16 17:54:49.045 | INFO     | [portfolio_updater:scheduler]   → Счет 2294881404 (Анти-мейнстрим Aggressive)
2026-03-16 17:54:49.202 | INFO     | [portfolio_updater:scheduler]     ✓ Снимок сохранен (ID: 1768)
2026-03-16 17:54:49.202 | INFO     | [portfolio_updater:scheduler]   → Счет 2310550801 (Активное инвестирование)
2026-03-16 17:54:49.455 | INFO     | [portfolio_updater:scheduler]     ✓ Снимок сохранен (ID: 1769)
2026-03-16 17:54:49.455 | INFO     | [portfolio_updater:scheduler]   → Счет 2310571252 (Стратегия роста РФ)
2026-03-16 17:54:49.665 | INFO     | [portfolio_updater:scheduler]     ✓ Снимок сохранен (ID: 1770)
2026-03-16 17:54:49.666 | INFO     | [portfolio_updater:scheduler]   → Счет 2311961700 (Народная Кубышка)
2026-03-16 17:54:49.839 | INFO     | [portfolio_updater:scheduler]     ✓ Снимок сохранен (ID: 1771)
2026-03-16 17:54:49.864 | INFO     | [portfolio_updater:scheduler] ✅ Работа завершена. Обновлено счетов: 6, снимков: 6
2026-03-16 17:54:49.864 | INFO     | [portfolio_updater:scheduler] ✅ Работа завершена за 1240ms
2026-03-16 17:54:49.864 | INFO     | [portfolio_updater:scheduler]    status: success
2026-03-16 17:54:49.864 | INFO     | [portfolio_updater:scheduler]    accounts_found: 6
2026-03-16 17:54:49.864 | INFO     | [portfolio_updater:scheduler]    portfolios_updated: 6
2026-03-16 17:54:49.864 | INFO     | [portfolio_updater:scheduler]    snapshots_saved: 6
2026-03-16 17:54:49.864 | INFO     | [portfolio_updater:scheduler]    refresh_interval_minutes: 1
2026-03-16 17:54:49.888 | INFO     | [portfolio_updater:scheduler] 📊 Итоги: всего=1, обработано=1, пропущено=0, ошибок=0
2026-03-16 17:54:49.888 | INFO     | [SYSTEM:SCHEDULER] ✅ Цикл завершен: {'total': 1, 'processed': 1, 'skipped': 0, 'errors': []}
2026-03-16 17:55:49.884 | INFO     | [SYSTEM:SCHEDULER] 🔄 Запуск цикла обновления
2026-03-16 17:55:49.897 | INFO     | [portfolio_updater:scheduler] 🔄 Найдено 1 токенов для обработки
2026-03-16 17:55:49.899 | INFO     | [portfolio_updater:scheduler] ▶️ Запуск робота v1.0.0
2026-03-16 17:55:49.899 | INFO     | [portfolio_updater:scheduler]    User ID: 1, Token ID: 15
2026-03-16 17:55:49.918 | INFO     | [portfolio_updater:scheduler]    Запись в БД: ID 290
2026-03-16 17:55:49.920 | INFO     | [portfolio_updater:scheduler] 🚀 Начало работы для токена 15
2026-03-16 17:55:49.933 | INFO     | [portfolio_updater:scheduler] Токен 15: прошло 1.0 мин, интервал 1 мин
2026-03-16 17:55:49.933 | INFO     | [portfolio_updater:scheduler] 🔌 Подключение к T-Invest API...
2026-03-16 17:55:49.933 | INFO     | [portfolio_updater:scheduler] 📋 Запрос списка счетов...
2026-03-16 17:55:49.987 | INFO     | [portfolio_updater:scheduler] 📊 Найдено счетов: 6
2026-03-16 17:55:49.989 | INFO     | [portfolio_updater:scheduler]   → Счет 2004129678 (Брокерский счёт)
2026-03-16 17:55:50.143 | INFO     | [portfolio_updater:scheduler]     ✓ Снимок сохранен (ID: 1772)
2026-03-16 17:55:50.143 | INFO     | [portfolio_updater:scheduler]   → Счет 2294878624 (Pinkin)
2026-03-16 17:55:50.282 | INFO     | [portfolio_updater:scheduler]     ✓ Снимок сохранен (ID: 1773)
2026-03-16 17:55:50.282 | INFO     | [portfolio_updater:scheduler]   → Счет 2294881404 (Анти-мейнстрим Aggressive)
2026-03-16 17:55:50.423 | INFO     | [portfolio_updater:scheduler]     ✓ Снимок сохранен (ID: 1774)
2026-03-16 17:55:50.423 | INFO     | [portfolio_updater:scheduler]   → Счет 2310550801 (Активное инвестирование)
2026-03-16 17:55:50.677 | INFO     | [portfolio_updater:scheduler]     ✓ Снимок сохранен (ID: 1775)
2026-03-16 17:55:50.677 | INFO     | [portfolio_updater:scheduler]   → Счет 2310571252 (Стратегия роста РФ)
2026-03-16 17:55:51.147 | INFO     | [portfolio_updater:scheduler]     ✓ Снимок сохранен (ID: 1776)
2026-03-16 17:55:51.147 | INFO     | [portfolio_updater:scheduler]   → Счет 2311961700 (Народная Кубышка)
2026-03-16 17:55:51.343 | INFO     | [portfolio_updater:scheduler]     ✓ Снимок сохранен (ID: 1777)
2026-03-16 17:55:51.365 | INFO     | [portfolio_updater:scheduler] ✅ Работа завершена. Обновлено счетов: 6, снимков: 6
2026-03-16 17:55:51.365 | INFO     | [portfolio_updater:scheduler] ✅ Работа завершена за 1467ms
2026-03-16 17:55:51.365 | INFO     | [portfolio_updater:scheduler]    status: success
2026-03-16 17:55:51.365 | INFO     | [portfolio_updater:scheduler]    accounts_found: 6
2026-03-16 17:55:51.365 | INFO     | [portfolio_updater:scheduler]    portfolios_updated: 6
2026-03-16 17:55:51.365 | INFO     | [portfolio_updater:scheduler]    snapshots_saved: 6
2026-03-16 17:55:51.365 | INFO     | [portfolio_updater:scheduler]    refresh_interval_minutes: 1
2026-03-16 17:55:51.383 | INFO     | [portfolio_updater:scheduler] 📊 Итоги: всего=1, обработано=1, пропущено=0, ошибок=0
2026-03-16 17:55:51.383 | INFO     | [SYSTEM:SCHEDULER] ✅ Цикл завершен: {'total': 1, 'processed': 1, 'skipped': 0, 'errors': []}
2026-03-16 17:56:51.391 | INFO     | [SYSTEM:SCHEDULER] 🔄 Запуск цикла обновления
2026-03-16 17:56:51.418 | INFO     | [portfolio_updater:scheduler] 🔄 Найдено 1 токенов для обработки
2026-03-16 17:56:51.418 | INFO     | [portfolio_updater:scheduler] ▶️ Запуск робота v1.0.0
2026-03-16 17:56:51.418 | INFO     | [portfolio_updater:scheduler]    User ID: 1, Token ID: 15
2026-03-16 17:56:51.447 | INFO     | [portfolio_updater:scheduler]    Запись в БД: ID 291
2026-03-16 17:56:51.448 | INFO     | [portfolio_updater:scheduler] 🚀 Начало работы для токена 15
2026-03-16 17:56:51.475 | INFO     | [portfolio_updater:scheduler] Токен 15: прошло 1.0 мин, интервал 1 мин
2026-03-16 17:56:51.475 | INFO     | [portfolio_updater:scheduler] 🔌 Подключение к T-Invest API...
2026-03-16 17:56:51.475 | INFO     | [portfolio_updater:scheduler] 📋 Запрос списка счетов...
2026-03-16 17:56:51.529 | INFO     | [portfolio_updater:scheduler] 📊 Найдено счетов: 6
2026-03-16 17:56:51.529 | INFO     | [portfolio_updater:scheduler]   → Счет 2004129678 (Брокерский счёт)
2026-03-16 17:56:51.685 | INFO     | [portfolio_updater:scheduler]     ✓ Снимок сохранен (ID: 1778)
2026-03-16 17:56:51.685 | INFO     | [portfolio_updater:scheduler]   → Счет 2294878624 (Pinkin)
2026-03-16 17:56:51.841 | INFO     | [portfolio_updater:scheduler]     ✓ Снимок сохранен (ID: 1779)
2026-03-16 17:56:51.841 | INFO     | [portfolio_updater:scheduler]   → Счет 2294881404 (Анти-мейнстрим Aggressive)
2026-03-16 17:56:51.996 | INFO     | [portfolio_updater:scheduler]     ✓ Снимок сохранен (ID: 1780)
2026-03-16 17:56:51.996 | INFO     | [portfolio_updater:scheduler]   → Счет 2310550801 (Активное инвестирование)
2026-03-16 17:56:52.232 | INFO     | [portfolio_updater:scheduler]     ✓ Снимок сохранен (ID: 1781)
2026-03-16 17:56:52.232 | INFO     | [portfolio_updater:scheduler]   → Счет 2310571252 (Стратегия роста РФ)
2026-03-16 17:56:53.580 | INFO     | [portfolio_updater:scheduler]     ✓ Снимок сохранен (ID: 1782)
2026-03-16 17:56:53.580 | INFO     | [portfolio_updater:scheduler]   → Счет 2311961700 (Народная Кубышка)
2026-03-16 17:56:54.108 | INFO     | [portfolio_updater:scheduler]     ✓ Снимок сохранен (ID: 1783)
2026-03-16 17:56:54.129 | INFO     | [portfolio_updater:scheduler] ✅ Работа завершена. Обновлено счетов: 6, снимков: 6
2026-03-16 17:56:54.129 | INFO     | [portfolio_updater:scheduler] ✅ Работа завершена за 2711ms
2026-03-16 17:56:54.129 | INFO     | [portfolio_updater:scheduler]    status: success
2026-03-16 17:56:54.129 | INFO     | [portfolio_updater:scheduler]    accounts_found: 6
2026-03-16 17:56:54.129 | INFO     | [portfolio_updater:scheduler]    portfolios_updated: 6
2026-03-16 17:56:54.129 | INFO     | [portfolio_updater:scheduler]    snapshots_saved: 6
2026-03-16 17:56:54.129 | INFO     | [portfolio_updater:scheduler]    refresh_interval_minutes: 1
2026-03-16 17:56:54.150 | INFO     | [portfolio_updater:scheduler] 📊 Итоги: всего=1, обработано=1, пропущено=0, ошибок=0
2026-03-16 17:56:54.151 | INFO     | [SYSTEM:SCHEDULER] ✅ Цикл завершен: {'total': 1, 'processed': 1, 'skipped': 0, 'errors': []}
2026-03-16 17:57:54.172 | INFO     | [SYSTEM:SCHEDULER] 🔄 Запуск цикла обновления
2026-03-16 17:57:54.191 | INFO     | [portfolio_updater:scheduler] 🔄 Найдено 1 токенов для обработки
2026-03-16 17:57:54.191 | INFO     | [portfolio_updater:scheduler] ▶️ Запуск робота v1.0.0
2026-03-16 17:57:54.201 | INFO     | [portfolio_updater:scheduler]    User ID: 1, Token ID: 15
2026-03-16 17:57:54.227 | INFO     | [portfolio_updater:scheduler]    Запись в БД: ID 292
2026-03-16 17:57:54.227 | INFO     | [portfolio_updater:scheduler] 🚀 Начало работы для токена 15
2026-03-16 17:57:54.247 | INFO     | [portfolio_updater:scheduler] Токен 15: прошло 1.0 мин, интервал 1 мин
2026-03-16 17:57:54.249 | INFO     | [portfolio_updater:scheduler] 🔌 Подключение к T-Invest API...
2026-03-16 17:57:54.249 | INFO     | [portfolio_updater:scheduler] 📋 Запрос списка счетов...
2026-03-16 17:57:54.306 | INFO     | [portfolio_updater:scheduler] 📊 Найдено счетов: 6
2026-03-16 17:57:54.311 | INFO     | [portfolio_updater:scheduler]   → Счет 2004129678 (Брокерский счёт)
2026-03-16 17:57:54.470 | INFO     | [portfolio_updater:scheduler]     ✓ Снимок сохранен (ID: 1784)
2026-03-16 17:57:54.470 | INFO     | [portfolio_updater:scheduler]   → Счет 2294878624 (Pinkin)
2026-03-16 17:57:54.608 | INFO     | [portfolio_updater:scheduler]     ✓ Снимок сохранен (ID: 1785)
2026-03-16 17:57:54.608 | INFO     | [portfolio_updater:scheduler]   → Счет 2294881404 (Анти-мейнстрим Aggressive)
2026-03-16 17:57:54.750 | INFO     | [portfolio_updater:scheduler]     ✓ Снимок сохранен (ID: 1786)
2026-03-16 17:57:54.750 | INFO     | [portfolio_updater:scheduler]   → Счет 2310550801 (Активное инвестирование)
2026-03-16 17:57:54.978 | INFO     | [portfolio_updater:scheduler]     ✓ Снимок сохранен (ID: 1787)
2026-03-16 17:57:54.978 | INFO     | [portfolio_updater:scheduler]   → Счет 2310571252 (Стратегия роста РФ)
2026-03-16 17:57:55.158 | INFO     | [portfolio_updater:scheduler]     ✓ Снимок сохранен (ID: 1788)
2026-03-16 17:57:55.158 | INFO     | [portfolio_updater:scheduler]   → Счет 2311961700 (Народная Кубышка)
2026-03-16 17:57:55.320 | INFO     | [portfolio_updater:scheduler]     ✓ Снимок сохранен (ID: 1789)
2026-03-16 17:57:55.351 | INFO     | [portfolio_updater:scheduler] ✅ Работа завершена. Обновлено счетов: 6, снимков: 6
2026-03-16 17:57:55.352 | INFO     | [portfolio_updater:scheduler] ✅ Работа завершена за 1161ms
2026-03-16 17:57:55.352 | INFO     | [portfolio_updater:scheduler]    status: success
2026-03-16 17:57:55.352 | INFO     | [portfolio_updater:scheduler]    accounts_found: 6
2026-03-16 17:57:55.352 | INFO     | [portfolio_updater:scheduler]    portfolios_updated: 6
2026-03-16 17:57:55.352 | INFO     | [portfolio_updater:scheduler]    snapshots_saved: 6
2026-03-16 17:57:55.352 | INFO     | [portfolio_updater:scheduler]    refresh_interval_minutes: 1
2026-03-16 17:57:55.378 | INFO     | [portfolio_updater:scheduler] 📊 Итоги: всего=1, обработано=1, пропущено=0, ошибок=0
2026-03-16 17:57:55.380 | INFO     | [SYSTEM:SCHEDULER] ✅ Цикл завершен: {'total': 1, 'processed': 1, 'skipped': 0, 'errors': []}
2026-03-16 17:58:55.395 | INFO     | [SYSTEM:SCHEDULER] 🔄 Запуск цикла обновления
2026-03-16 17:58:55.412 | INFO     | [portfolio_updater:scheduler] 🔄 Найдено 1 токенов для обработки
2026-03-16 17:58:55.412 | INFO     | [portfolio_updater:scheduler] ▶️ Запуск робота v1.0.0
2026-03-16 17:58:55.412 | INFO     | [portfolio_updater:scheduler]    User ID: 1, Token ID: 15
2026-03-16 17:58:55.430 | INFO     | [portfolio_updater:scheduler]    Запись в БД: ID 293
2026-03-16 17:58:55.430 | INFO     | [portfolio_updater:scheduler] 🚀 Начало работы для токена 15
2026-03-16 17:58:55.443 | INFO     | [portfolio_updater:scheduler] Токен 15: прошло 1.0 мин, интервал 1 мин
2026-03-16 17:58:55.443 | INFO     | [portfolio_updater:scheduler] 🔌 Подключение к T-Invest API...
2026-03-16 17:58:55.443 | INFO     | [portfolio_updater:scheduler] 📋 Запрос списка счетов...
2026-03-16 17:58:55.492 | INFO     | [portfolio_updater:scheduler] 📊 Найдено счетов: 6
2026-03-16 17:58:55.492 | INFO     | [portfolio_updater:scheduler]   → Счет 2004129678 (Брокерский счёт)
2026-03-16 17:58:55.668 | INFO     | [portfolio_updater:scheduler]     ✓ Снимок сохранен (ID: 1790)
2026-03-16 17:58:55.668 | INFO     | [portfolio_updater:scheduler]   → Счет 2294878624 (Pinkin)
2026-03-16 17:58:55.810 | INFO     | [portfolio_updater:scheduler]     ✓ Снимок сохранен (ID: 1791)
2026-03-16 17:58:55.810 | INFO     | [portfolio_updater:scheduler]   → Счет 2294881404 (Анти-мейнстрим Aggressive)
2026-03-16 17:58:55.950 | INFO     | [portfolio_updater:scheduler]     ✓ Снимок сохранен (ID: 1792)
2026-03-16 17:58:55.950 | INFO     | [portfolio_updater:scheduler]   → Счет 2310550801 (Активное инвестирование)
2026-03-16 17:58:56.170 | INFO     | [portfolio_updater:scheduler]     ✓ Снимок сохранен (ID: 1793)
2026-03-16 17:58:56.170 | INFO     | [portfolio_updater:scheduler]   → Счет 2310571252 (Стратегия роста РФ)
2026-03-16 17:58:56.391 | INFO     | [portfolio_updater:scheduler]     ✓ Снимок сохранен (ID: 1794)
2026-03-16 17:58:56.392 | INFO     | [portfolio_updater:scheduler]   → Счет 2311961700 (Народная Кубышка)
2026-03-16 17:58:56.599 | INFO     | [portfolio_updater:scheduler]     ✓ Снимок сохранен (ID: 1795)
2026-03-16 17:58:56.622 | INFO     | [portfolio_updater:scheduler] ✅ Работа завершена. Обновлено счетов: 6, снимков: 6
2026-03-16 17:58:56.622 | INFO     | [portfolio_updater:scheduler] ✅ Работа завершена за 1210ms
2026-03-16 17:58:56.622 | INFO     | [portfolio_updater:scheduler]    status: success
2026-03-16 17:58:56.622 | INFO     | [portfolio_updater:scheduler]    accounts_found: 6
2026-03-16 17:58:56.622 | INFO     | [portfolio_updater:scheduler]    portfolios_updated: 6
2026-03-16 17:58:56.622 | INFO     | [portfolio_updater:scheduler]    snapshots_saved: 6
2026-03-16 17:58:56.622 | INFO     | [portfolio_updater:scheduler]    refresh_interval_minutes: 1
2026-03-16 17:58:56.645 | INFO     | [portfolio_updater:scheduler] 📊 Итоги: всего=1, обработано=1, пропущено=0, ошибок=0
2026-03-16 17:58:56.645 | INFO     | [SYSTEM:SCHEDULER] ✅ Цикл завершен: {'total': 1, 'processed': 1, 'skipped': 0, 'errors': []}
2026-03-16 17:59:57.048 | INFO     | [SYSTEM:SCHEDULER] 🔄 Запуск цикла обновления
2026-03-16 17:59:57.370 | INFO     | [portfolio_updater:scheduler] 🔄 Найдено 1 токенов для обработки
2026-03-16 17:59:57.370 | INFO     | [portfolio_updater:scheduler] ▶️ Запуск робота v1.0.0
2026-03-16 17:59:57.370 | INFO     | [portfolio_updater:scheduler]    User ID: 1, Token ID: 15
2026-03-16 17:59:57.392 | INFO     | [portfolio_updater:scheduler]    Запись в БД: ID 294
2026-03-16 17:59:57.392 | INFO     | [portfolio_updater:scheduler] 🚀 Начало работы для токена 15
2026-03-16 17:59:57.411 | INFO     | [portfolio_updater:scheduler] Токен 15: прошло 1.0 мин, интервал 1 мин
2026-03-16 17:59:57.411 | INFO     | [portfolio_updater:scheduler] 🔌 Подключение к T-Invest API...
2026-03-16 17:59:57.411 | INFO     | [portfolio_updater:scheduler] 📋 Запрос списка счетов...
2026-03-16 17:59:57.455 | INFO     | [portfolio_updater:scheduler] 📊 Найдено счетов: 6
2026-03-16 17:59:57.455 | INFO     | [portfolio_updater:scheduler]   → Счет 2004129678 (Брокерский счёт)
2026-03-16 17:59:57.616 | INFO     | [portfolio_updater:scheduler]     ✓ Снимок сохранен (ID: 1796)
2026-03-16 17:59:57.616 | INFO     | [portfolio_updater:scheduler]   → Счет 2294878624 (Pinkin)
2026-03-16 17:59:57.879 | INFO     | [portfolio_updater:scheduler]     ✓ Снимок сохранен (ID: 1797)
2026-03-16 17:59:57.880 | INFO     | [portfolio_updater:scheduler]   → Счет 2294881404 (Анти-мейнстрим Aggressive)
2026-03-16 17:59:58.085 | INFO     | [portfolio_updater:scheduler]     ✓ Снимок сохранен (ID: 1798)
2026-03-16 17:59:58.085 | INFO     | [portfolio_updater:scheduler]   → Счет 2310550801 (Активное инвестирование)
2026-03-16 17:59:58.309 | INFO     | [portfolio_updater:scheduler]     ✓ Снимок сохранен (ID: 1799)
2026-03-16 17:59:58.310 | INFO     | [portfolio_updater:scheduler]   → Счет 2310571252 (Стратегия роста РФ)
2026-03-16 17:59:58.495 | INFO     | [portfolio_updater:scheduler]     ✓ Снимок сохранен (ID: 1800)
2026-03-16 17:59:58.495 | INFO     | [portfolio_updater:scheduler]   → Счет 2311961700 (Народная Кубышка)
2026-03-16 17:59:58.797 | INFO     | [portfolio_updater:scheduler]     ✓ Снимок сохранен (ID: 1801)
2026-03-16 17:59:58.851 | INFO     | [portfolio_updater:scheduler] ✅ Работа завершена. Обновлено счетов: 6, снимков: 6
2026-03-16 17:59:58.851 | INFO     | [portfolio_updater:scheduler] ✅ Работа завершена за 1480ms
2026-03-16 17:59:58.851 | INFO     | [portfolio_updater:scheduler]    status: success
2026-03-16 17:59:58.851 | INFO     | [portfolio_updater:scheduler]    accounts_found: 6
2026-03-16 17:59:58.851 | INFO     | [portfolio_updater:scheduler]    portfolios_updated: 6
2026-03-16 17:59:58.851 | INFO     | [portfolio_updater:scheduler]    snapshots_saved: 6
2026-03-16 17:59:58.851 | INFO     | [portfolio_updater:scheduler]    refresh_interval_minutes: 1
2026-03-16 17:59:58.875 | INFO     | [portfolio_updater:scheduler] 📊 Итоги: всего=1, обработано=1, пропущено=0, ошибок=0
2026-03-16 17:59:58.875 | INFO     | [SYSTEM:SCHEDULER] ✅ Цикл завершен: {'total': 1, 'processed': 1, 'skipped': 0, 'errors': []}
2026-03-16 18:00:58.885 | INFO     | [SYSTEM:SCHEDULER] 🔄 Запуск цикла обновления
2026-03-16 18:00:58.911 | INFO     | [portfolio_updater:scheduler] 🔄 Найдено 1 токенов для обработки
2026-03-16 18:00:58.913 | INFO     | [portfolio_updater:scheduler] ▶️ Запуск робота v1.0.0
2026-03-16 18:00:58.913 | INFO     | [portfolio_updater:scheduler]    User ID: 1, Token ID: 15
2026-03-16 18:00:58.946 | INFO     | [portfolio_updater:scheduler]    Запись в БД: ID 295
2026-03-16 18:00:58.946 | INFO     | [portfolio_updater:scheduler] 🚀 Начало работы для токена 15
2026-03-16 18:00:58.968 | INFO     | [portfolio_updater:scheduler] Токен 15: прошло 1.0 мин, интервал 1 мин
2026-03-16 18:00:58.968 | INFO     | [portfolio_updater:scheduler] 🔌 Подключение к T-Invest API...
2026-03-16 18:00:58.968 | INFO     | [portfolio_updater:scheduler] 📋 Запрос списка счетов...
2026-03-16 18:00:59.020 | INFO     | [portfolio_updater:scheduler] 📊 Найдено счетов: 6
2026-03-16 18:00:59.020 | INFO     | [portfolio_updater:scheduler]   → Счет 2004129678 (Брокерский счёт)
2026-03-16 18:00:59.193 | INFO     | [portfolio_updater:scheduler]     ✓ Снимок сохранен (ID: 1802)
2026-03-16 18:00:59.193 | INFO     | [portfolio_updater:scheduler]   → Счет 2294878624 (Pinkin)
2026-03-16 18:00:59.426 | INFO     | [portfolio_updater:scheduler]     ✓ Снимок сохранен (ID: 1803)
2026-03-16 18:00:59.427 | INFO     | [portfolio_updater:scheduler]   → Счет 2294881404 (Анти-мейнстрим Aggressive)
2026-03-16 18:00:59.593 | INFO     | [portfolio_updater:scheduler]     ✓ Снимок сохранен (ID: 1804)
2026-03-16 18:00:59.593 | INFO     | [portfolio_updater:scheduler]   → Счет 2310550801 (Активное инвестирование)
2026-03-16 18:00:59.863 | INFO     | [portfolio_updater:scheduler]     ✓ Снимок сохранен (ID: 1805)
2026-03-16 18:00:59.863 | INFO     | [portfolio_updater:scheduler]   → Счет 2310571252 (Стратегия роста РФ)
2026-03-16 18:01:00.091 | INFO     | [portfolio_updater:scheduler]     ✓ Снимок сохранен (ID: 1806)
2026-03-16 18:01:00.091 | INFO     | [portfolio_updater:scheduler]   → Счет 2311961700 (Народная Кубышка)
2026-03-16 18:01:00.260 | INFO     | [portfolio_updater:scheduler]     ✓ Снимок сохранен (ID: 1807)
2026-03-16 18:01:00.284 | INFO     | [portfolio_updater:scheduler] ✅ Работа завершена. Обновлено счетов: 6, снимков: 6
2026-03-16 18:01:00.284 | INFO     | [portfolio_updater:scheduler] ✅ Работа завершена за 1370ms
2026-03-16 18:01:00.284 | INFO     | [portfolio_updater:scheduler]    status: success
2026-03-16 18:01:00.284 | INFO     | [portfolio_updater:scheduler]    accounts_found: 6
2026-03-16 18:01:00.284 | INFO     | [portfolio_updater:scheduler]    portfolios_updated: 6
2026-03-16 18:01:00.284 | INFO     | [portfolio_updater:scheduler]    snapshots_saved: 6
2026-03-16 18:01:00.284 | INFO     | [portfolio_updater:scheduler]    refresh_interval_minutes: 1
2026-03-16 18:01:00.305 | INFO     | [portfolio_updater:scheduler] 📊 Итоги: всего=1, обработано=1, пропущено=0, ошибок=0
2026-03-16 18:01:00.305 | INFO     | [SYSTEM:SCHEDULER] ✅ Цикл завершен: {'total': 1, 'processed': 1, 'skipped': 0, 'errors': []}
2026-03-16 18:02:00.310 | INFO     | [SYSTEM:SCHEDULER] 🔄 Запуск цикла обновления
2026-03-16 18:02:00.328 | INFO     | [portfolio_updater:scheduler] 🔄 Найдено 1 токенов для обработки
2026-03-16 18:02:00.329 | INFO     | [portfolio_updater:scheduler] ▶️ Запуск робота v1.0.0
2026-03-16 18:02:00.329 | INFO     | [portfolio_updater:scheduler]    User ID: 1, Token ID: 15
2026-03-16 18:02:00.360 | INFO     | [portfolio_updater:scheduler]    Запись в БД: ID 296
2026-03-16 18:02:00.360 | INFO     | [portfolio_updater:scheduler] 🚀 Начало работы для токена 15
2026-03-16 18:02:00.377 | INFO     | [portfolio_updater:scheduler] Токен 15: прошло 1.0 мин, интервал 1 мин
2026-03-16 18:02:00.377 | INFO     | [portfolio_updater:scheduler] 🔌 Подключение к T-Invest API...
2026-03-16 18:02:00.377 | INFO     | [portfolio_updater:scheduler] 📋 Запрос списка счетов...
2026-03-16 18:02:00.428 | INFO     | [portfolio_updater:scheduler] 📊 Найдено счетов: 6
2026-03-16 18:02:00.428 | INFO     | [portfolio_updater:scheduler]   → Счет 2004129678 (Брокерский счёт)
2026-03-16 18:02:00.613 | INFO     | [portfolio_updater:scheduler]     ✓ Снимок сохранен (ID: 1808)
2026-03-16 18:02:00.613 | INFO     | [portfolio_updater:scheduler]   → Счет 2294878624 (Pinkin)
2026-03-16 18:02:00.772 | INFO     | [portfolio_updater:scheduler]     ✓ Снимок сохранен (ID: 1809)
2026-03-16 18:02:00.772 | INFO     | [portfolio_updater:scheduler]   → Счет 2294881404 (Анти-мейнстрим Aggressive)
2026-03-16 18:02:01.365 | INFO     | [portfolio_updater:scheduler]     ✓ Снимок сохранен (ID: 1810)
2026-03-16 18:02:01.367 | INFO     | [portfolio_updater:scheduler]   → Счет 2310550801 (Активное инвестирование)
2026-03-16 18:02:01.660 | INFO     | [portfolio_updater:scheduler]     ✓ Снимок сохранен (ID: 1811)
2026-03-16 18:02:01.660 | INFO     | [portfolio_updater:scheduler]   → Счет 2310571252 (Стратегия роста РФ)
2026-03-16 18:02:01.854 | INFO     | [portfolio_updater:scheduler]     ✓ Снимок сохранен (ID: 1812)
2026-03-16 18:02:01.854 | INFO     | [portfolio_updater:scheduler]   → Счет 2311961700 (Народная Кубышка)
2026-03-16 18:02:02.016 | INFO     | [portfolio_updater:scheduler]     ✓ Снимок сохранен (ID: 1813)
2026-03-16 18:02:02.036 | INFO     | [portfolio_updater:scheduler] ✅ Работа завершена. Обновлено счетов: 6, снимков: 6
2026-03-16 18:02:02.036 | INFO     | [portfolio_updater:scheduler] ✅ Работа завершена за 1706ms
2026-03-16 18:02:02.036 | INFO     | [portfolio_updater:scheduler]    status: success
2026-03-16 18:02:02.036 | INFO     | [portfolio_updater:scheduler]    accounts_found: 6
2026-03-16 18:02:02.036 | INFO     | [portfolio_updater:scheduler]    portfolios_updated: 6
2026-03-16 18:02:02.036 | INFO     | [portfolio_updater:scheduler]    snapshots_saved: 6
2026-03-16 18:02:02.036 | INFO     | [portfolio_updater:scheduler]    refresh_interval_minutes: 1
2026-03-16 18:02:02.054 | INFO     | [portfolio_updater:scheduler] 📊 Итоги: всего=1, обработано=1, пропущено=0, ошибок=0
2026-03-16 18:02:02.056 | INFO     | [SYSTEM:SCHEDULER] ✅ Цикл завершен: {'total': 1, 'processed': 1, 'skipped': 0, 'errors': []}
2026-03-16 18:03:02.062 | INFO     | [SYSTEM:SCHEDULER] 🔄 Запуск цикла обновления
2026-03-16 18:03:02.081 | INFO     | [portfolio_updater:scheduler] 🔄 Найдено 1 токенов для обработки
2026-03-16 18:03:02.081 | INFO     | [portfolio_updater:scheduler] ▶️ Запуск робота v1.0.0
2026-03-16 18:03:02.081 | INFO     | [portfolio_updater:scheduler]    User ID: 1, Token ID: 15
2026-03-16 18:03:02.117 | INFO     | [portfolio_updater:scheduler]    Запись в БД: ID 297
2026-03-16 18:03:02.119 | INFO     | [portfolio_updater:scheduler] 🚀 Начало работы для токена 15
2026-03-16 18:03:02.133 | INFO     | [portfolio_updater:scheduler] Токен 15: прошло 1.0 мин, интервал 1 мин
2026-03-16 18:03:02.133 | INFO     | [portfolio_updater:scheduler] 🔌 Подключение к T-Invest API...
2026-03-16 18:03:02.133 | INFO     | [portfolio_updater:scheduler] 📋 Запрос списка счетов...
2026-03-16 18:03:02.188 | INFO     | [portfolio_updater:scheduler] 📊 Найдено счетов: 6
2026-03-16 18:03:02.188 | INFO     | [portfolio_updater:scheduler]   → Счет 2004129678 (Брокерский счёт)
2026-03-16 18:03:02.356 | INFO     | [portfolio_updater:scheduler]     ✓ Снимок сохранен (ID: 1814)
2026-03-16 18:03:02.356 | INFO     | [portfolio_updater:scheduler]   → Счет 2294878624 (Pinkin)
2026-03-16 18:03:02.520 | INFO     | [portfolio_updater:scheduler]     ✓ Снимок сохранен (ID: 1815)
2026-03-16 18:03:02.520 | INFO     | [portfolio_updater:scheduler]   → Счет 2294881404 (Анти-мейнстрим Aggressive)
2026-03-16 18:03:02.684 | INFO     | [portfolio_updater:scheduler]     ✓ Снимок сохранен (ID: 1816)
2026-03-16 18:03:02.684 | INFO     | [portfolio_updater:scheduler]   → Счет 2310550801 (Активное инвестирование)
2026-03-16 18:03:02.907 | INFO     | [portfolio_updater:scheduler]     ✓ Снимок сохранен (ID: 1817)
2026-03-16 18:03:02.907 | INFO     | [portfolio_updater:scheduler]   → Счет 2310571252 (Стратегия роста РФ)
2026-03-16 18:03:03.122 | INFO     | [portfolio_updater:scheduler]     ✓ Снимок сохранен (ID: 1818)
2026-03-16 18:03:03.122 | INFO     | [portfolio_updater:scheduler]   → Счет 2311961700 (Народная Кубышка)
2026-03-16 18:03:03.280 | INFO     | [portfolio_updater:scheduler]     ✓ Снимок сохранен (ID: 1819)
2026-03-16 18:03:03.297 | INFO     | [portfolio_updater:scheduler] ✅ Работа завершена. Обновлено счетов: 6, снимков: 6
2026-03-16 18:03:03.297 | INFO     | [portfolio_updater:scheduler] ✅ Работа завершена за 1216ms
2026-03-16 18:03:03.299 | INFO     | [portfolio_updater:scheduler]    status: success
2026-03-16 18:03:03.299 | INFO     | [portfolio_updater:scheduler]    accounts_found: 6
2026-03-16 18:03:03.299 | INFO     | [portfolio_updater:scheduler]    portfolios_updated: 6
2026-03-16 18:03:03.299 | INFO     | [portfolio_updater:scheduler]    snapshots_saved: 6
2026-03-16 18:03:03.299 | INFO     | [portfolio_updater:scheduler]    refresh_interval_minutes: 1
2026-03-16 18:03:03.310 | INFO     | [portfolio_updater:scheduler] 📊 Итоги: всего=1, обработано=1, пропущено=0, ошибок=0
2026-03-16 18:03:03.310 | INFO     | [SYSTEM:SCHEDULER] ✅ Цикл завершен: {'total': 1, 'processed': 1, 'skipped': 0, 'errors': []}
2026-03-16 18:04:03.348 | INFO     | [SYSTEM:SCHEDULER] 🔄 Запуск цикла обновления
2026-03-16 18:04:03.370 | INFO     | [portfolio_updater:scheduler] 🔄 Найдено 1 токенов для обработки
2026-03-16 18:04:03.370 | INFO     | [portfolio_updater:scheduler] ▶️ Запуск робота v1.0.0
2026-03-16 18:04:03.370 | INFO     | [portfolio_updater:scheduler]    User ID: 1, Token ID: 15
2026-03-16 18:04:03.401 | INFO     | [portfolio_updater:scheduler]    Запись в БД: ID 298
2026-03-16 18:04:03.402 | INFO     | [portfolio_updater:scheduler] 🚀 Начало работы для токена 15
2026-03-16 18:04:03.420 | INFO     | [portfolio_updater:scheduler] Токен 15: прошло 1.0 мин, интервал 1 мин
2026-03-16 18:04:03.420 | INFO     | [portfolio_updater:scheduler] 🔌 Подключение к T-Invest API...
2026-03-16 18:04:03.420 | INFO     | [portfolio_updater:scheduler] 📋 Запрос списка счетов...
2026-03-16 18:04:03.550 | INFO     | [portfolio_updater:scheduler] 📊 Найдено счетов: 6
2026-03-16 18:04:03.550 | INFO     | [portfolio_updater:scheduler]   → Счет 2004129678 (Брокерский счёт)
2026-03-16 18:04:03.751 | INFO     | [portfolio_updater:scheduler]     ✓ Снимок сохранен (ID: 1820)
2026-03-16 18:04:03.751 | INFO     | [portfolio_updater:scheduler]   → Счет 2294878624 (Pinkin)
2026-03-16 18:04:04.050 | INFO     | [portfolio_updater:scheduler]     ✓ Снимок сохранен (ID: 1821)
2026-03-16 18:04:04.050 | INFO     | [portfolio_updater:scheduler]   → Счет 2294881404 (Анти-мейнстрим Aggressive)
2026-03-16 18:04:04.212 | INFO     | [portfolio_updater:scheduler]     ✓ Снимок сохранен (ID: 1822)
2026-03-16 18:04:04.212 | INFO     | [portfolio_updater:scheduler]   → Счет 2310550801 (Активное инвестирование)
2026-03-16 18:04:04.447 | INFO     | [portfolio_updater:scheduler]     ✓ Снимок сохранен (ID: 1823)
2026-03-16 18:04:04.447 | INFO     | [portfolio_updater:scheduler]   → Счет 2310571252 (Стратегия роста РФ)
2026-03-16 18:04:04.637 | INFO     | [portfolio_updater:scheduler]     ✓ Снимок сохранен (ID: 1824)
2026-03-16 18:04:04.637 | INFO     | [portfolio_updater:scheduler]   → Счет 2311961700 (Народная Кубышка)
2026-03-16 18:04:04.803 | INFO     | [portfolio_updater:scheduler]     ✓ Снимок сохранен (ID: 1825)
2026-03-16 18:04:04.822 | INFO     | [portfolio_updater:scheduler] ✅ Работа завершена. Обновлено счетов: 6, снимков: 6
2026-03-16 18:04:04.822 | INFO     | [portfolio_updater:scheduler] ✅ Работа завершена за 1451ms
2026-03-16 18:04:04.822 | INFO     | [portfolio_updater:scheduler]    status: success
2026-03-16 18:04:04.822 | INFO     | [portfolio_updater:scheduler]    accounts_found: 6
2026-03-16 18:04:04.822 | INFO     | [portfolio_updater:scheduler]    portfolios_updated: 6
2026-03-16 18:04:04.822 | INFO     | [portfolio_updater:scheduler]    snapshots_saved: 6
2026-03-16 18:04:04.825 | INFO     | [portfolio_updater:scheduler]    refresh_interval_minutes: 1
2026-03-16 18:04:04.847 | INFO     | [portfolio_updater:scheduler] 📊 Итоги: всего=1, обработано=1, пропущено=0, ошибок=0
2026-03-16 18:04:04.847 | INFO     | [SYSTEM:SCHEDULER] ✅ Цикл завершен: {'total': 1, 'processed': 1, 'skipped': 0, 'errors': []}
2026-03-16 18:05:04.866 | INFO     | [SYSTEM:SCHEDULER] 🔄 Запуск цикла обновления
2026-03-16 18:05:04.894 | INFO     | [portfolio_updater:scheduler] 🔄 Найдено 1 токенов для обработки
2026-03-16 18:05:04.894 | INFO     | [portfolio_updater:scheduler] ▶️ Запуск робота v1.0.0
2026-03-16 18:05:04.894 | INFO     | [portfolio_updater:scheduler]    User ID: 1, Token ID: 15
2026-03-16 18:05:04.933 | INFO     | [portfolio_updater:scheduler]    Запись в БД: ID 299
2026-03-16 18:05:04.933 | INFO     | [portfolio_updater:scheduler] 🚀 Начало работы для токена 15
2026-03-16 18:05:04.953 | INFO     | [portfolio_updater:scheduler] Токен 15: прошло 1.0 мин, интервал 1 мин
2026-03-16 18:05:04.953 | INFO     | [portfolio_updater:scheduler] 🔌 Подключение к T-Invest API...
2026-03-16 18:05:04.953 | INFO     | [portfolio_updater:scheduler] 📋 Запрос списка счетов...
2026-03-16 18:05:05.015 | INFO     | [portfolio_updater:scheduler] 📊 Найдено счетов: 6
2026-03-16 18:05:05.015 | INFO     | [portfolio_updater:scheduler]   → Счет 2004129678 (Брокерский счёт)
2026-03-16 18:05:05.226 | INFO     | [portfolio_updater:scheduler]     ✓ Снимок сохранен (ID: 1826)
2026-03-16 18:05:05.226 | INFO     | [portfolio_updater:scheduler]   → Счет 2294878624 (Pinkin)
2026-03-16 18:05:05.388 | INFO     | [portfolio_updater:scheduler]     ✓ Снимок сохранен (ID: 1827)
2026-03-16 18:05:05.388 | INFO     | [portfolio_updater:scheduler]   → Счет 2294881404 (Анти-мейнстрим Aggressive)
2026-03-16 18:05:05.546 | INFO     | [portfolio_updater:scheduler]     ✓ Снимок сохранен (ID: 1828)
2026-03-16 18:05:05.546 | INFO     | [portfolio_updater:scheduler]   → Счет 2310550801 (Активное инвестирование)
2026-03-16 18:05:05.820 | INFO     | [portfolio_updater:scheduler]     ✓ Снимок сохранен (ID: 1829)
2026-03-16 18:05:05.820 | INFO     | [portfolio_updater:scheduler]   → Счет 2310571252 (Стратегия роста РФ)
2026-03-16 18:05:06.010 | INFO     | [portfolio_updater:scheduler]     ✓ Снимок сохранен (ID: 1830)
2026-03-16 18:05:06.010 | INFO     | [portfolio_updater:scheduler]   → Счет 2311961700 (Народная Кубышка)
2026-03-16 18:05:06.165 | INFO     | [portfolio_updater:scheduler]     ✓ Снимок сохранен (ID: 1831)
2026-03-16 18:05:06.186 | INFO     | [portfolio_updater:scheduler] ✅ Работа завершена. Обновлено счетов: 6, снимков: 6
2026-03-16 18:05:06.186 | INFO     | [portfolio_updater:scheduler] ✅ Работа завершена за 1291ms
2026-03-16 18:05:06.186 | INFO     | [portfolio_updater:scheduler]    status: success
2026-03-16 18:05:06.186 | INFO     | [portfolio_updater:scheduler]    accounts_found: 6
2026-03-16 18:05:06.186 | INFO     | [portfolio_updater:scheduler]    portfolios_updated: 6
2026-03-16 18:05:06.186 | INFO     | [portfolio_updater:scheduler]    snapshots_saved: 6
2026-03-16 18:05:06.186 | INFO     | [portfolio_updater:scheduler]    refresh_interval_minutes: 1
2026-03-16 18:05:06.202 | INFO     | [portfolio_updater:scheduler] 📊 Итоги: всего=1, обработано=1, пропущено=0, ошибок=0
2026-03-16 18:05:06.202 | INFO     | [SYSTEM:SCHEDULER] ✅ Цикл завершен: {'total': 1, 'processed': 1, 'skipped': 0, 'errors': []}
2026-03-16 18:06:06.204 | INFO     | [SYSTEM:SCHEDULER] 🔄 Запуск цикла обновления
2026-03-16 18:06:06.230 | INFO     | [portfolio_updater:scheduler] 🔄 Найдено 1 токенов для обработки
2026-03-16 18:06:06.230 | INFO     | [portfolio_updater:scheduler] ▶️ Запуск робота v1.0.0
2026-03-16 18:06:06.230 | INFO     | [portfolio_updater:scheduler]    User ID: 1, Token ID: 15
2026-03-16 18:06:06.255 | INFO     | [portfolio_updater:scheduler]    Запись в БД: ID 300
2026-03-16 18:06:06.255 | INFO     | [portfolio_updater:scheduler] 🚀 Начало работы для токена 15
2026-03-16 18:06:06.272 | INFO     | [portfolio_updater:scheduler] Токен 15: прошло 1.0 мин, интервал 1 мин
2026-03-16 18:06:06.272 | INFO     | [portfolio_updater:scheduler] 🔌 Подключение к T-Invest API...
2026-03-16 18:06:06.272 | INFO     | [portfolio_updater:scheduler] 📋 Запрос списка счетов...
2026-03-16 18:06:06.320 | INFO     | [portfolio_updater:scheduler] 📊 Найдено счетов: 6
2026-03-16 18:06:06.320 | INFO     | [portfolio_updater:scheduler]   → Счет 2004129678 (Брокерский счёт)
2026-03-16 18:06:06.510 | INFO     | [portfolio_updater:scheduler]     ✓ Снимок сохранен (ID: 1832)
2026-03-16 18:06:06.510 | INFO     | [portfolio_updater:scheduler]   → Счет 2294878624 (Pinkin)
2026-03-16 18:06:06.669 | INFO     | [portfolio_updater:scheduler]     ✓ Снимок сохранен (ID: 1833)
2026-03-16 18:06:06.669 | INFO     | [portfolio_updater:scheduler]   → Счет 2294881404 (Анти-мейнстрим Aggressive)
2026-03-16 18:06:06.801 | INFO     | [portfolio_updater:scheduler]     ✓ Снимок сохранен (ID: 1834)
2026-03-16 18:06:06.801 | INFO     | [portfolio_updater:scheduler]   → Счет 2310550801 (Активное инвестирование)
2026-03-16 18:06:07.010 | INFO     | [portfolio_updater:scheduler]     ✓ Снимок сохранен (ID: 1835)
2026-03-16 18:06:07.010 | INFO     | [portfolio_updater:scheduler]   → Счет 2310571252 (Стратегия роста РФ)
2026-03-16 18:06:07.197 | INFO     | [portfolio_updater:scheduler]     ✓ Снимок сохранен (ID: 1836)
2026-03-16 18:06:07.197 | INFO     | [portfolio_updater:scheduler]   → Счет 2311961700 (Народная Кубышка)
2026-03-16 18:06:07.350 | INFO     | [portfolio_updater:scheduler]     ✓ Снимок сохранен (ID: 1837)
2026-03-16 18:06:07.368 | INFO     | [portfolio_updater:scheduler] ✅ Работа завершена. Обновлено счетов: 6, снимков: 6
2026-03-16 18:06:07.368 | INFO     | [portfolio_updater:scheduler] ✅ Работа завершена за 1138ms
2026-03-16 18:06:07.368 | INFO     | [portfolio_updater:scheduler]    status: success
2026-03-16 18:06:07.368 | INFO     | [portfolio_updater:scheduler]    accounts_found: 6
2026-03-16 18:06:07.370 | INFO     | [portfolio_updater:scheduler]    portfolios_updated: 6
2026-03-16 18:06:07.370 | INFO     | [portfolio_updater:scheduler]    snapshots_saved: 6
2026-03-16 18:06:07.370 | INFO     | [portfolio_updater:scheduler]    refresh_interval_minutes: 1
2026-03-16 18:06:07.383 | INFO     | [portfolio_updater:scheduler] 📊 Итоги: всего=1, обработано=1, пропущено=0, ошибок=0
2026-03-16 18:06:07.383 | INFO     | [SYSTEM:SCHEDULER] ✅ Цикл завершен: {'total': 1, 'processed': 1, 'skipped': 0, 'errors': []}
2026-03-16 18:13:03.429 | INFO     | [SYSTEM:SCHEDULER] 🔄 Запуск цикла обновления
2026-03-16 18:13:03.431 | ERROR    | [SYSTEM:SCHEDULER] ❌ Ошибка в цикле: (psycopg2.OperationalError) connection to server at "147.45.235.27", port 5432 failed: Network is unreachable (0x00002743/10051)
	Is the server running on that host and accepting TCP/IP connections?

(Background on this error at: https://sqlalche.me/e/20/e3q8)
2026-03-16 18:14:03.432 | INFO     | [SYSTEM:SCHEDULER] 🔄 Запуск цикла обновления
2026-03-16 18:14:03.506 | INFO     | [portfolio_updater:scheduler] 🔄 Найдено 1 токенов для обработки
2026-03-16 18:14:03.506 | INFO     | [portfolio_updater:scheduler] ▶️ Запуск робота v1.0.0
2026-03-16 18:14:03.506 | INFO     | [portfolio_updater:scheduler]    User ID: 1, Token ID: 15
2026-03-16 18:14:03.579 | INFO     | [portfolio_updater:scheduler]    Запись в БД: ID 301
2026-03-16 18:14:03.579 | INFO     | [portfolio_updater:scheduler] 🚀 Начало работы для токена 15
2026-03-16 18:14:03.594 | INFO     | [portfolio_updater:scheduler] Токен 15: прошло 7.9 мин, интервал 1 мин
2026-03-16 18:14:03.594 | INFO     | [portfolio_updater:scheduler] 🔌 Подключение к T-Invest API...
2026-03-16 18:14:03.594 | INFO     | [portfolio_updater:scheduler] 📋 Запрос списка счетов...
2026-03-16 18:14:03.664 | INFO     | [portfolio_updater:scheduler] 📊 Найдено счетов: 6
2026-03-16 18:14:03.664 | INFO     | [portfolio_updater:scheduler]   → Счет 2004129678 (Брокерский счёт)
2026-03-16 18:14:03.916 | INFO     | [portfolio_updater:scheduler]     ✓ Снимок сохранен (ID: 1838)
2026-03-16 18:14:03.918 | INFO     | [portfolio_updater:scheduler]   → Счет 2294878624 (Pinkin)
2026-03-16 18:14:04.094 | INFO     | [portfolio_updater:scheduler]     ✓ Снимок сохранен (ID: 1839)
2026-03-16 18:14:04.094 | INFO     | [portfolio_updater:scheduler]   → Счет 2294881404 (Анти-мейнстрим Aggressive)
2026-03-16 18:14:04.284 | INFO     | [portfolio_updater:scheduler]     ✓ Снимок сохранен (ID: 1840)
2026-03-16 18:14:04.284 | INFO     | [portfolio_updater:scheduler]   → Счет 2310550801 (Активное инвестирование)
2026-03-16 18:14:04.655 | INFO     | [portfolio_updater:scheduler]     ✓ Снимок сохранен (ID: 1841)
2026-03-16 18:14:04.655 | INFO     | [portfolio_updater:scheduler]   → Счет 2310571252 (Стратегия роста РФ)
2026-03-16 18:14:04.850 | INFO     | [portfolio_updater:scheduler]     ✓ Снимок сохранен (ID: 1842)
2026-03-16 18:14:04.850 | INFO     | [portfolio_updater:scheduler]   → Счет 2311961700 (Народная Кубышка)
2026-03-16 18:14:05.028 | INFO     | [portfolio_updater:scheduler]     ✓ Снимок сохранен (ID: 1843)
2026-03-16 18:14:05.050 | INFO     | [portfolio_updater:scheduler] ✅ Работа завершена. Обновлено счетов: 6, снимков: 6
2026-03-16 18:14:05.050 | INFO     | [portfolio_updater:scheduler] ✅ Работа завершена за 1544ms
2026-03-16 18:14:05.050 | INFO     | [portfolio_updater:scheduler]    status: success
2026-03-16 18:14:05.050 | INFO     | [portfolio_updater:scheduler]    accounts_found: 6
2026-03-16 18:14:05.050 | INFO     | [portfolio_updater:scheduler]    portfolios_updated: 6
2026-03-16 18:14:05.050 | INFO     | [portfolio_updater:scheduler]    snapshots_saved: 6
2026-03-16 18:14:05.050 | INFO     | [portfolio_updater:scheduler]    refresh_interval_minutes: 1
2026-03-16 18:14:05.065 | INFO     | [portfolio_updater:scheduler] 📊 Итоги: всего=1, обработано=1, пропущено=0, ошибок=0
2026-03-16 18:14:05.065 | INFO     | [SYSTEM:SCHEDULER] ✅ Цикл завершен: {'total': 1, 'processed': 1, 'skipped': 0, 'errors': []}
2026-03-16 18:15:05.081 | INFO     | [SYSTEM:SCHEDULER] 🔄 Запуск цикла обновления
2026-03-16 18:15:05.106 | INFO     | [portfolio_updater:scheduler] 🔄 Найдено 1 токенов для обработки
2026-03-16 18:15:05.106 | INFO     | [portfolio_updater:scheduler] ▶️ Запуск робота v1.0.0
2026-03-16 18:15:05.106 | INFO     | [portfolio_updater:scheduler]    User ID: 1, Token ID: 15
2026-03-16 18:15:05.134 | INFO     | [portfolio_updater:scheduler]    Запись в БД: ID 302
2026-03-16 18:15:05.134 | INFO     | [portfolio_updater:scheduler] 🚀 Начало работы для токена 15
2026-03-16 18:15:05.150 | INFO     | [portfolio_updater:scheduler] Токен 15: прошло 1.0 мин, интервал 1 мин
2026-03-16 18:15:05.150 | INFO     | [portfolio_updater:scheduler] 🔌 Подключение к T-Invest API...
2026-03-16 18:15:05.150 | INFO     | [portfolio_updater:scheduler] 📋 Запрос списка счетов...
2026-03-16 18:15:05.192 | INFO     | [portfolio_updater:scheduler] 📊 Найдено счетов: 6
2026-03-16 18:15:05.192 | INFO     | [portfolio_updater:scheduler]   → Счет 2004129678 (Брокерский счёт)
2026-03-16 18:15:05.361 | INFO     | [portfolio_updater:scheduler]     ✓ Снимок сохранен (ID: 1844)
2026-03-16 18:15:05.363 | INFO     | [portfolio_updater:scheduler]   → Счет 2294878624 (Pinkin)
2026-03-16 18:15:05.534 | INFO     | [portfolio_updater:scheduler]     ✓ Снимок сохранен (ID: 1845)
2026-03-16 18:15:05.534 | INFO     | [portfolio_updater:scheduler]   → Счет 2294881404 (Анти-мейнстрим Aggressive)
2026-03-16 18:15:05.711 | INFO     | [portfolio_updater:scheduler]     ✓ Снимок сохранен (ID: 1846)
2026-03-16 18:15:05.713 | INFO     | [portfolio_updater:scheduler]   → Счет 2310550801 (Активное инвестирование)
2026-03-16 18:15:05.986 | INFO     | [portfolio_updater:scheduler]     ✓ Снимок сохранен (ID: 1847)
2026-03-16 18:15:05.988 | INFO     | [portfolio_updater:scheduler]   → Счет 2310571252 (Стратегия роста РФ)
2026-03-16 18:15:06.208 | INFO     | [portfolio_updater:scheduler]     ✓ Снимок сохранен (ID: 1848)
2026-03-16 18:15:06.208 | INFO     | [portfolio_updater:scheduler]   → Счет 2311961700 (Народная Кубышка)
2026-03-16 18:15:06.384 | INFO     | [portfolio_updater:scheduler]     ✓ Снимок сохранен (ID: 1849)
2026-03-16 18:15:06.406 | INFO     | [portfolio_updater:scheduler] ✅ Работа завершена. Обновлено счетов: 6, снимков: 6
2026-03-16 18:15:06.406 | INFO     | [portfolio_updater:scheduler] ✅ Работа завершена за 1299ms
2026-03-16 18:15:06.406 | INFO     | [portfolio_updater:scheduler]    status: success
2026-03-16 18:15:06.406 | INFO     | [portfolio_updater:scheduler]    accounts_found: 6
2026-03-16 18:15:06.406 | INFO     | [portfolio_updater:scheduler]    portfolios_updated: 6
2026-03-16 18:15:06.406 | INFO     | [portfolio_updater:scheduler]    snapshots_saved: 6
2026-03-16 18:15:06.406 | INFO     | [portfolio_updater:scheduler]    refresh_interval_minutes: 1
2026-03-16 18:15:06.431 | INFO     | [portfolio_updater:scheduler] 📊 Итоги: всего=1, обработано=1, пропущено=0, ошибок=0
2026-03-16 18:15:06.431 | INFO     | [SYSTEM:SCHEDULER] ✅ Цикл завершен: {'total': 1, 'processed': 1, 'skipped': 0, 'errors': []}
2026-03-16 18:16:06.432 | INFO     | [SYSTEM:SCHEDULER] 🔄 Запуск цикла обновления
2026-03-16 18:16:06.447 | INFO     | [portfolio_updater:scheduler] 🔄 Найдено 1 токенов для обработки
2026-03-16 18:16:06.448 | INFO     | [portfolio_updater:scheduler] ▶️ Запуск робота v1.0.0
2026-03-16 18:16:06.448 | INFO     | [portfolio_updater:scheduler]    User ID: 1, Token ID: 15
2026-03-16 18:16:06.465 | INFO     | [portfolio_updater:scheduler]    Запись в БД: ID 303
2026-03-16 18:16:06.465 | INFO     | [portfolio_updater:scheduler] 🚀 Начало работы для токена 15
2026-03-16 18:16:06.480 | INFO     | [portfolio_updater:scheduler] Токен 15: прошло 1.0 мин, интервал 1 мин
2026-03-16 18:16:06.480 | INFO     | [portfolio_updater:scheduler] 🔌 Подключение к T-Invest API...
2026-03-16 18:16:06.480 | INFO     | [portfolio_updater:scheduler] 📋 Запрос списка счетов...
2026-03-16 18:16:06.519 | INFO     | [portfolio_updater:scheduler] 📊 Найдено счетов: 6
2026-03-16 18:16:06.519 | INFO     | [portfolio_updater:scheduler]   → Счет 2004129678 (Брокерский счёт)
2026-03-16 18:16:06.892 | INFO     | [portfolio_updater:scheduler]     ✓ Снимок сохранен (ID: 1850)
2026-03-16 18:16:06.892 | INFO     | [portfolio_updater:scheduler]   → Счет 2294878624 (Pinkin)
2026-03-16 18:16:07.075 | INFO     | [portfolio_updater:scheduler]     ✓ Снимок сохранен (ID: 1851)
2026-03-16 18:16:07.075 | INFO     | [portfolio_updater:scheduler]   → Счет 2294881404 (Анти-мейнстрим Aggressive)
2026-03-16 18:16:07.244 | INFO     | [portfolio_updater:scheduler]     ✓ Снимок сохранен (ID: 1852)
2026-03-16 18:16:07.244 | INFO     | [portfolio_updater:scheduler]   → Счет 2310550801 (Активное инвестирование)
2026-03-16 18:16:07.474 | INFO     | [portfolio_updater:scheduler]     ✓ Снимок сохранен (ID: 1853)
2026-03-16 18:16:07.474 | INFO     | [portfolio_updater:scheduler]   → Счет 2310571252 (Стратегия роста РФ)
2026-03-16 18:16:07.698 | INFO     | [portfolio_updater:scheduler]     ✓ Снимок сохранен (ID: 1854)
2026-03-16 18:16:07.698 | INFO     | [portfolio_updater:scheduler]   → Счет 2311961700 (Народная Кубышка)
2026-03-16 18:16:07.858 | INFO     | [portfolio_updater:scheduler]     ✓ Снимок сохранен (ID: 1855)
2026-03-16 18:16:07.885 | INFO     | [portfolio_updater:scheduler] ✅ Работа завершена. Обновлено счетов: 6, снимков: 6
2026-03-16 18:16:07.886 | INFO     | [portfolio_updater:scheduler] ✅ Работа завершена за 1437ms
2026-03-16 18:16:07.886 | INFO     | [portfolio_updater:scheduler]    status: success
2026-03-16 18:16:07.886 | INFO     | [portfolio_updater:scheduler]    accounts_found: 6
2026-03-16 18:16:07.886 | INFO     | [portfolio_updater:scheduler]    portfolios_updated: 6
2026-03-16 18:16:07.886 | INFO     | [portfolio_updater:scheduler]    snapshots_saved: 6
2026-03-16 18:16:07.886 | INFO     | [portfolio_updater:scheduler]    refresh_interval_minutes: 1
2026-03-16 18:16:07.903 | INFO     | [portfolio_updater:scheduler] 📊 Итоги: всего=1, обработано=1, пропущено=0, ошибок=0
2026-03-16 18:16:07.903 | INFO     | [SYSTEM:SCHEDULER] ✅ Цикл завершен: {'total': 1, 'processed': 1, 'skipped': 0, 'errors': []}
2026-03-16 18:17:07.915 | INFO     | [SYSTEM:SCHEDULER] 🔄 Запуск цикла обновления
2026-03-16 18:17:07.934 | INFO     | [portfolio_updater:scheduler] 🔄 Найдено 1 токенов для обработки
2026-03-16 18:17:07.934 | INFO     | [portfolio_updater:scheduler] ▶️ Запуск робота v1.0.0
2026-03-16 18:17:07.934 | INFO     | [portfolio_updater:scheduler]    User ID: 1, Token ID: 15
2026-03-16 18:17:07.960 | INFO     | [portfolio_updater:scheduler]    Запись в БД: ID 304
2026-03-16 18:17:07.964 | INFO     | [portfolio_updater:scheduler] 🚀 Начало работы для токена 15
2026-03-16 18:17:07.980 | INFO     | [portfolio_updater:scheduler] Токен 15: прошло 1.0 мин, интервал 1 мин
2026-03-16 18:17:07.982 | INFO     | [portfolio_updater:scheduler] 🔌 Подключение к T-Invest API...
2026-03-16 18:17:07.982 | INFO     | [portfolio_updater:scheduler] 📋 Запрос списка счетов...
2026-03-16 18:17:08.033 | INFO     | [portfolio_updater:scheduler] 📊 Найдено счетов: 6
2026-03-16 18:17:08.033 | INFO     | [portfolio_updater:scheduler]   → Счет 2004129678 (Брокерский счёт)
2026-03-16 18:17:08.204 | INFO     | [portfolio_updater:scheduler]     ✓ Снимок сохранен (ID: 1856)
2026-03-16 18:17:08.204 | INFO     | [portfolio_updater:scheduler]   → Счет 2294878624 (Pinkin)
2026-03-16 18:17:08.344 | INFO     | [portfolio_updater:scheduler]     ✓ Снимок сохранен (ID: 1857)
2026-03-16 18:17:08.344 | INFO     | [portfolio_updater:scheduler]   → Счет 2294881404 (Анти-мейнстрим Aggressive)
2026-03-16 18:17:08.499 | INFO     | [portfolio_updater:scheduler]     ✓ Снимок сохранен (ID: 1858)
2026-03-16 18:17:08.499 | INFO     | [portfolio_updater:scheduler]   → Счет 2310550801 (Активное инвестирование)
2026-03-16 18:17:08.766 | INFO     | [portfolio_updater:scheduler]     ✓ Снимок сохранен (ID: 1859)
2026-03-16 18:17:08.766 | INFO     | [portfolio_updater:scheduler]   → Счет 2310571252 (Стратегия роста РФ)
2026-03-16 18:17:08.964 | INFO     | [portfolio_updater:scheduler]     ✓ Снимок сохранен (ID: 1860)
2026-03-16 18:17:08.964 | INFO     | [portfolio_updater:scheduler]   → Счет 2311961700 (Народная Кубышка)
2026-03-16 18:17:09.130 | INFO     | [portfolio_updater:scheduler]     ✓ Снимок сохранен (ID: 1861)
2026-03-16 18:17:09.148 | INFO     | [portfolio_updater:scheduler] ✅ Работа завершена. Обновлено счетов: 6, снимков: 6
2026-03-16 18:17:09.148 | INFO     | [portfolio_updater:scheduler] ✅ Работа завершена за 1213ms
2026-03-16 18:17:09.148 | INFO     | [portfolio_updater:scheduler]    status: success
2026-03-16 18:17:09.148 | INFO     | [portfolio_updater:scheduler]    accounts_found: 6
2026-03-16 18:17:09.148 | INFO     | [portfolio_updater:scheduler]    portfolios_updated: 6
2026-03-16 18:17:09.148 | INFO     | [portfolio_updater:scheduler]    snapshots_saved: 6
2026-03-16 18:17:09.148 | INFO     | [portfolio_updater:scheduler]    refresh_interval_minutes: 1
2026-03-16 18:17:09.169 | INFO     | [portfolio_updater:scheduler] 📊 Итоги: всего=1, обработано=1, пропущено=0, ошибок=0
2026-03-16 18:17:09.169 | INFO     | [SYSTEM:SCHEDULER] ✅ Цикл завершен: {'total': 1, 'processed': 1, 'skipped': 0, 'errors': []}
2026-03-16 18:18:09.174 | INFO     | [SYSTEM:SCHEDULER] 🔄 Запуск цикла обновления
2026-03-16 18:18:09.197 | INFO     | [portfolio_updater:scheduler] 🔄 Найдено 1 токенов для обработки
2026-03-16 18:18:09.197 | INFO     | [portfolio_updater:scheduler] ▶️ Запуск робота v1.0.0
2026-03-16 18:18:09.198 | INFO     | [portfolio_updater:scheduler]    User ID: 1, Token ID: 15
2026-03-16 18:18:09.224 | INFO     | [portfolio_updater:scheduler]    Запись в БД: ID 305
2026-03-16 18:18:09.224 | INFO     | [portfolio_updater:scheduler] 🚀 Начало работы для токена 15
2026-03-16 18:18:09.239 | INFO     | [portfolio_updater:scheduler] Токен 15: прошло 1.0 мин, интервал 1 мин
2026-03-16 18:18:09.239 | INFO     | [portfolio_updater:scheduler] 🔌 Подключение к T-Invest API...
2026-03-16 18:18:09.239 | INFO     | [portfolio_updater:scheduler] 📋 Запрос списка счетов...
2026-03-16 18:18:09.307 | INFO     | [portfolio_updater:scheduler] 📊 Найдено счетов: 6
2026-03-16 18:18:09.308 | INFO     | [portfolio_updater:scheduler]   → Счет 2004129678 (Брокерский счёт)
2026-03-16 18:18:09.472 | INFO     | [portfolio_updater:scheduler]     ✓ Снимок сохранен (ID: 1862)
2026-03-16 18:18:09.472 | INFO     | [portfolio_updater:scheduler]   → Счет 2294878624 (Pinkin)
2026-03-16 18:18:09.624 | INFO     | [portfolio_updater:scheduler]     ✓ Снимок сохранен (ID: 1863)
2026-03-16 18:18:09.624 | INFO     | [portfolio_updater:scheduler]   → Счет 2294881404 (Анти-мейнстрим Aggressive)
2026-03-16 18:18:09.768 | INFO     | [portfolio_updater:scheduler]     ✓ Снимок сохранен (ID: 1864)
2026-03-16 18:18:09.768 | INFO     | [portfolio_updater:scheduler]   → Счет 2310550801 (Активное инвестирование)
2026-03-16 18:18:10.033 | INFO     | [portfolio_updater:scheduler]     ✓ Снимок сохранен (ID: 1865)
2026-03-16 18:18:10.033 | INFO     | [portfolio_updater:scheduler]   → Счет 2310571252 (Стратегия роста РФ)
2026-03-16 18:18:10.211 | INFO     | [portfolio_updater:scheduler]     ✓ Снимок сохранен (ID: 1866)
2026-03-16 18:18:10.211 | INFO     | [portfolio_updater:scheduler]   → Счет 2311961700 (Народная Кубышка)
2026-03-16 18:18:10.384 | INFO     | [portfolio_updater:scheduler]     ✓ Снимок сохранен (ID: 1867)
2026-03-16 18:18:10.404 | INFO     | [portfolio_updater:scheduler] ✅ Работа завершена. Обновлено счетов: 6, снимков: 6
2026-03-16 18:18:10.406 | INFO     | [portfolio_updater:scheduler] ✅ Работа завершена за 1208ms
2026-03-16 18:18:10.406 | INFO     | [portfolio_updater:scheduler]    status: success
2026-03-16 18:18:10.406 | INFO     | [portfolio_updater:scheduler]    accounts_found: 6
2026-03-16 18:18:10.406 | INFO     | [portfolio_updater:scheduler]    portfolios_updated: 6
2026-03-16 18:18:10.406 | INFO     | [portfolio_updater:scheduler]    snapshots_saved: 6
2026-03-16 18:18:10.406 | INFO     | [portfolio_updater:scheduler]    refresh_interval_minutes: 1
2026-03-16 18:18:10.423 | INFO     | [portfolio_updater:scheduler] 📊 Итоги: всего=1, обработано=1, пропущено=0, ошибок=0
2026-03-16 18:18:10.425 | INFO     | [SYSTEM:SCHEDULER] ✅ Цикл завершен: {'total': 1, 'processed': 1, 'skipped': 0, 'errors': []}
2026-03-16 18:19:10.438 | INFO     | [SYSTEM:SCHEDULER] 🔄 Запуск цикла обновления
2026-03-16 18:19:10.456 | INFO     | [portfolio_updater:scheduler] 🔄 Найдено 1 токенов для обработки
2026-03-16 18:19:10.456 | INFO     | [portfolio_updater:scheduler] ▶️ Запуск робота v1.0.0
2026-03-16 18:19:10.456 | INFO     | [portfolio_updater:scheduler]    User ID: 1, Token ID: 15
2026-03-16 18:19:10.479 | INFO     | [portfolio_updater:scheduler]    Запись в БД: ID 306
2026-03-16 18:19:10.479 | INFO     | [portfolio_updater:scheduler] 🚀 Начало работы для токена 15
2026-03-16 18:19:10.497 | INFO     | [portfolio_updater:scheduler] Токен 15: прошло 1.0 мин, интервал 1 мин
2026-03-16 18:19:10.497 | INFO     | [portfolio_updater:scheduler] 🔌 Подключение к T-Invest API...
2026-03-16 18:19:10.497 | INFO     | [portfolio_updater:scheduler] 📋 Запрос списка счетов...
2026-03-16 18:19:10.540 | INFO     | [portfolio_updater:scheduler] 📊 Найдено счетов: 6
2026-03-16 18:19:10.540 | INFO     | [portfolio_updater:scheduler]   → Счет 2004129678 (Брокерский счёт)
2026-03-16 18:19:10.711 | INFO     | [portfolio_updater:scheduler]     ✓ Снимок сохранен (ID: 1868)
2026-03-16 18:19:10.712 | INFO     | [portfolio_updater:scheduler]   → Счет 2294878624 (Pinkin)
2026-03-16 18:19:10.880 | INFO     | [portfolio_updater:scheduler]     ✓ Снимок сохранен (ID: 1869)
2026-03-16 18:19:10.880 | INFO     | [portfolio_updater:scheduler]   → Счет 2294881404 (Анти-мейнстрим Aggressive)
2026-03-16 18:19:11.054 | INFO     | [portfolio_updater:scheduler]     ✓ Снимок сохранен (ID: 1870)
2026-03-16 18:19:11.054 | INFO     | [portfolio_updater:scheduler]   → Счет 2310550801 (Активное инвестирование)
2026-03-16 18:19:11.309 | INFO     | [portfolio_updater:scheduler]     ✓ Снимок сохранен (ID: 1871)
2026-03-16 18:19:11.309 | INFO     | [portfolio_updater:scheduler]   → Счет 2310571252 (Стратегия роста РФ)
2026-03-16 18:19:11.539 | INFO     | [portfolio_updater:scheduler]     ✓ Снимок сохранен (ID: 1872)
2026-03-16 18:19:11.539 | INFO     | [portfolio_updater:scheduler]   → Счет 2311961700 (Народная Кубышка)
2026-03-16 18:19:11.758 | INFO     | [portfolio_updater:scheduler]     ✓ Снимок сохранен (ID: 1873)
2026-03-16 18:19:11.784 | INFO     | [portfolio_updater:scheduler] ✅ Работа завершена. Обновлено счетов: 6, снимков: 6
2026-03-16 18:19:11.784 | INFO     | [portfolio_updater:scheduler] ✅ Работа завершена за 1327ms
2026-03-16 18:19:11.784 | INFO     | [portfolio_updater:scheduler]    status: success
2026-03-16 18:19:11.784 | INFO     | [portfolio_updater:scheduler]    accounts_found: 6
2026-03-16 18:19:11.784 | INFO     | [portfolio_updater:scheduler]    portfolios_updated: 6
2026-03-16 18:19:11.784 | INFO     | [portfolio_updater:scheduler]    snapshots_saved: 6
2026-03-16 18:19:11.784 | INFO     | [portfolio_updater:scheduler]    refresh_interval_minutes: 1
2026-03-16 18:19:11.809 | INFO     | [portfolio_updater:scheduler] 📊 Итоги: всего=1, обработано=1, пропущено=0, ошибок=0
2026-03-16 18:19:11.809 | INFO     | [SYSTEM:SCHEDULER] ✅ Цикл завершен: {'total': 1, 'processed': 1, 'skipped': 0, 'errors': []}
2026-03-16 18:20:11.813 | INFO     | [SYSTEM:SCHEDULER] 🔄 Запуск цикла обновления
2026-03-16 18:20:11.853 | INFO     | [portfolio_updater:scheduler] 🔄 Найдено 1 токенов для обработки
2026-03-16 18:20:11.853 | INFO     | [portfolio_updater:scheduler] ▶️ Запуск робота v1.0.0
2026-03-16 18:20:11.853 | INFO     | [portfolio_updater:scheduler]    User ID: 1, Token ID: 15
2026-03-16 18:20:11.900 | INFO     | [portfolio_updater:scheduler]    Запись в БД: ID 307
2026-03-16 18:20:11.902 | INFO     | [portfolio_updater:scheduler] 🚀 Начало работы для токена 15
2026-03-16 18:20:11.948 | INFO     | [portfolio_updater:scheduler] Токен 15: прошло 1.0 мин, интервал 1 мин
2026-03-16 18:20:11.948 | INFO     | [portfolio_updater:scheduler] 🔌 Подключение к T-Invest API...
2026-03-16 18:20:11.948 | INFO     | [portfolio_updater:scheduler] 📋 Запрос списка счетов...
2026-03-16 18:20:12.020 | INFO     | [portfolio_updater:scheduler] 📊 Найдено счетов: 6
2026-03-16 18:20:12.020 | INFO     | [portfolio_updater:scheduler]   → Счет 2004129678 (Брокерский счёт)
2026-03-16 18:20:12.223 | INFO     | [portfolio_updater:scheduler]     ✓ Снимок сохранен (ID: 1874)
2026-03-16 18:20:12.223 | INFO     | [portfolio_updater:scheduler]   → Счет 2294878624 (Pinkin)
2026-03-16 18:20:12.413 | INFO     | [portfolio_updater:scheduler]     ✓ Снимок сохранен (ID: 1875)
2026-03-16 18:20:12.413 | INFO     | [portfolio_updater:scheduler]   → Счет 2294881404 (Анти-мейнстрим Aggressive)
2026-03-16 18:20:12.579 | INFO     | [portfolio_updater:scheduler]     ✓ Снимок сохранен (ID: 1876)
2026-03-16 18:20:12.581 | INFO     | [portfolio_updater:scheduler]   → Счет 2310550801 (Активное инвестирование)
2026-03-16 18:20:12.870 | INFO     | [portfolio_updater:scheduler]     ✓ Снимок сохранен (ID: 1877)
2026-03-16 18:20:12.870 | INFO     | [portfolio_updater:scheduler]   → Счет 2310571252 (Стратегия роста РФ)
2026-03-16 18:20:13.166 | INFO     | [portfolio_updater:scheduler]     ✓ Снимок сохранен (ID: 1878)
2026-03-16 18:20:13.166 | INFO     | [portfolio_updater:scheduler]   → Счет 2311961700 (Народная Кубышка)
2026-03-16 18:20:13.374 | INFO     | [portfolio_updater:scheduler]     ✓ Снимок сохранен (ID: 1879)
2026-03-16 18:20:13.395 | INFO     | [portfolio_updater:scheduler] ✅ Работа завершена. Обновлено счетов: 6, снимков: 6
2026-03-16 18:20:13.395 | INFO     | [portfolio_updater:scheduler] ✅ Работа завершена за 1541ms
2026-03-16 18:20:13.395 | INFO     | [portfolio_updater:scheduler]    status: success
2026-03-16 18:20:13.403 | INFO     | [portfolio_updater:scheduler]    accounts_found: 6
2026-03-16 18:20:13.403 | INFO     | [portfolio_updater:scheduler]    portfolios_updated: 6
2026-03-16 18:20:13.403 | INFO     | [portfolio_updater:scheduler]    snapshots_saved: 6
2026-03-16 18:20:13.403 | INFO     | [portfolio_updater:scheduler]    refresh_interval_minutes: 1
2026-03-16 18:20:13.428 | INFO     | [portfolio_updater:scheduler] 📊 Итоги: всего=1, обработано=1, пропущено=0, ошибок=0
2026-03-16 18:20:13.428 | INFO     | [SYSTEM:SCHEDULER] ✅ Цикл завершен: {'total': 1, 'processed': 1, 'skipped': 0, 'errors': []}
2026-03-16 18:21:13.447 | INFO     | [SYSTEM:SCHEDULER] 🔄 Запуск цикла обновления
2026-03-16 18:21:13.478 | INFO     | [portfolio_updater:scheduler] 🔄 Найдено 1 токенов для обработки
2026-03-16 18:21:13.478 | INFO     | [portfolio_updater:scheduler] ▶️ Запуск робота v1.0.0
2026-03-16 18:21:13.478 | INFO     | [portfolio_updater:scheduler]    User ID: 1, Token ID: 15
2026-03-16 18:21:13.507 | INFO     | [portfolio_updater:scheduler]    Запись в БД: ID 308
2026-03-16 18:21:13.507 | INFO     | [portfolio_updater:scheduler] 🚀 Начало работы для токена 15
2026-03-16 18:21:13.520 | INFO     | [portfolio_updater:scheduler] Токен 15: прошло 1.0 мин, интервал 1 мин
2026-03-16 18:21:13.520 | INFO     | [portfolio_updater:scheduler] 🔌 Подключение к T-Invest API...
2026-03-16 18:21:13.520 | INFO     | [portfolio_updater:scheduler] 📋 Запрос списка счетов...
2026-03-16 18:21:13.617 | INFO     | [portfolio_updater:scheduler] 📊 Найдено счетов: 6
2026-03-16 18:21:13.617 | INFO     | [portfolio_updater:scheduler]   → Счет 2004129678 (Брокерский счёт)
2026-03-16 18:21:14.504 | INFO     | [portfolio_updater:scheduler]     ✓ Снимок сохранен (ID: 1880)
2026-03-16 18:21:14.504 | INFO     | [portfolio_updater:scheduler]   → Счет 2294878624 (Pinkin)
2026-03-16 18:21:14.803 | INFO     | [portfolio_updater:scheduler]     ✓ Снимок сохранен (ID: 1881)
2026-03-16 18:21:14.805 | INFO     | [portfolio_updater:scheduler]   → Счет 2294881404 (Анти-мейнстрим Aggressive)
2026-03-16 18:21:15.103 | INFO     | [portfolio_updater:scheduler]     ✓ Снимок сохранен (ID: 1882)
2026-03-16 18:21:15.103 | INFO     | [portfolio_updater:scheduler]   → Счет 2310550801 (Активное инвестирование)
2026-03-16 18:21:15.483 | INFO     | [portfolio_updater:scheduler]     ✓ Снимок сохранен (ID: 1883)
2026-03-16 18:21:15.483 | INFO     | [portfolio_updater:scheduler]   → Счет 2310571252 (Стратегия роста РФ)
2026-03-16 18:21:15.679 | INFO     | [portfolio_updater:scheduler]     ✓ Снимок сохранен (ID: 1884)
2026-03-16 18:21:15.679 | INFO     | [portfolio_updater:scheduler]   → Счет 2311961700 (Народная Кубышка)
2026-03-16 18:21:16.098 | INFO     | [portfolio_updater:scheduler]     ✓ Снимок сохранен (ID: 1885)
2026-03-16 18:21:16.222 | INFO     | [portfolio_updater:scheduler] ✅ Работа завершена. Обновлено счетов: 6, снимков: 6
2026-03-16 18:21:16.350 | INFO     | [portfolio_updater:scheduler] ✅ Работа завершена за 2743ms
2026-03-16 18:21:16.350 | INFO     | [portfolio_updater:scheduler]    status: success
2026-03-16 18:21:16.364 | INFO     | [portfolio_updater:scheduler]    accounts_found: 6
2026-03-16 18:21:16.440 | INFO     | [portfolio_updater:scheduler]    portfolios_updated: 6
2026-03-16 18:21:16.440 | INFO     | [portfolio_updater:scheduler]    snapshots_saved: 6
2026-03-16 18:21:16.440 | INFO     | [portfolio_updater:scheduler]    refresh_interval_minutes: 1
2026-03-16 18:21:16.466 | INFO     | [portfolio_updater:scheduler] 📊 Итоги: всего=1, обработано=1, пропущено=0, ошибок=0
2026-03-16 18:21:16.466 | INFO     | [SYSTEM:SCHEDULER] ✅ Цикл завершен: {'total': 1, 'processed': 1, 'skipped': 0, 'errors': []}
2026-03-16 18:21:30.083 | INFO     | [SYSTEM:MAIN] 🛑 Приложение остановлено
2026-03-16 18:21:30.084 | INFO     | [SYSTEM:SCHEDULER] 🛑 Планировщик остановлен
2026-03-16 18:21:33.340 | INFO     | [SYSTEM:BOOT] ====================================================================================================
2026-03-16 18:21:33.340 | INFO     | [SYSTEM:BOOT] НОВЫЙ ПЕРИОД ЛОГИРОВАНИЯ: 2026-03-16 18:21:33
2026-03-16 18:21:33.340 | INFO     | [SYSTEM:BOOT] ====================================================================================================
2026-03-16 18:22:16.481 | INFO     | [SYSTEM:BOOT] ====================================================================================================
2026-03-16 18:22:16.481 | INFO     | [SYSTEM:BOOT] НОВЫЙ ПЕРИОД ЛОГИРОВАНИЯ: 2026-03-16 18:22:16
2026-03-16 18:22:16.481 | INFO     | [SYSTEM:BOOT] ====================================================================================================
2026-03-16 18:22:22.132 | INFO     | [SYSTEM:MAIN] 🚀 Приложение запущено
2026-03-16 18:22:22.133 | INFO     | [SYSTEM:SCHEDULER] 🚀 Запуск главного планировщика
2026-03-16 18:22:22.133 | INFO     | [SYSTEM:SCHEDULER] 🔄 Запуск цикла обновления
2026-03-16 18:22:22.263 | INFO     | [portfolio_updater:scheduler] 🔄 Найдено 1 токенов для обработки
2026-03-16 18:22:22.263 | INFO     | [portfolio_updater:scheduler] ▶️ Запуск робота v1.0.0
2026-03-16 18:22:22.263 | INFO     | [portfolio_updater:scheduler]    User ID: 1, Token ID: 15
2026-03-16 18:22:22.373 | INFO     | [portfolio_updater:scheduler]    Запись в БД: ID 309
2026-03-16 18:22:22.373 | INFO     | [portfolio_updater:scheduler] 🚀 Начало работы для токена 15
2026-03-16 18:22:22.393 | INFO     | [portfolio_updater:scheduler] Токен 15: прошло 1.1 мин, интервал 1 мин
2026-03-16 18:22:22.393 | INFO     | [portfolio_updater:scheduler] 🔌 Подключение к T-Invest API...
2026-03-16 18:22:22.393 | INFO     | [portfolio_updater:scheduler] 📋 Запрос списка счетов...
2026-03-16 18:22:22.463 | INFO     | [portfolio_updater:scheduler] 📊 Найдено счетов: 6
2026-03-16 18:22:22.463 | INFO     | [portfolio_updater:scheduler]   → Счет 2004129678 (Брокерский счёт)
2026-03-16 18:22:22.623 | INFO     | [portfolio_updater:scheduler]     ✓ Снимок сохранен (ID: 1886)
2026-03-16 18:22:22.623 | INFO     | [portfolio_updater:scheduler]   → Счет 2294878624 (Pinkin)
2026-03-16 18:22:22.766 | INFO     | [portfolio_updater:scheduler]     ✓ Снимок сохранен (ID: 1887)
2026-03-16 18:22:22.766 | INFO     | [portfolio_updater:scheduler]   → Счет 2294881404 (Анти-мейнстрим Aggressive)
2026-03-16 18:22:22.918 | INFO     | [portfolio_updater:scheduler]     ✓ Снимок сохранен (ID: 1888)
2026-03-16 18:22:22.918 | INFO     | [portfolio_updater:scheduler]   → Счет 2310550801 (Активное инвестирование)
2026-03-16 18:22:23.139 | INFO     | [portfolio_updater:scheduler]     ✓ Снимок сохранен (ID: 1889)
2026-03-16 18:22:23.143 | INFO     | [portfolio_updater:scheduler]   → Счет 2310571252 (Стратегия роста РФ)
2026-03-16 18:22:23.316 | INFO     | [portfolio_updater:scheduler]     ✓ Снимок сохранен (ID: 1890)
2026-03-16 18:22:23.316 | INFO     | [portfolio_updater:scheduler]   → Счет 2311961700 (Народная Кубышка)
2026-03-16 18:22:23.484 | INFO     | [portfolio_updater:scheduler]     ✓ Снимок сохранен (ID: 1891)
2026-03-16 18:22:23.503 | INFO     | [portfolio_updater:scheduler] ✅ Работа завершена. Обновлено счетов: 6, снимков: 6
2026-03-16 18:22:23.503 | INFO     | [portfolio_updater:scheduler] ✅ Работа завершена за 1240ms
2026-03-16 18:22:23.503 | INFO     | [portfolio_updater:scheduler]    status: success
2026-03-16 18:22:23.508 | INFO     | [portfolio_updater:scheduler]    accounts_found: 6
2026-03-16 18:22:23.508 | INFO     | [portfolio_updater:scheduler]    portfolios_updated: 6
2026-03-16 18:22:23.508 | INFO     | [portfolio_updater:scheduler]    snapshots_saved: 6
2026-03-16 18:22:23.508 | INFO     | [portfolio_updater:scheduler]    refresh_interval_minutes: 1
2026-03-16 18:22:23.523 | INFO     | [portfolio_updater:scheduler] 📊 Итоги: всего=1, обработано=1, пропущено=0, ошибок=0
2026-03-16 18:22:23.523 | INFO     | [SYSTEM:SCHEDULER] 📊 Портфели: {'total': 1, 'processed': 1, 'skipped': 0, 'errors': []}
2026-03-16 18:22:23.528 | ERROR    | [SYSTEM:SCHEDULER] ❌ Ошибка в цикле: (psycopg2.errors.UndefinedColumn) column r.max_position_size does not exist
LINE 10:                     r.max_position_size,
                             ^

[SQL: 
                SELECT
                    r.id,
                    r.user_id,
                    r.token_id,
                    r.name,
                    r.strategy_name,
                    r.strategy_params,
                    r.account_id,
                    r.max_position_size,
                    r.max_daily_loss,
                    r.max_trades_per_day,
                    t.token
                FROM ganaly.trading_robots r
                         JOIN ganaly.api_tokens t ON r.token_id = t.id
                WHERE r.is_active = 1
                  AND r.status = 'active'
                  AND r.robot_type = 'trading'
                  AND t.is_active = 1                 ]
(Background on this error at: https://sqlalche.me/e/20/f405)
2026-03-16 18:23:23.531 | INFO     | [SYSTEM:SCHEDULER] 🔄 Запуск цикла обновления
2026-03-16 18:23:23.556 | INFO     | [portfolio_updater:scheduler] 🔄 Найдено 1 токенов для обработки
2026-03-16 18:23:23.556 | INFO     | [portfolio_updater:scheduler] ▶️ Запуск робота v1.0.0
2026-03-16 18:23:23.556 | INFO     | [portfolio_updater:scheduler]    User ID: 1, Token ID: 15
2026-03-16 18:23:23.591 | INFO     | [portfolio_updater:scheduler]    Запись в БД: ID 310
2026-03-16 18:23:23.591 | INFO     | [portfolio_updater:scheduler] 🚀 Начало работы для токена 15
2026-03-16 18:23:23.612 | INFO     | [portfolio_updater:scheduler] Токен 15: прошло 1.0 мин, интервал 1 мин
2026-03-16 18:23:23.612 | INFO     | [portfolio_updater:scheduler] 🔌 Подключение к T-Invest API...
2026-03-16 18:23:23.612 | INFO     | [portfolio_updater:scheduler] 📋 Запрос списка счетов...
2026-03-16 18:23:23.671 | INFO     | [portfolio_updater:scheduler] 📊 Найдено счетов: 6
2026-03-16 18:23:23.672 | INFO     | [portfolio_updater:scheduler]   → Счет 2004129678 (Брокерский счёт)
2026-03-16 18:23:23.825 | INFO     | [portfolio_updater:scheduler]     ✓ Снимок сохранен (ID: 1892)
2026-03-16 18:23:23.825 | INFO     | [portfolio_updater:scheduler]   → Счет 2294878624 (Pinkin)
2026-03-16 18:23:24.003 | INFO     | [portfolio_updater:scheduler]     ✓ Снимок сохранен (ID: 1893)
2026-03-16 18:23:24.003 | INFO     | [portfolio_updater:scheduler]   → Счет 2294881404 (Анти-мейнстрим Aggressive)
2026-03-16 18:23:24.170 | INFO     | [portfolio_updater:scheduler]     ✓ Снимок сохранен (ID: 1894)
2026-03-16 18:23:24.170 | INFO     | [portfolio_updater:scheduler]   → Счет 2310550801 (Активное инвестирование)
2026-03-16 18:23:24.403 | INFO     | [portfolio_updater:scheduler]     ✓ Снимок сохранен (ID: 1895)
2026-03-16 18:23:24.403 | INFO     | [portfolio_updater:scheduler]   → Счет 2310571252 (Стратегия роста РФ)
2026-03-16 18:23:24.722 | INFO     | [portfolio_updater:scheduler]     ✓ Снимок сохранен (ID: 1896)
2026-03-16 18:23:24.722 | INFO     | [portfolio_updater:scheduler]   → Счет 2311961700 (Народная Кубышка)
2026-03-16 18:23:24.993 | INFO     | [portfolio_updater:scheduler]     ✓ Снимок сохранен (ID: 1897)
2026-03-16 18:23:25.021 | INFO     | [portfolio_updater:scheduler] ✅ Работа завершена. Обновлено счетов: 6, снимков: 6
2026-03-16 18:23:25.021 | INFO     | [portfolio_updater:scheduler] ✅ Работа завершена за 1465ms
2026-03-16 18:23:25.021 | INFO     | [portfolio_updater:scheduler]    status: success
2026-03-16 18:23:25.021 | INFO     | [portfolio_updater:scheduler]    accounts_found: 6
2026-03-16 18:23:25.021 | INFO     | [portfolio_updater:scheduler]    portfolios_updated: 6
2026-03-16 18:23:25.021 | INFO     | [portfolio_updater:scheduler]    snapshots_saved: 6
2026-03-16 18:23:25.021 | INFO     | [portfolio_updater:scheduler]    refresh_interval_minutes: 1
2026-03-16 18:23:25.047 | INFO     | [portfolio_updater:scheduler] 📊 Итоги: всего=1, обработано=1, пропущено=0, ошибок=0
2026-03-16 18:23:25.047 | INFO     | [SYSTEM:SCHEDULER] 📊 Портфели: {'total': 1, 'processed': 1, 'skipped': 0, 'errors': []}
2026-03-16 18:23:25.053 | ERROR    | [SYSTEM:SCHEDULER] ❌ Ошибка в цикле: (psycopg2.errors.UndefinedColumn) column r.max_position_size does not exist
LINE 10:                     r.max_position_size,
                             ^

[SQL: 
                SELECT
                    r.id,
                    r.user_id,
                    r.token_id,
                    r.name,
                    r.strategy_name,
                    r.strategy_params,
                    r.account_id,
                    r.max_position_size,
                    r.max_daily_loss,
                    r.max_trades_per_day,
                    t.token
                FROM ganaly.trading_robots r
                         JOIN ganaly.api_tokens t ON r.token_id = t.id
                WHERE r.is_active = 1
                  AND r.status = 'active'
                  AND r.robot_type = 'trading'
                  AND t.is_active = 1                 ]
(Background on this error at: https://sqlalche.me/e/20/f405)
2026-03-16 18:24:25.057 | INFO     | [SYSTEM:SCHEDULER] 🔄 Запуск цикла обновления
2026-03-16 18:24:25.072 | INFO     | [portfolio_updater:scheduler] 🔄 Найдено 1 токенов для обработки
2026-03-16 18:24:25.073 | INFO     | [portfolio_updater:scheduler] ▶️ Запуск робота v1.0.0
2026-03-16 18:24:25.073 | INFO     | [portfolio_updater:scheduler]    User ID: 1, Token ID: 15
2026-03-16 18:24:25.095 | INFO     | [portfolio_updater:scheduler]    Запись в БД: ID 311
2026-03-16 18:24:25.095 | INFO     | [portfolio_updater:scheduler] 🚀 Начало работы для токена 15
2026-03-16 18:24:25.115 | INFO     | [portfolio_updater:scheduler] Токен 15: прошло 1.0 мин, интервал 1 мин
2026-03-16 18:24:25.115 | INFO     | [portfolio_updater:scheduler] 🔌 Подключение к T-Invest API...
2026-03-16 18:24:25.115 | INFO     | [portfolio_updater:scheduler] 📋 Запрос списка счетов...
2026-03-16 18:24:25.160 | INFO     | [portfolio_updater:scheduler] 📊 Найдено счетов: 6
2026-03-16 18:24:25.160 | INFO     | [portfolio_updater:scheduler]   → Счет 2004129678 (Брокерский счёт)
2026-03-16 18:24:25.306 | INFO     | [portfolio_updater:scheduler]     ✓ Снимок сохранен (ID: 1898)
2026-03-16 18:24:25.306 | INFO     | [portfolio_updater:scheduler]   → Счет 2294878624 (Pinkin)
2026-03-16 18:24:25.462 | INFO     | [portfolio_updater:scheduler]     ✓ Снимок сохранен (ID: 1899)
2026-03-16 18:24:25.462 | INFO     | [portfolio_updater:scheduler]   → Счет 2294881404 (Анти-мейнстрим Aggressive)
2026-03-16 18:24:25.622 | INFO     | [portfolio_updater:scheduler]     ✓ Снимок сохранен (ID: 1900)
2026-03-16 18:24:25.622 | INFO     | [portfolio_updater:scheduler]   → Счет 2310550801 (Активное инвестирование)
2026-03-16 18:24:25.847 | INFO     | [portfolio_updater:scheduler]     ✓ Снимок сохранен (ID: 1901)
2026-03-16 18:24:25.847 | INFO     | [portfolio_updater:scheduler]   → Счет 2310571252 (Стратегия роста РФ)
2026-03-16 18:24:26.054 | INFO     | [portfolio_updater:scheduler]     ✓ Снимок сохранен (ID: 1902)
2026-03-16 18:24:26.054 | INFO     | [portfolio_updater:scheduler]   → Счет 2311961700 (Народная Кубышка)
2026-03-16 18:24:26.220 | INFO     | [portfolio_updater:scheduler]     ✓ Снимок сохранен (ID: 1903)
2026-03-16 18:24:26.240 | INFO     | [portfolio_updater:scheduler] ✅ Работа завершена. Обновлено счетов: 6, снимков: 6
2026-03-16 18:24:26.240 | INFO     | [portfolio_updater:scheduler] ✅ Работа завершена за 1166ms
2026-03-16 18:24:26.240 | INFO     | [portfolio_updater:scheduler]    status: success
2026-03-16 18:24:26.240 | INFO     | [portfolio_updater:scheduler]    accounts_found: 6
2026-03-16 18:24:26.240 | INFO     | [portfolio_updater:scheduler]    portfolios_updated: 6
2026-03-16 18:24:26.240 | INFO     | [portfolio_updater:scheduler]    snapshots_saved: 6
2026-03-16 18:24:26.242 | INFO     | [portfolio_updater:scheduler]    refresh_interval_minutes: 1
2026-03-16 18:24:26.259 | INFO     | [portfolio_updater:scheduler] 📊 Итоги: всего=1, обработано=1, пропущено=0, ошибок=0
2026-03-16 18:24:26.259 | INFO     | [SYSTEM:SCHEDULER] 📊 Портфели: {'total': 1, 'processed': 1, 'skipped': 0, 'errors': []}
2026-03-16 18:24:26.267 | ERROR    | [SYSTEM:SCHEDULER] ❌ Ошибка в цикле: (psycopg2.errors.UndefinedColumn) column r.max_position_size does not exist
LINE 10:                     r.max_position_size,
                             ^

[SQL: 
                SELECT
                    r.id,
                    r.user_id,
                    r.token_id,
                    r.name,
                    r.strategy_name,
                    r.strategy_params,
                    r.account_id,
                    r.max_position_size,
                    r.max_daily_loss,
                    r.max_trades_per_day,
                    t.token
                FROM ganaly.trading_robots r
                         JOIN ganaly.api_tokens t ON r.token_id = t.id
                WHERE r.is_active = 1
                  AND r.status = 'active'
                  AND r.robot_type = 'trading'
                  AND t.is_active = 1                 ]
(Background on this error at: https://sqlalche.me/e/20/f405)
2026-03-16 18:25:26.284 | INFO     | [SYSTEM:SCHEDULER] 🔄 Запуск цикла обновления
2026-03-16 18:25:26.314 | INFO     | [portfolio_updater:scheduler] 🔄 Найдено 1 токенов для обработки
2026-03-16 18:25:26.314 | INFO     | [portfolio_updater:scheduler] ▶️ Запуск робота v1.0.0
2026-03-16 18:25:26.314 | INFO     | [portfolio_updater:scheduler]    User ID: 1, Token ID: 15
2026-03-16 18:25:26.335 | INFO     | [portfolio_updater:scheduler]    Запись в БД: ID 312
2026-03-16 18:25:26.343 | INFO     | [portfolio_updater:scheduler] 🚀 Начало работы для токена 15
2026-03-16 18:25:26.365 | INFO     | [portfolio_updater:scheduler] Токен 15: прошло 1.0 мин, интервал 1 мин
2026-03-16 18:25:26.365 | INFO     | [portfolio_updater:scheduler] 🔌 Подключение к T-Invest API...
2026-03-16 18:25:26.365 | INFO     | [portfolio_updater:scheduler] 📋 Запрос списка счетов...
2026-03-16 18:25:26.410 | INFO     | [portfolio_updater:scheduler] 📊 Найдено счетов: 6
2026-03-16 18:25:26.410 | INFO     | [portfolio_updater:scheduler]   → Счет 2004129678 (Брокерский счёт)
2026-03-16 18:25:26.565 | INFO     | [portfolio_updater:scheduler]     ✓ Снимок сохранен (ID: 1904)
2026-03-16 18:25:26.565 | INFO     | [portfolio_updater:scheduler]   → Счет 2294878624 (Pinkin)
2026-03-16 18:25:26.716 | INFO     | [portfolio_updater:scheduler]     ✓ Снимок сохранен (ID: 1905)
2026-03-16 18:25:26.718 | INFO     | [portfolio_updater:scheduler]   → Счет 2294881404 (Анти-мейнстрим Aggressive)
2026-03-16 18:25:26.880 | INFO     | [portfolio_updater:scheduler]     ✓ Снимок сохранен (ID: 1906)
2026-03-16 18:25:26.882 | INFO     | [portfolio_updater:scheduler]   → Счет 2310550801 (Активное инвестирование)
2026-03-16 18:25:27.141 | INFO     | [portfolio_updater:scheduler]     ✓ Снимок сохранен (ID: 1907)
2026-03-16 18:25:27.142 | INFO     | [portfolio_updater:scheduler]   → Счет 2310571252 (Стратегия роста РФ)
2026-03-16 18:25:27.332 | INFO     | [portfolio_updater:scheduler]     ✓ Снимок сохранен (ID: 1908)
2026-03-16 18:25:27.332 | INFO     | [portfolio_updater:scheduler]   → Счет 2311961700 (Народная Кубышка)
2026-03-16 18:25:27.480 | INFO     | [portfolio_updater:scheduler]     ✓ Снимок сохранен (ID: 1909)
2026-03-16 18:25:27.498 | INFO     | [portfolio_updater:scheduler] ✅ Работа завершена. Обновлено счетов: 6, снимков: 6
2026-03-16 18:25:27.498 | INFO     | [portfolio_updater:scheduler] ✅ Работа завершена за 1184ms
2026-03-16 18:25:27.498 | INFO     | [portfolio_updater:scheduler]    status: success
2026-03-16 18:25:27.498 | INFO     | [portfolio_updater:scheduler]    accounts_found: 6
2026-03-16 18:25:27.498 | INFO     | [portfolio_updater:scheduler]    portfolios_updated: 6
2026-03-16 18:25:27.500 | INFO     | [portfolio_updater:scheduler]    snapshots_saved: 6
2026-03-16 18:25:27.500 | INFO     | [portfolio_updater:scheduler]    refresh_interval_minutes: 1
2026-03-16 18:25:27.513 | INFO     | [portfolio_updater:scheduler] 📊 Итоги: всего=1, обработано=1, пропущено=0, ошибок=0
2026-03-16 18:25:27.513 | INFO     | [SYSTEM:SCHEDULER] 📊 Портфели: {'total': 1, 'processed': 1, 'skipped': 0, 'errors': []}
2026-03-16 18:25:27.528 | ERROR    | [SYSTEM:SCHEDULER] ❌ Ошибка в цикле: (psycopg2.errors.UndefinedColumn) column r.max_position_size does not exist
LINE 10:                     r.max_position_size,
                             ^

[SQL: 
                SELECT
                    r.id,
                    r.user_id,
                    r.token_id,
                    r.name,
                    r.strategy_name,
                    r.strategy_params,
                    r.account_id,
                    r.max_position_size,
                    r.max_daily_loss,
                    r.max_trades_per_day,
                    t.token
                FROM ganaly.trading_robots r
                         JOIN ganaly.api_tokens t ON r.token_id = t.id
                WHERE r.is_active = 1
                  AND r.status = 'active'
                  AND r.robot_type = 'trading'
                  AND t.is_active = 1                 ]
(Background on this error at: https://sqlalche.me/e/20/f405)
2026-03-16 18:26:27.556 | INFO     | [SYSTEM:SCHEDULER] 🔄 Запуск цикла обновления
2026-03-16 18:26:27.591 | INFO     | [portfolio_updater:scheduler] 🔄 Найдено 1 токенов для обработки
2026-03-16 18:26:27.591 | INFO     | [portfolio_updater:scheduler] ▶️ Запуск робота v1.0.0
2026-03-16 18:26:27.591 | INFO     | [portfolio_updater:scheduler]    User ID: 1, Token ID: 15
2026-03-16 18:26:27.621 | INFO     | [portfolio_updater:scheduler]    Запись в БД: ID 313
2026-03-16 18:26:27.621 | INFO     | [portfolio_updater:scheduler] 🚀 Начало работы для токена 15
2026-03-16 18:26:27.673 | INFO     | [portfolio_updater:scheduler] Токен 15: прошло 1.0 мин, интервал 1 мин
2026-03-16 18:26:27.673 | INFO     | [portfolio_updater:scheduler] 🔌 Подключение к T-Invest API...
2026-03-16 18:26:27.673 | INFO     | [portfolio_updater:scheduler] 📋 Запрос списка счетов...
2026-03-16 18:26:27.715 | INFO     | [portfolio_updater:scheduler] 📊 Найдено счетов: 6
2026-03-16 18:26:27.715 | INFO     | [portfolio_updater:scheduler]   → Счет 2004129678 (Брокерский счёт)
2026-03-16 18:26:28.846 | INFO     | [portfolio_updater:scheduler]     ✓ Снимок сохранен (ID: 1910)
2026-03-16 18:26:28.846 | INFO     | [portfolio_updater:scheduler]   → Счет 2294878624 (Pinkin)
2026-03-16 18:26:29.193 | INFO     | [portfolio_updater:scheduler]     ✓ Снимок сохранен (ID: 1911)
2026-03-16 18:26:29.193 | INFO     | [portfolio_updater:scheduler]   → Счет 2294881404 (Анти-мейнстрим Aggressive)
2026-03-16 18:26:29.388 | INFO     | [portfolio_updater:scheduler]     ✓ Снимок сохранен (ID: 1912)
2026-03-16 18:26:29.388 | INFO     | [portfolio_updater:scheduler]   → Счет 2310550801 (Активное инвестирование)
2026-03-16 18:26:29.915 | INFO     | [portfolio_updater:scheduler]     ✓ Снимок сохранен (ID: 1913)
2026-03-16 18:26:29.915 | INFO     | [portfolio_updater:scheduler]   → Счет 2310571252 (Стратегия роста РФ)
2026-03-16 18:26:30.172 | INFO     | [portfolio_updater:scheduler]     ✓ Снимок сохранен (ID: 1914)
2026-03-16 18:26:30.173 | INFO     | [portfolio_updater:scheduler]   → Счет 2311961700 (Народная Кубышка)
2026-03-16 18:26:30.363 | INFO     | [portfolio_updater:scheduler]     ✓ Снимок сохранен (ID: 1915)
2026-03-16 18:26:30.383 | INFO     | [portfolio_updater:scheduler] ✅ Работа завершена. Обновлено счетов: 6, снимков: 6
2026-03-16 18:26:30.383 | INFO     | [portfolio_updater:scheduler] ✅ Работа завершена за 2792ms
2026-03-16 18:26:30.383 | INFO     | [portfolio_updater:scheduler]    status: success
2026-03-16 18:26:30.383 | INFO     | [portfolio_updater:scheduler]    accounts_found: 6
2026-03-16 18:26:30.383 | INFO     | [portfolio_updater:scheduler]    portfolios_updated: 6
2026-03-16 18:26:30.383 | INFO     | [portfolio_updater:scheduler]    snapshots_saved: 6
2026-03-16 18:26:30.383 | INFO     | [portfolio_updater:scheduler]    refresh_interval_minutes: 1
2026-03-16 18:26:30.402 | INFO     | [portfolio_updater:scheduler] 📊 Итоги: всего=1, обработано=1, пропущено=0, ошибок=0
2026-03-16 18:26:30.402 | INFO     | [SYSTEM:SCHEDULER] 📊 Портфели: {'total': 1, 'processed': 1, 'skipped': 0, 'errors': []}
2026-03-16 18:26:30.407 | ERROR    | [SYSTEM:SCHEDULER] ❌ Ошибка в цикле: (psycopg2.errors.UndefinedColumn) column r.max_position_size does not exist
LINE 10:                     r.max_position_size,
                             ^

[SQL: 
                SELECT
                    r.id,
                    r.user_id,
                    r.token_id,
                    r.name,
                    r.strategy_name,
                    r.strategy_params,
                    r.account_id,
                    r.max_position_size,
                    r.max_daily_loss,
                    r.max_trades_per_day,
                    t.token
                FROM ganaly.trading_robots r
                         JOIN ganaly.api_tokens t ON r.token_id = t.id
                WHERE r.is_active = 1
                  AND r.status = 'active'
                  AND r.robot_type = 'trading'
                  AND t.is_active = 1                 ]
(Background on this error at: https://sqlalche.me/e/20/f405)
2026-03-16 18:27:30.406 | INFO     | [SYSTEM:SCHEDULER] 🔄 Запуск цикла обновления
2026-03-16 18:27:30.491 | INFO     | [portfolio_updater:scheduler] 🔄 Найдено 1 токенов для обработки
2026-03-16 18:27:30.492 | INFO     | [portfolio_updater:scheduler] ▶️ Запуск робота v1.0.0
2026-03-16 18:27:30.492 | INFO     | [portfolio_updater:scheduler]    User ID: 1, Token ID: 15
2026-03-16 18:27:30.586 | INFO     | [portfolio_updater:scheduler]    Запись в БД: ID 314
2026-03-16 18:27:30.586 | INFO     | [portfolio_updater:scheduler] 🚀 Начало работы для токена 15
2026-03-16 18:27:30.602 | INFO     | [portfolio_updater:scheduler] Токен 15: прошло 1.0 мин, интервал 1 мин
2026-03-16 18:27:30.602 | INFO     | [portfolio_updater:scheduler] 🔌 Подключение к T-Invest API...
2026-03-16 18:27:30.602 | INFO     | [portfolio_updater:scheduler] 📋 Запрос списка счетов...
2026-03-16 18:27:30.652 | INFO     | [portfolio_updater:scheduler] 📊 Найдено счетов: 6
2026-03-16 18:27:30.652 | INFO     | [portfolio_updater:scheduler]   → Счет 2004129678 (Брокерский счёт)
2026-03-16 18:27:30.821 | INFO     | [portfolio_updater:scheduler]     ✓ Снимок сохранен (ID: 1916)
2026-03-16 18:27:30.823 | INFO     | [portfolio_updater:scheduler]   → Счет 2294878624 (Pinkin)
2026-03-16 18:27:30.969 | INFO     | [portfolio_updater:scheduler]     ✓ Снимок сохранен (ID: 1917)
2026-03-16 18:27:30.969 | INFO     | [portfolio_updater:scheduler]   → Счет 2294881404 (Анти-мейнстрим Aggressive)
2026-03-16 18:27:31.132 | INFO     | [portfolio_updater:scheduler]     ✓ Снимок сохранен (ID: 1918)
2026-03-16 18:27:31.132 | INFO     | [portfolio_updater:scheduler]   → Счет 2310550801 (Активное инвестирование)
2026-03-16 18:27:31.369 | INFO     | [portfolio_updater:scheduler]     ✓ Снимок сохранен (ID: 1919)
2026-03-16 18:27:31.369 | INFO     | [portfolio_updater:scheduler]   → Счет 2310571252 (Стратегия роста РФ)
2026-03-16 18:27:31.668 | INFO     | [portfolio_updater:scheduler]     ✓ Снимок сохранен (ID: 1920)
2026-03-16 18:27:31.668 | INFO     | [portfolio_updater:scheduler]   → Счет 2311961700 (Народная Кубышка)
2026-03-16 18:27:31.892 | INFO     | [portfolio_updater:scheduler]     ✓ Снимок сохранен (ID: 1921)
2026-03-16 18:27:31.918 | INFO     | [portfolio_updater:scheduler] ✅ Работа завершена. Обновлено счетов: 6, снимков: 6
2026-03-16 18:27:31.918 | INFO     | [portfolio_updater:scheduler] ✅ Работа завершена за 1425ms
2026-03-16 18:27:31.918 | INFO     | [portfolio_updater:scheduler]    status: success
2026-03-16 18:27:31.919 | INFO     | [portfolio_updater:scheduler]    accounts_found: 6
2026-03-16 18:27:31.919 | INFO     | [portfolio_updater:scheduler]    portfolios_updated: 6
2026-03-16 18:27:31.919 | INFO     | [portfolio_updater:scheduler]    snapshots_saved: 6
2026-03-16 18:27:31.919 | INFO     | [portfolio_updater:scheduler]    refresh_interval_minutes: 1
2026-03-16 18:27:31.944 | INFO     | [portfolio_updater:scheduler] 📊 Итоги: всего=1, обработано=1, пропущено=0, ошибок=0
2026-03-16 18:27:31.944 | INFO     | [SYSTEM:SCHEDULER] 📊 Портфели: {'total': 1, 'processed': 1, 'skipped': 0, 'errors': []}
2026-03-16 18:27:31.952 | ERROR    | [SYSTEM:SCHEDULER] ❌ Ошибка в цикле: (psycopg2.errors.UndefinedColumn) column r.max_position_size does not exist
LINE 10:                     r.max_position_size,
                             ^

[SQL: 
                SELECT
                    r.id,
                    r.user_id,
                    r.token_id,
                    r.name,
                    r.strategy_name,
                    r.strategy_params,
                    r.account_id,
                    r.max_position_size,
                    r.max_daily_loss,
                    r.max_trades_per_day,
                    t.token
                FROM ganaly.trading_robots r
                         JOIN ganaly.api_tokens t ON r.token_id = t.id
                WHERE r.is_active = 1
                  AND r.status = 'active'
                  AND r.robot_type = 'trading'
                  AND t.is_active = 1                 ]
(Background on this error at: https://sqlalche.me/e/20/f405)
2026-03-16 18:28:31.959 | INFO     | [SYSTEM:SCHEDULER] 🔄 Запуск цикла обновления
2026-03-16 18:28:31.979 | INFO     | [portfolio_updater:scheduler] 🔄 Найдено 1 токенов для обработки
2026-03-16 18:28:31.982 | INFO     | [portfolio_updater:scheduler] ▶️ Запуск робота v1.0.0
2026-03-16 18:28:31.982 | INFO     | [portfolio_updater:scheduler]    User ID: 1, Token ID: 15
2026-03-16 18:28:32.013 | INFO     | [portfolio_updater:scheduler]    Запись в БД: ID 315
2026-03-16 18:28:32.013 | INFO     | [portfolio_updater:scheduler] 🚀 Начало работы для токена 15
2026-03-16 18:28:32.043 | INFO     | [portfolio_updater:scheduler] Токен 15: прошло 1.0 мин, интервал 1 мин
2026-03-16 18:28:32.043 | INFO     | [portfolio_updater:scheduler] 🔌 Подключение к T-Invest API...
2026-03-16 18:28:32.043 | INFO     | [portfolio_updater:scheduler] 📋 Запрос списка счетов...
2026-03-16 18:28:32.090 | INFO     | [portfolio_updater:scheduler] 📊 Найдено счетов: 6
2026-03-16 18:28:32.092 | INFO     | [portfolio_updater:scheduler]   → Счет 2004129678 (Брокерский счёт)
2026-03-16 18:28:32.257 | INFO     | [portfolio_updater:scheduler]     ✓ Снимок сохранен (ID: 1922)
2026-03-16 18:28:32.258 | INFO     | [portfolio_updater:scheduler]   → Счет 2294878624 (Pinkin)
2026-03-16 18:28:32.419 | INFO     | [portfolio_updater:scheduler]     ✓ Снимок сохранен (ID: 1923)
2026-03-16 18:28:32.419 | INFO     | [portfolio_updater:scheduler]   → Счет 2294881404 (Анти-мейнстрим Aggressive)
2026-03-16 18:28:32.579 | INFO     | [portfolio_updater:scheduler]     ✓ Снимок сохранен (ID: 1924)
2026-03-16 18:28:32.579 | INFO     | [portfolio_updater:scheduler]   → Счет 2310550801 (Активное инвестирование)
2026-03-16 18:28:32.821 | INFO     | [portfolio_updater:scheduler]     ✓ Снимок сохранен (ID: 1925)
2026-03-16 18:28:32.821 | INFO     | [portfolio_updater:scheduler]   → Счет 2310571252 (Стратегия роста РФ)
2026-03-16 18:28:33.025 | INFO     | [portfolio_updater:scheduler]     ✓ Снимок сохранен (ID: 1926)
2026-03-16 18:28:33.025 | INFO     | [portfolio_updater:scheduler]   → Счет 2311961700 (Народная Кубышка)
2026-03-16 18:28:33.205 | INFO     | [portfolio_updater:scheduler]     ✓ Снимок сохранен (ID: 1927)
2026-03-16 18:28:33.226 | INFO     | [portfolio_updater:scheduler] ✅ Работа завершена. Обновлено счетов: 6, снимков: 6
2026-03-16 18:28:33.226 | INFO     | [portfolio_updater:scheduler] ✅ Работа завершена за 1244ms
2026-03-16 18:28:33.226 | INFO     | [portfolio_updater:scheduler]    status: success
2026-03-16 18:28:33.226 | INFO     | [portfolio_updater:scheduler]    accounts_found: 6
2026-03-16 18:28:33.226 | INFO     | [portfolio_updater:scheduler]    portfolios_updated: 6
2026-03-16 18:28:33.226 | INFO     | [portfolio_updater:scheduler]    snapshots_saved: 6
2026-03-16 18:28:33.226 | INFO     | [portfolio_updater:scheduler]    refresh_interval_minutes: 1
2026-03-16 18:28:33.252 | INFO     | [portfolio_updater:scheduler] 📊 Итоги: всего=1, обработано=1, пропущено=0, ошибок=0
2026-03-16 18:28:33.252 | INFO     | [SYSTEM:SCHEDULER] 📊 Портфели: {'total': 1, 'processed': 1, 'skipped': 0, 'errors': []}
2026-03-16 18:28:33.259 | ERROR    | [SYSTEM:SCHEDULER] ❌ Ошибка в цикле: (psycopg2.errors.UndefinedColumn) column r.max_position_size does not exist
LINE 10:                     r.max_position_size,
                             ^

[SQL: 
                SELECT
                    r.id,
                    r.user_id,
                    r.token_id,
                    r.name,
                    r.strategy_name,
                    r.strategy_params,
                    r.account_id,
                    r.max_position_size,
                    r.max_daily_loss,
                    r.max_trades_per_day,
                    t.token
                FROM ganaly.trading_robots r
                         JOIN ganaly.api_tokens t ON r.token_id = t.id
                WHERE r.is_active = 1
                  AND r.status = 'active'
                  AND r.robot_type = 'trading'
                  AND t.is_active = 1                 ]
(Background on this error at: https://sqlalche.me/e/20/f405)
2026-03-16 18:29:33.270 | INFO     | [SYSTEM:SCHEDULER] 🔄 Запуск цикла обновления
2026-03-16 18:29:33.289 | INFO     | [portfolio_updater:scheduler] 🔄 Найдено 1 токенов для обработки
2026-03-16 18:29:33.289 | INFO     | [portfolio_updater:scheduler] ▶️ Запуск робота v1.0.0
2026-03-16 18:29:33.289 | INFO     | [portfolio_updater:scheduler]    User ID: 1, Token ID: 15
2026-03-16 18:29:33.323 | INFO     | [portfolio_updater:scheduler]    Запись в БД: ID 316
2026-03-16 18:29:33.323 | INFO     | [portfolio_updater:scheduler] 🚀 Начало работы для токена 15
2026-03-16 18:29:33.339 | INFO     | [portfolio_updater:scheduler] Токен 15: прошло 1.0 мин, интервал 1 мин
2026-03-16 18:29:33.339 | INFO     | [portfolio_updater:scheduler] 🔌 Подключение к T-Invest API...
2026-03-16 18:29:33.339 | INFO     | [portfolio_updater:scheduler] 📋 Запрос списка счетов...
2026-03-16 18:29:33.419 | INFO     | [portfolio_updater:scheduler] 📊 Найдено счетов: 6
2026-03-16 18:29:33.419 | INFO     | [portfolio_updater:scheduler]   → Счет 2004129678 (Брокерский счёт)
2026-03-16 18:29:33.669 | INFO     | [portfolio_updater:scheduler]     ✓ Снимок сохранен (ID: 1928)
2026-03-16 18:29:33.669 | INFO     | [portfolio_updater:scheduler]   → Счет 2294878624 (Pinkin)
2026-03-16 18:29:33.844 | INFO     | [portfolio_updater:scheduler]     ✓ Снимок сохранен (ID: 1929)
2026-03-16 18:29:33.844 | INFO     | [portfolio_updater:scheduler]   → Счет 2294881404 (Анти-мейнстрим Aggressive)
2026-03-16 18:29:33.999 | INFO     | [portfolio_updater:scheduler]     ✓ Снимок сохранен (ID: 1930)
2026-03-16 18:29:33.999 | INFO     | [portfolio_updater:scheduler]   → Счет 2310550801 (Активное инвестирование)
2026-03-16 18:29:34.224 | INFO     | [portfolio_updater:scheduler]     ✓ Снимок сохранен (ID: 1931)
2026-03-16 18:29:34.224 | INFO     | [portfolio_updater:scheduler]   → Счет 2310571252 (Стратегия роста РФ)
2026-03-16 18:29:34.429 | INFO     | [portfolio_updater:scheduler]     ✓ Снимок сохранен (ID: 1932)
2026-03-16 18:29:34.433 | INFO     | [portfolio_updater:scheduler]   → Счет 2311961700 (Народная Кубышка)
2026-03-16 18:29:34.609 | INFO     | [portfolio_updater:scheduler]     ✓ Снимок сохранен (ID: 1933)
2026-03-16 18:29:34.631 | INFO     | [portfolio_updater:scheduler] ✅ Работа завершена. Обновлено счетов: 6, снимков: 6
2026-03-16 18:29:34.631 | INFO     | [portfolio_updater:scheduler] ✅ Работа завершена за 1342ms
2026-03-16 18:29:34.631 | INFO     | [portfolio_updater:scheduler]    status: success
2026-03-16 18:29:34.631 | INFO     | [portfolio_updater:scheduler]    accounts_found: 6
2026-03-16 18:29:34.631 | INFO     | [portfolio_updater:scheduler]    portfolios_updated: 6
2026-03-16 18:29:34.631 | INFO     | [portfolio_updater:scheduler]    snapshots_saved: 6
2026-03-16 18:29:34.631 | INFO     | [portfolio_updater:scheduler]    refresh_interval_minutes: 1
2026-03-16 18:29:34.660 | INFO     | [portfolio_updater:scheduler] 📊 Итоги: всего=1, обработано=1, пропущено=0, ошибок=0
2026-03-16 18:29:34.660 | INFO     | [SYSTEM:SCHEDULER] 📊 Портфели: {'total': 1, 'processed': 1, 'skipped': 0, 'errors': []}
2026-03-16 18:29:34.672 | ERROR    | [SYSTEM:SCHEDULER] ❌ Ошибка в цикле: (psycopg2.errors.UndefinedColumn) column r.max_position_size does not exist
LINE 10:                     r.max_position_size,
                             ^

[SQL: 
                SELECT
                    r.id,
                    r.user_id,
                    r.token_id,
                    r.name,
                    r.strategy_name,
                    r.strategy_params,
                    r.account_id,
                    r.max_position_size,
                    r.max_daily_loss,
                    r.max_trades_per_day,
                    t.token
                FROM ganaly.trading_robots r
                         JOIN ganaly.api_tokens t ON r.token_id = t.id
                WHERE r.is_active = 1
                  AND r.status = 'active'
                  AND r.robot_type = 'trading'
                  AND t.is_active = 1                 ]
(Background on this error at: https://sqlalche.me/e/20/f405)
2026-03-16 18:30:34.681 | INFO     | [SYSTEM:SCHEDULER] 🔄 Запуск цикла обновления
2026-03-16 18:30:34.711 | INFO     | [portfolio_updater:scheduler] 🔄 Найдено 1 токенов для обработки
2026-03-16 18:30:34.711 | INFO     | [portfolio_updater:scheduler] ▶️ Запуск робота v1.0.0
2026-03-16 18:30:34.711 | INFO     | [portfolio_updater:scheduler]    User ID: 1, Token ID: 15
2026-03-16 18:30:34.740 | INFO     | [portfolio_updater:scheduler]    Запись в БД: ID 317
2026-03-16 18:30:34.740 | INFO     | [portfolio_updater:scheduler] 🚀 Начало работы для токена 15
2026-03-16 18:30:34.759 | INFO     | [portfolio_updater:scheduler] Токен 15: прошло 1.0 мин, интервал 1 мин
2026-03-16 18:30:34.759 | INFO     | [portfolio_updater:scheduler] 🔌 Подключение к T-Invest API...
2026-03-16 18:30:34.759 | INFO     | [portfolio_updater:scheduler] 📋 Запрос списка счетов...
2026-03-16 18:30:34.825 | INFO     | [portfolio_updater:scheduler] 📊 Найдено счетов: 6
2026-03-16 18:30:34.825 | INFO     | [portfolio_updater:scheduler]   → Счет 2004129678 (Брокерский счёт)
2026-03-16 18:30:35.082 | INFO     | [portfolio_updater:scheduler]     ✓ Снимок сохранен (ID: 1934)
2026-03-16 18:30:35.082 | INFO     | [portfolio_updater:scheduler]   → Счет 2294878624 (Pinkin)
2026-03-16 18:30:35.222 | INFO     | [portfolio_updater:scheduler]     ✓ Снимок сохранен (ID: 1935)
2026-03-16 18:30:35.222 | INFO     | [portfolio_updater:scheduler]   → Счет 2294881404 (Анти-мейнстрим Aggressive)
2026-03-16 18:30:35.374 | INFO     | [portfolio_updater:scheduler]     ✓ Снимок сохранен (ID: 1936)
2026-03-16 18:30:35.374 | INFO     | [portfolio_updater:scheduler]   → Счет 2310550801 (Активное инвестирование)
2026-03-16 18:30:35.609 | INFO     | [portfolio_updater:scheduler]     ✓ Снимок сохранен (ID: 1937)
2026-03-16 18:30:35.609 | INFO     | [portfolio_updater:scheduler]   → Счет 2310571252 (Стратегия роста РФ)
2026-03-16 18:30:35.823 | INFO     | [portfolio_updater:scheduler]     ✓ Снимок сохранен (ID: 1938)
2026-03-16 18:30:35.823 | INFO     | [portfolio_updater:scheduler]   → Счет 2311961700 (Народная Кубышка)
2026-03-16 18:30:36.020 | INFO     | [portfolio_updater:scheduler]     ✓ Снимок сохранен (ID: 1939)
2026-03-16 18:30:36.040 | INFO     | [portfolio_updater:scheduler] ✅ Работа завершена. Обновлено счетов: 6, снимков: 6
2026-03-16 18:30:36.040 | INFO     | [portfolio_updater:scheduler] ✅ Работа завершена за 1329ms
2026-03-16 18:30:36.040 | INFO     | [portfolio_updater:scheduler]    status: success
2026-03-16 18:30:36.040 | INFO     | [portfolio_updater:scheduler]    accounts_found: 6
2026-03-16 18:30:36.040 | INFO     | [portfolio_updater:scheduler]    portfolios_updated: 6
2026-03-16 18:30:36.040 | INFO     | [portfolio_updater:scheduler]    snapshots_saved: 6
2026-03-16 18:30:36.040 | INFO     | [portfolio_updater:scheduler]    refresh_interval_minutes: 1
2026-03-16 18:30:36.064 | INFO     | [portfolio_updater:scheduler] 📊 Итоги: всего=1, обработано=1, пропущено=0, ошибок=0
2026-03-16 18:30:36.064 | INFO     | [SYSTEM:SCHEDULER] 📊 Портфели: {'total': 1, 'processed': 1, 'skipped': 0, 'errors': []}
2026-03-16 18:30:36.073 | ERROR    | [SYSTEM:SCHEDULER] ❌ Ошибка в цикле: (psycopg2.errors.UndefinedColumn) column r.max_position_size does not exist
LINE 10:                     r.max_position_size,
                             ^

[SQL: 
                SELECT
                    r.id,
                    r.user_id,
                    r.token_id,
                    r.name,
                    r.strategy_name,
                    r.strategy_params,
                    r.account_id,
                    r.max_position_size,
                    r.max_daily_loss,
                    r.max_trades_per_day,
                    t.token
                FROM ganaly.trading_robots r
                         JOIN ganaly.api_tokens t ON r.token_id = t.id
                WHERE r.is_active = 1
                  AND r.status = 'active'
                  AND r.robot_type = 'trading'
                  AND t.is_active = 1                 ]
(Background on this error at: https://sqlalche.me/e/20/f405)
2026-03-16 18:31:36.090 | INFO     | [SYSTEM:SCHEDULER] 🔄 Запуск цикла обновления
2026-03-16 18:31:36.111 | INFO     | [portfolio_updater:scheduler] 🔄 Найдено 1 токенов для обработки
2026-03-16 18:31:36.111 | INFO     | [portfolio_updater:scheduler] ▶️ Запуск робота v1.0.0
2026-03-16 18:31:36.111 | INFO     | [portfolio_updater:scheduler]    User ID: 1, Token ID: 15
2026-03-16 18:31:36.139 | INFO     | [portfolio_updater:scheduler]    Запись в БД: ID 318
2026-03-16 18:31:36.139 | INFO     | [portfolio_updater:scheduler] 🚀 Начало работы для токена 15
2026-03-16 18:31:36.155 | INFO     | [portfolio_updater:scheduler] Токен 15: прошло 1.0 мин, интервал 1 мин
2026-03-16 18:31:36.155 | INFO     | [portfolio_updater:scheduler] 🔌 Подключение к T-Invest API...
2026-03-16 18:31:36.155 | INFO     | [portfolio_updater:scheduler] 📋 Запрос списка счетов...
2026-03-16 18:31:36.202 | INFO     | [portfolio_updater:scheduler] 📊 Найдено счетов: 6
2026-03-16 18:31:36.202 | INFO     | [portfolio_updater:scheduler]   → Счет 2004129678 (Брокерский счёт)
2026-03-16 18:31:36.358 | INFO     | [portfolio_updater:scheduler]     ✓ Снимок сохранен (ID: 1940)
2026-03-16 18:31:36.358 | INFO     | [portfolio_updater:scheduler]   → Счет 2294878624 (Pinkin)
2026-03-16 18:31:36.530 | INFO     | [portfolio_updater:scheduler]     ✓ Снимок сохранен (ID: 1941)
2026-03-16 18:31:36.530 | INFO     | [portfolio_updater:scheduler]   → Счет 2294881404 (Анти-мейнстрим Aggressive)
2026-03-16 18:31:36.691 | INFO     | [portfolio_updater:scheduler]     ✓ Снимок сохранен (ID: 1942)
2026-03-16 18:31:36.691 | INFO     | [portfolio_updater:scheduler]   → Счет 2310550801 (Активное инвестирование)
2026-03-16 18:31:36.934 | INFO     | [portfolio_updater:scheduler]     ✓ Снимок сохранен (ID: 1943)
2026-03-16 18:31:36.934 | INFO     | [portfolio_updater:scheduler]   → Счет 2310571252 (Стратегия роста РФ)
2026-03-16 18:31:37.122 | INFO     | [portfolio_updater:scheduler]     ✓ Снимок сохранен (ID: 1944)
2026-03-16 18:31:37.122 | INFO     | [portfolio_updater:scheduler]   → Счет 2311961700 (Народная Кубышка)
2026-03-16 18:31:37.285 | INFO     | [portfolio_updater:scheduler]     ✓ Снимок сохранен (ID: 1945)
2026-03-16 18:31:37.305 | INFO     | [portfolio_updater:scheduler] ✅ Работа завершена. Обновлено счетов: 6, снимков: 6
2026-03-16 18:31:37.305 | INFO     | [portfolio_updater:scheduler] ✅ Работа завершена за 1194ms
2026-03-16 18:31:37.305 | INFO     | [portfolio_updater:scheduler]    status: success
2026-03-16 18:31:37.305 | INFO     | [portfolio_updater:scheduler]    accounts_found: 6
2026-03-16 18:31:37.305 | INFO     | [portfolio_updater:scheduler]    portfolios_updated: 6
2026-03-16 18:31:37.305 | INFO     | [portfolio_updater:scheduler]    snapshots_saved: 6
2026-03-16 18:31:37.307 | INFO     | [portfolio_updater:scheduler]    refresh_interval_minutes: 1
2026-03-16 18:31:37.327 | INFO     | [portfolio_updater:scheduler] 📊 Итоги: всего=1, обработано=1, пропущено=0, ошибок=0
2026-03-16 18:31:37.327 | INFO     | [SYSTEM:SCHEDULER] 📊 Портфели: {'total': 1, 'processed': 1, 'skipped': 0, 'errors': []}
2026-03-16 18:31:37.333 | ERROR    | [SYSTEM:SCHEDULER] ❌ Ошибка в цикле: (psycopg2.errors.UndefinedColumn) column r.max_position_size does not exist
LINE 10:                     r.max_position_size,
                             ^

[SQL: 
                SELECT
                    r.id,
                    r.user_id,
                    r.token_id,
                    r.name,
                    r.strategy_name,
                    r.strategy_params,
                    r.account_id,
                    r.max_position_size,
                    r.max_daily_loss,
                    r.max_trades_per_day,
                    t.token
                FROM ganaly.trading_robots r
                         JOIN ganaly.api_tokens t ON r.token_id = t.id
                WHERE r.is_active = 1
                  AND r.status = 'active'
                  AND r.robot_type = 'trading'
                  AND t.is_active = 1                 ]
(Background on this error at: https://sqlalche.me/e/20/f405)
2026-03-16 18:32:37.324 | INFO     | [SYSTEM:SCHEDULER] 🔄 Запуск цикла обновления
2026-03-16 18:32:37.339 | INFO     | [portfolio_updater:scheduler] 🔄 Найдено 1 токенов для обработки
2026-03-16 18:32:37.339 | INFO     | [portfolio_updater:scheduler] ▶️ Запуск робота v1.0.0
2026-03-16 18:32:37.339 | INFO     | [portfolio_updater:scheduler]    User ID: 1, Token ID: 15
2026-03-16 18:32:37.364 | INFO     | [portfolio_updater:scheduler]    Запись в БД: ID 319
2026-03-16 18:32:37.364 | INFO     | [portfolio_updater:scheduler] 🚀 Начало работы для токена 15
2026-03-16 18:32:37.379 | INFO     | [portfolio_updater:scheduler] Токен 15: прошло 1.0 мин, интервал 1 мин
2026-03-16 18:32:37.379 | INFO     | [portfolio_updater:scheduler] 🔌 Подключение к T-Invest API...
2026-03-16 18:32:37.379 | INFO     | [portfolio_updater:scheduler] 📋 Запрос списка счетов...
2026-03-16 18:32:37.443 | INFO     | [portfolio_updater:scheduler] 📊 Найдено счетов: 6
2026-03-16 18:32:37.443 | INFO     | [portfolio_updater:scheduler]   → Счет 2004129678 (Брокерский счёт)
2026-03-16 18:32:37.632 | INFO     | [portfolio_updater:scheduler]     ✓ Снимок сохранен (ID: 1946)
2026-03-16 18:32:37.632 | INFO     | [portfolio_updater:scheduler]   → Счет 2294878624 (Pinkin)
2026-03-16 18:32:37.786 | INFO     | [portfolio_updater:scheduler]     ✓ Снимок сохранен (ID: 1947)
2026-03-16 18:32:37.786 | INFO     | [portfolio_updater:scheduler]   → Счет 2294881404 (Анти-мейнстрим Aggressive)
2026-03-16 18:32:37.931 | INFO     | [portfolio_updater:scheduler]     ✓ Снимок сохранен (ID: 1948)
2026-03-16 18:32:37.931 | INFO     | [portfolio_updater:scheduler]   → Счет 2310550801 (Активное инвестирование)
2026-03-16 18:32:38.161 | INFO     | [portfolio_updater:scheduler]     ✓ Снимок сохранен (ID: 1949)
2026-03-16 18:32:38.161 | INFO     | [portfolio_updater:scheduler]   → Счет 2310571252 (Стратегия роста РФ)
2026-03-16 18:32:38.569 | INFO     | [portfolio_updater:scheduler]     ✓ Снимок сохранен (ID: 1950)
2026-03-16 18:32:38.569 | INFO     | [portfolio_updater:scheduler]   → Счет 2311961700 (Народная Кубышка)
2026-03-16 18:32:38.766 | INFO     | [portfolio_updater:scheduler]     ✓ Снимок сохранен (ID: 1951)
2026-03-16 18:32:38.795 | INFO     | [portfolio_updater:scheduler] ✅ Работа завершена. Обновлено счетов: 6, снимков: 6
2026-03-16 18:32:38.795 | INFO     | [portfolio_updater:scheduler] ✅ Работа завершена за 1456ms
2026-03-16 18:32:38.796 | INFO     | [portfolio_updater:scheduler]    status: success
2026-03-16 18:32:38.796 | INFO     | [portfolio_updater:scheduler]    accounts_found: 6
2026-03-16 18:32:38.796 | INFO     | [portfolio_updater:scheduler]    portfolios_updated: 6
2026-03-16 18:32:38.796 | INFO     | [portfolio_updater:scheduler]    snapshots_saved: 6
2026-03-16 18:32:38.796 | INFO     | [portfolio_updater:scheduler]    refresh_interval_minutes: 1
2026-03-16 18:32:38.825 | INFO     | [portfolio_updater:scheduler] 📊 Итоги: всего=1, обработано=1, пропущено=0, ошибок=0
2026-03-16 18:32:38.825 | INFO     | [SYSTEM:SCHEDULER] 📊 Портфели: {'total': 1, 'processed': 1, 'skipped': 0, 'errors': []}
2026-03-16 18:32:38.831 | ERROR    | [SYSTEM:SCHEDULER] ❌ Ошибка в цикле: (psycopg2.errors.UndefinedColumn) column r.max_position_size does not exist
LINE 10:                     r.max_position_size,
                             ^

[SQL: 
                SELECT
                    r.id,
                    r.user_id,
                    r.token_id,
                    r.name,
                    r.strategy_name,
                    r.strategy_params,
                    r.account_id,
                    r.max_position_size,
                    r.max_daily_loss,
                    r.max_trades_per_day,
                    t.token
                FROM ganaly.trading_robots r
                         JOIN ganaly.api_tokens t ON r.token_id = t.id
                WHERE r.is_active = 1
                  AND r.status = 'active'
                  AND r.robot_type = 'trading'
                  AND t.is_active = 1                 ]
(Background on this error at: https://sqlalche.me/e/20/f405)
2026-03-16 18:33:38.847 | INFO     | [SYSTEM:SCHEDULER] 🔄 Запуск цикла обновления
2026-03-16 18:33:38.859 | INFO     | [portfolio_updater:scheduler] 🔄 Найдено 1 токенов для обработки
2026-03-16 18:33:38.859 | INFO     | [portfolio_updater:scheduler] ▶️ Запуск робота v1.0.0
2026-03-16 18:33:38.859 | INFO     | [portfolio_updater:scheduler]    User ID: 1, Token ID: 15
2026-03-16 18:33:38.879 | INFO     | [portfolio_updater:scheduler]    Запись в БД: ID 320
2026-03-16 18:33:38.879 | INFO     | [portfolio_updater:scheduler] 🚀 Начало работы для токена 15
2026-03-16 18:33:38.889 | INFO     | [portfolio_updater:scheduler] Токен 15: прошло 1.0 мин, интервал 1 мин
2026-03-16 18:33:38.889 | INFO     | [portfolio_updater:scheduler] 🔌 Подключение к T-Invest API...
2026-03-16 18:33:38.889 | INFO     | [portfolio_updater:scheduler] 📋 Запрос списка счетов...
2026-03-16 18:33:38.964 | INFO     | [portfolio_updater:scheduler] 📊 Найдено счетов: 6
2026-03-16 18:33:38.964 | INFO     | [portfolio_updater:scheduler]   → Счет 2004129678 (Брокерский счёт)
2026-03-16 18:33:39.131 | INFO     | [portfolio_updater:scheduler]     ✓ Снимок сохранен (ID: 1952)
2026-03-16 18:33:39.131 | INFO     | [portfolio_updater:scheduler]   → Счет 2294878624 (Pinkin)
2026-03-16 18:33:39.335 | INFO     | [portfolio_updater:scheduler]     ✓ Снимок сохранен (ID: 1953)
2026-03-16 18:33:39.335 | INFO     | [portfolio_updater:scheduler]   → Счет 2294881404 (Анти-мейнстрим Aggressive)
2026-03-16 18:33:39.604 | INFO     | [portfolio_updater:scheduler]     ✓ Снимок сохранен (ID: 1954)
2026-03-16 18:33:39.604 | INFO     | [portfolio_updater:scheduler]   → Счет 2310550801 (Активное инвестирование)
2026-03-16 18:33:39.873 | INFO     | [portfolio_updater:scheduler]     ✓ Снимок сохранен (ID: 1955)
2026-03-16 18:33:39.874 | INFO     | [portfolio_updater:scheduler]   → Счет 2310571252 (Стратегия роста РФ)
2026-03-16 18:33:40.069 | INFO     | [portfolio_updater:scheduler]     ✓ Снимок сохранен (ID: 1956)
2026-03-16 18:33:40.069 | INFO     | [portfolio_updater:scheduler]   → Счет 2311961700 (Народная Кубышка)
2026-03-16 18:33:40.225 | INFO     | [portfolio_updater:scheduler]     ✓ Снимок сохранен (ID: 1957)
2026-03-16 18:33:40.242 | INFO     | [portfolio_updater:scheduler] ✅ Работа завершена. Обновлено счетов: 6, снимков: 6
2026-03-16 18:33:40.243 | INFO     | [portfolio_updater:scheduler] ✅ Работа завершена за 1384ms
2026-03-16 18:33:40.243 | INFO     | [portfolio_updater:scheduler]    status: success
2026-03-16 18:33:40.243 | INFO     | [portfolio_updater:scheduler]    accounts_found: 6
2026-03-16 18:33:40.243 | INFO     | [portfolio_updater:scheduler]    portfolios_updated: 6
2026-03-16 18:33:40.243 | INFO     | [portfolio_updater:scheduler]    snapshots_saved: 6
2026-03-16 18:33:40.243 | INFO     | [portfolio_updater:scheduler]    refresh_interval_minutes: 1
2026-03-16 18:33:40.259 | INFO     | [portfolio_updater:scheduler] 📊 Итоги: всего=1, обработано=1, пропущено=0, ошибок=0
2026-03-16 18:33:40.259 | INFO     | [SYSTEM:SCHEDULER] 📊 Портфели: {'total': 1, 'processed': 1, 'skipped': 0, 'errors': []}
2026-03-16 18:33:40.269 | ERROR    | [SYSTEM:SCHEDULER] ❌ Ошибка в цикле: (psycopg2.errors.UndefinedColumn) column r.max_position_size does not exist
LINE 10:                     r.max_position_size,
                             ^

[SQL: 
                SELECT
                    r.id,
                    r.user_id,
                    r.token_id,
                    r.name,
                    r.strategy_name,
                    r.strategy_params,
                    r.account_id,
                    r.max_position_size,
                    r.max_daily_loss,
                    r.max_trades_per_day,
                    t.token
                FROM ganaly.trading_robots r
                         JOIN ganaly.api_tokens t ON r.token_id = t.id
                WHERE r.is_active = 1
                  AND r.status = 'active'
                  AND r.robot_type = 'trading'
                  AND t.is_active = 1                 ]
(Background on this error at: https://sqlalche.me/e/20/f405)
2026-03-16 18:34:40.277 | INFO     | [SYSTEM:SCHEDULER] 🔄 Запуск цикла обновления
2026-03-16 18:34:40.299 | INFO     | [portfolio_updater:scheduler] 🔄 Найдено 1 токенов для обработки
2026-03-16 18:34:40.299 | INFO     | [portfolio_updater:scheduler] ▶️ Запуск робота v1.0.0
2026-03-16 18:34:40.306 | INFO     | [portfolio_updater:scheduler]    User ID: 1, Token ID: 15
2026-03-16 18:34:40.329 | INFO     | [portfolio_updater:scheduler]    Запись в БД: ID 321
2026-03-16 18:34:40.329 | INFO     | [portfolio_updater:scheduler] 🚀 Начало работы для токена 15
2026-03-16 18:34:40.349 | INFO     | [portfolio_updater:scheduler] Токен 15: прошло 1.0 мин, интервал 1 мин
2026-03-16 18:34:40.349 | INFO     | [portfolio_updater:scheduler] 🔌 Подключение к T-Invest API...
2026-03-16 18:34:40.349 | INFO     | [portfolio_updater:scheduler] 📋 Запрос списка счетов...
2026-03-16 18:34:40.421 | INFO     | [portfolio_updater:scheduler] 📊 Найдено счетов: 6
2026-03-16 18:34:40.421 | INFO     | [portfolio_updater:scheduler]   → Счет 2004129678 (Брокерский счёт)
2026-03-16 18:34:40.570 | INFO     | [portfolio_updater:scheduler]     ✓ Снимок сохранен (ID: 1958)
2026-03-16 18:34:40.570 | INFO     | [portfolio_updater:scheduler]   → Счет 2294878624 (Pinkin)
2026-03-16 18:34:40.719 | INFO     | [portfolio_updater:scheduler]     ✓ Снимок сохранен (ID: 1959)
2026-03-16 18:34:40.719 | INFO     | [portfolio_updater:scheduler]   → Счет 2294881404 (Анти-мейнстрим Aggressive)
2026-03-16 18:34:40.859 | INFO     | [portfolio_updater:scheduler]     ✓ Снимок сохранен (ID: 1960)
2026-03-16 18:34:40.861 | INFO     | [portfolio_updater:scheduler]   → Счет 2310550801 (Активное инвестирование)
2026-03-16 18:34:41.096 | INFO     | [portfolio_updater:scheduler]     ✓ Снимок сохранен (ID: 1961)
2026-03-16 18:34:41.096 | INFO     | [portfolio_updater:scheduler]   → Счет 2310571252 (Стратегия роста РФ)
2026-03-16 18:34:41.493 | INFO     | [portfolio_updater:scheduler]     ✓ Снимок сохранен (ID: 1962)
2026-03-16 18:34:41.493 | INFO     | [portfolio_updater:scheduler]   → Счет 2311961700 (Народная Кубышка)
2026-03-16 18:34:41.644 | INFO     | [portfolio_updater:scheduler]     ✓ Снимок сохранен (ID: 1963)
2026-03-16 18:34:41.665 | INFO     | [portfolio_updater:scheduler] ✅ Работа завершена. Обновлено счетов: 6, снимков: 6
2026-03-16 18:34:41.665 | INFO     | [portfolio_updater:scheduler] ✅ Работа завершена за 1365ms
2026-03-16 18:34:41.665 | INFO     | [portfolio_updater:scheduler]    status: success
2026-03-16 18:34:41.665 | INFO     | [portfolio_updater:scheduler]    accounts_found: 6
2026-03-16 18:34:41.665 | INFO     | [portfolio_updater:scheduler]    portfolios_updated: 6
2026-03-16 18:34:41.665 | INFO     | [portfolio_updater:scheduler]    snapshots_saved: 6
2026-03-16 18:34:41.665 | INFO     | [portfolio_updater:scheduler]    refresh_interval_minutes: 1
2026-03-16 18:34:41.682 | INFO     | [portfolio_updater:scheduler] 📊 Итоги: всего=1, обработано=1, пропущено=0, ошибок=0
2026-03-16 18:34:41.682 | INFO     | [SYSTEM:SCHEDULER] 📊 Портфели: {'total': 1, 'processed': 1, 'skipped': 0, 'errors': []}
2026-03-16 18:34:41.689 | ERROR    | [SYSTEM:SCHEDULER] ❌ Ошибка в цикле: (psycopg2.errors.UndefinedColumn) column r.max_position_size does not exist
LINE 10:                     r.max_position_size,
                             ^

[SQL: 
                SELECT
                    r.id,
                    r.user_id,
                    r.token_id,
                    r.name,
                    r.strategy_name,
                    r.strategy_params,
                    r.account_id,
                    r.max_position_size,
                    r.max_daily_loss,
                    r.max_trades_per_day,
                    t.token
                FROM ganaly.trading_robots r
                         JOIN ganaly.api_tokens t ON r.token_id = t.id
                WHERE r.is_active = 1
                  AND r.status = 'active'
                  AND r.robot_type = 'trading'
                  AND t.is_active = 1                 ]
(Background on this error at: https://sqlalche.me/e/20/f405)
2026-03-16 18:35:41.679 | INFO     | [SYSTEM:SCHEDULER] 🔄 Запуск цикла обновления
2026-03-16 18:35:41.697 | INFO     | [portfolio_updater:scheduler] 🔄 Найдено 1 токенов для обработки
2026-03-16 18:35:41.697 | INFO     | [portfolio_updater:scheduler] ▶️ Запуск робота v1.0.0
2026-03-16 18:35:41.697 | INFO     | [portfolio_updater:scheduler]    User ID: 1, Token ID: 15
2026-03-16 18:35:41.719 | INFO     | [portfolio_updater:scheduler]    Запись в БД: ID 322
2026-03-16 18:35:41.719 | INFO     | [portfolio_updater:scheduler] 🚀 Начало работы для токена 15
2026-03-16 18:35:41.733 | INFO     | [portfolio_updater:scheduler] Токен 15: прошло 1.0 мин, интервал 1 мин
2026-03-16 18:35:41.733 | INFO     | [portfolio_updater:scheduler] 🔌 Подключение к T-Invest API...
2026-03-16 18:35:41.734 | INFO     | [portfolio_updater:scheduler] 📋 Запрос списка счетов...
2026-03-16 18:35:41.786 | INFO     | [portfolio_updater:scheduler] 📊 Найдено счетов: 6
2026-03-16 18:35:41.787 | INFO     | [portfolio_updater:scheduler]   → Счет 2004129678 (Брокерский счёт)
2026-03-16 18:35:42.059 | INFO     | [portfolio_updater:scheduler]     ✓ Снимок сохранен (ID: 1964)
2026-03-16 18:35:42.059 | INFO     | [portfolio_updater:scheduler]   → Счет 2294878624 (Pinkin)
2026-03-16 18:35:42.204 | INFO     | [portfolio_updater:scheduler]     ✓ Снимок сохранен (ID: 1965)
2026-03-16 18:35:42.204 | INFO     | [portfolio_updater:scheduler]   → Счет 2294881404 (Анти-мейнстрим Aggressive)
2026-03-16 18:35:42.339 | INFO     | [portfolio_updater:scheduler]     ✓ Снимок сохранен (ID: 1966)
2026-03-16 18:35:42.344 | INFO     | [portfolio_updater:scheduler]   → Счет 2310550801 (Активное инвестирование)
2026-03-16 18:35:42.623 | INFO     | [portfolio_updater:scheduler]     ✓ Снимок сохранен (ID: 1967)
2026-03-16 18:35:42.623 | INFO     | [portfolio_updater:scheduler]   → Счет 2310571252 (Стратегия роста РФ)
2026-03-16 18:35:42.809 | INFO     | [portfolio_updater:scheduler]     ✓ Снимок сохранен (ID: 1968)
2026-03-16 18:35:42.809 | INFO     | [portfolio_updater:scheduler]   → Счет 2311961700 (Народная Кубышка)
2026-03-16 18:35:42.986 | INFO     | [portfolio_updater:scheduler]     ✓ Снимок сохранен (ID: 1969)
2026-03-16 18:35:43.015 | INFO     | [portfolio_updater:scheduler] ✅ Работа завершена. Обновлено счетов: 6, снимков: 6
2026-03-16 18:35:43.015 | INFO     | [portfolio_updater:scheduler] ✅ Работа завершена за 1318ms
2026-03-16 18:35:43.015 | INFO     | [portfolio_updater:scheduler]    status: success
2026-03-16 18:35:43.015 | INFO     | [portfolio_updater:scheduler]    accounts_found: 6
2026-03-16 18:35:43.015 | INFO     | [portfolio_updater:scheduler]    portfolios_updated: 6
2026-03-16 18:35:43.015 | INFO     | [portfolio_updater:scheduler]    snapshots_saved: 6
2026-03-16 18:35:43.015 | INFO     | [portfolio_updater:scheduler]    refresh_interval_minutes: 1
2026-03-16 18:35:43.035 | INFO     | [portfolio_updater:scheduler] 📊 Итоги: всего=1, обработано=1, пропущено=0, ошибок=0
2026-03-16 18:35:43.035 | INFO     | [SYSTEM:SCHEDULER] 📊 Портфели: {'total': 1, 'processed': 1, 'skipped': 0, 'errors': []}
2026-03-16 18:35:43.039 | ERROR    | [SYSTEM:SCHEDULER] ❌ Ошибка в цикле: (psycopg2.errors.UndefinedColumn) column r.max_position_size does not exist
LINE 10:                     r.max_position_size,
                             ^

[SQL: 
                SELECT
                    r.id,
                    r.user_id,
                    r.token_id,
                    r.name,
                    r.strategy_name,
                    r.strategy_params,
                    r.account_id,
                    r.max_position_size,
                    r.max_daily_loss,
                    r.max_trades_per_day,
                    t.token
                FROM ganaly.trading_robots r
                         JOIN ganaly.api_tokens t ON r.token_id = t.id
                WHERE r.is_active = 1
                  AND r.status = 'active'
                  AND r.robot_type = 'trading'
                  AND t.is_active = 1                 ]
(Background on this error at: https://sqlalche.me/e/20/f405)
2026-03-16 18:36:43.066 | INFO     | [SYSTEM:SCHEDULER] 🔄 Запуск цикла обновления
2026-03-16 18:36:43.089 | INFO     | [portfolio_updater:scheduler] 🔄 Найдено 1 токенов для обработки
2026-03-16 18:36:43.089 | INFO     | [portfolio_updater:scheduler] ▶️ Запуск робота v1.0.0
2026-03-16 18:36:43.089 | INFO     | [portfolio_updater:scheduler]    User ID: 1, Token ID: 15
2026-03-16 18:36:43.119 | INFO     | [portfolio_updater:scheduler]    Запись в БД: ID 323
2026-03-16 18:36:43.119 | INFO     | [portfolio_updater:scheduler] 🚀 Начало работы для токена 15
2026-03-16 18:36:43.135 | INFO     | [portfolio_updater:scheduler] Токен 15: прошло 1.0 мин, интервал 1 мин
2026-03-16 18:36:43.135 | INFO     | [portfolio_updater:scheduler] 🔌 Подключение к T-Invest API...
2026-03-16 18:36:43.135 | INFO     | [portfolio_updater:scheduler] 📋 Запрос списка счетов...
2026-03-16 18:36:43.200 | INFO     | [portfolio_updater:scheduler] 📊 Найдено счетов: 6
2026-03-16 18:36:43.201 | INFO     | [portfolio_updater:scheduler]   → Счет 2004129678 (Брокерский счёт)
2026-03-16 18:36:43.426 | INFO     | [portfolio_updater:scheduler]     ✓ Снимок сохранен (ID: 1970)
2026-03-16 18:36:43.427 | INFO     | [portfolio_updater:scheduler]   → Счет 2294878624 (Pinkin)
2026-03-16 18:36:43.789 | INFO     | [portfolio_updater:scheduler]     ✓ Снимок сохранен (ID: 1971)
2026-03-16 18:36:43.789 | INFO     | [portfolio_updater:scheduler]   → Счет 2294881404 (Анти-мейнстрим Aggressive)
2026-03-16 18:36:43.959 | INFO     | [portfolio_updater:scheduler]     ✓ Снимок сохранен (ID: 1972)
2026-03-16 18:36:43.959 | INFO     | [portfolio_updater:scheduler]   → Счет 2310550801 (Активное инвестирование)
2026-03-16 18:36:44.171 | INFO     | [portfolio_updater:scheduler]     ✓ Снимок сохранен (ID: 1973)
2026-03-16 18:36:44.171 | INFO     | [portfolio_updater:scheduler]   → Счет 2310571252 (Стратегия роста РФ)
2026-03-16 18:36:44.359 | INFO     | [portfolio_updater:scheduler]     ✓ Снимок сохранен (ID: 1974)
2026-03-16 18:36:44.359 | INFO     | [portfolio_updater:scheduler]   → Счет 2311961700 (Народная Кубышка)
2026-03-16 18:36:44.538 | INFO     | [portfolio_updater:scheduler]     ✓ Снимок сохранен (ID: 1975)
2026-03-16 18:36:44.549 | INFO     | [portfolio_updater:scheduler] ✅ Работа завершена. Обновлено счетов: 6, снимков: 6
2026-03-16 18:36:44.549 | INFO     | [portfolio_updater:scheduler] ✅ Работа завершена за 1460ms
2026-03-16 18:36:44.549 | INFO     | [portfolio_updater:scheduler]    status: success
2026-03-16 18:36:44.549 | INFO     | [portfolio_updater:scheduler]    accounts_found: 6
2026-03-16 18:36:44.549 | INFO     | [portfolio_updater:scheduler]    portfolios_updated: 6
2026-03-16 18:36:44.549 | INFO     | [portfolio_updater:scheduler]    snapshots_saved: 6
2026-03-16 18:36:44.549 | INFO     | [portfolio_updater:scheduler]    refresh_interval_minutes: 1
2026-03-16 18:36:44.569 | INFO     | [portfolio_updater:scheduler] 📊 Итоги: всего=1, обработано=1, пропущено=0, ошибок=0
2026-03-16 18:36:44.569 | INFO     | [SYSTEM:SCHEDULER] 📊 Портфели: {'total': 1, 'processed': 1, 'skipped': 0, 'errors': []}
2026-03-16 18:36:44.579 | ERROR    | [SYSTEM:SCHEDULER] ❌ Ошибка в цикле: (psycopg2.errors.UndefinedColumn) column r.max_position_size does not exist
LINE 10:                     r.max_position_size,
                             ^

[SQL: 
                SELECT
                    r.id,
                    r.user_id,
                    r.token_id,
                    r.name,
                    r.strategy_name,
                    r.strategy_params,
                    r.account_id,
                    r.max_position_size,
                    r.max_daily_loss,
                    r.max_trades_per_day,
                    t.token
                FROM ganaly.trading_robots r
                         JOIN ganaly.api_tokens t ON r.token_id = t.id
                WHERE r.is_active = 1
                  AND r.status = 'active'
                  AND r.robot_type = 'trading'
                  AND t.is_active = 1                 ]
(Background on this error at: https://sqlalche.me/e/20/f405)
2026-03-16 18:37:44.599 | INFO     | [SYSTEM:SCHEDULER] 🔄 Запуск цикла обновления
2026-03-16 18:37:44.617 | INFO     | [portfolio_updater:scheduler] 🔄 Найдено 1 токенов для обработки
2026-03-16 18:37:44.617 | INFO     | [portfolio_updater:scheduler] ▶️ Запуск робота v1.0.0
2026-03-16 18:37:44.617 | INFO     | [portfolio_updater:scheduler]    User ID: 1, Token ID: 15
2026-03-16 18:37:44.637 | INFO     | [portfolio_updater:scheduler]    Запись в БД: ID 324
2026-03-16 18:37:44.637 | INFO     | [portfolio_updater:scheduler] 🚀 Начало работы для токена 15
2026-03-16 18:37:44.652 | INFO     | [portfolio_updater:scheduler] Токен 15: прошло 1.0 мин, интервал 1 мин
2026-03-16 18:37:44.652 | INFO     | [portfolio_updater:scheduler] 🔌 Подключение к T-Invest API...
2026-03-16 18:37:44.652 | INFO     | [portfolio_updater:scheduler] 📋 Запрос списка счетов...
2026-03-16 18:37:44.704 | INFO     | [portfolio_updater:scheduler] 📊 Найдено счетов: 6
2026-03-16 18:37:44.704 | INFO     | [portfolio_updater:scheduler]   → Счет 2004129678 (Брокерский счёт)
2026-03-16 18:37:44.839 | INFO     | [portfolio_updater:scheduler]     ✓ Снимок сохранен (ID: 1976)
2026-03-16 18:37:44.839 | INFO     | [portfolio_updater:scheduler]   → Счет 2294878624 (Pinkin)
2026-03-16 18:37:44.997 | INFO     | [portfolio_updater:scheduler]     ✓ Снимок сохранен (ID: 1977)
2026-03-16 18:37:44.997 | INFO     | [portfolio_updater:scheduler]   → Счет 2294881404 (Анти-мейнстрим Aggressive)
2026-03-16 18:37:45.156 | INFO     | [portfolio_updater:scheduler]     ✓ Снимок сохранен (ID: 1978)
2026-03-16 18:37:45.156 | INFO     | [portfolio_updater:scheduler]   → Счет 2310550801 (Активное инвестирование)
2026-03-16 18:37:45.395 | INFO     | [portfolio_updater:scheduler]     ✓ Снимок сохранен (ID: 1979)
2026-03-16 18:37:45.395 | INFO     | [portfolio_updater:scheduler]   → Счет 2310571252 (Стратегия роста РФ)
2026-03-16 18:37:45.591 | INFO     | [portfolio_updater:scheduler]     ✓ Снимок сохранен (ID: 1980)
2026-03-16 18:37:45.591 | INFO     | [portfolio_updater:scheduler]   → Счет 2311961700 (Народная Кубышка)
2026-03-16 18:37:45.782 | INFO     | [portfolio_updater:scheduler]     ✓ Снимок сохранен (ID: 1981)
2026-03-16 18:37:45.804 | INFO     | [portfolio_updater:scheduler] ✅ Работа завершена. Обновлено счетов: 6, снимков: 6
2026-03-16 18:37:45.804 | INFO     | [portfolio_updater:scheduler] ✅ Работа завершена за 1187ms
2026-03-16 18:37:45.805 | INFO     | [portfolio_updater:scheduler]    status: success
2026-03-16 18:37:45.805 | INFO     | [portfolio_updater:scheduler]    accounts_found: 6
2026-03-16 18:37:45.805 | INFO     | [portfolio_updater:scheduler]    portfolios_updated: 6
2026-03-16 18:37:45.805 | INFO     | [portfolio_updater:scheduler]    snapshots_saved: 6
2026-03-16 18:37:45.805 | INFO     | [portfolio_updater:scheduler]    refresh_interval_minutes: 1
2026-03-16 18:37:45.825 | INFO     | [portfolio_updater:scheduler] 📊 Итоги: всего=1, обработано=1, пропущено=0, ошибок=0
2026-03-16 18:37:45.825 | INFO     | [SYSTEM:SCHEDULER] 📊 Портфели: {'total': 1, 'processed': 1, 'skipped': 0, 'errors': []}
2026-03-16 18:37:45.832 | ERROR    | [SYSTEM:SCHEDULER] ❌ Ошибка в цикле: (psycopg2.errors.UndefinedColumn) column r.max_position_size does not exist
LINE 10:                     r.max_position_size,
                             ^

[SQL: 
                SELECT
                    r.id,
                    r.user_id,
                    r.token_id,
                    r.name,
                    r.strategy_name,
                    r.strategy_params,
                    r.account_id,
                    r.max_position_size,
                    r.max_daily_loss,
                    r.max_trades_per_day,
                    t.token
                FROM ganaly.trading_robots r
                         JOIN ganaly.api_tokens t ON r.token_id = t.id
                WHERE r.is_active = 1
                  AND r.status = 'active'
                  AND r.robot_type = 'trading'
                  AND t.is_active = 1                 ]
(Background on this error at: https://sqlalche.me/e/20/f405)
2026-03-16 18:38:45.820 | INFO     | [SYSTEM:SCHEDULER] 🔄 Запуск цикла обновления
2026-03-16 18:38:45.846 | INFO     | [portfolio_updater:scheduler] 🔄 Найдено 1 токенов для обработки
2026-03-16 18:38:45.846 | INFO     | [portfolio_updater:scheduler] ▶️ Запуск робота v1.0.0
2026-03-16 18:38:45.846 | INFO     | [portfolio_updater:scheduler]    User ID: 1, Token ID: 15
2026-03-16 18:38:45.869 | INFO     | [portfolio_updater:scheduler]    Запись в БД: ID 325
2026-03-16 18:38:45.869 | INFO     | [portfolio_updater:scheduler] 🚀 Начало работы для токена 15
2026-03-16 18:38:45.886 | INFO     | [portfolio_updater:scheduler] Токен 15: прошло 1.0 мин, интервал 1 мин
2026-03-16 18:38:45.886 | INFO     | [portfolio_updater:scheduler] 🔌 Подключение к T-Invest API...
2026-03-16 18:38:45.886 | INFO     | [portfolio_updater:scheduler] 📋 Запрос списка счетов...
2026-03-16 18:38:45.954 | INFO     | [portfolio_updater:scheduler] 📊 Найдено счетов: 6
2026-03-16 18:38:45.954 | INFO     | [portfolio_updater:scheduler]   → Счет 2004129678 (Брокерский счёт)
2026-03-16 18:38:46.123 | INFO     | [portfolio_updater:scheduler]     ✓ Снимок сохранен (ID: 1982)
2026-03-16 18:38:46.123 | INFO     | [portfolio_updater:scheduler]   → Счет 2294878624 (Pinkin)
2026-03-16 18:38:46.264 | INFO     | [portfolio_updater:scheduler]     ✓ Снимок сохранен (ID: 1983)
2026-03-16 18:38:46.264 | INFO     | [portfolio_updater:scheduler]   → Счет 2294881404 (Анти-мейнстрим Aggressive)
2026-03-16 18:38:46.448 | INFO     | [portfolio_updater:scheduler]     ✓ Снимок сохранен (ID: 1984)
2026-03-16 18:38:46.448 | INFO     | [portfolio_updater:scheduler]   → Счет 2310550801 (Активное инвестирование)
2026-03-16 18:38:46.709 | INFO     | [portfolio_updater:scheduler]     ✓ Снимок сохранен (ID: 1985)
2026-03-16 18:38:46.709 | INFO     | [portfolio_updater:scheduler]   → Счет 2310571252 (Стратегия роста РФ)
2026-03-16 18:38:46.965 | INFO     | [portfolio_updater:scheduler]     ✓ Снимок сохранен (ID: 1986)
2026-03-16 18:38:46.965 | INFO     | [portfolio_updater:scheduler]   → Счет 2311961700 (Народная Кубышка)
2026-03-16 18:38:47.131 | INFO     | [portfolio_updater:scheduler]     ✓ Снимок сохранен (ID: 1987)
2026-03-16 18:38:47.154 | INFO     | [portfolio_updater:scheduler] ✅ Работа завершена. Обновлено счетов: 6, снимков: 6
2026-03-16 18:38:47.154 | INFO     | [portfolio_updater:scheduler] ✅ Работа завершена за 1307ms
2026-03-16 18:38:47.154 | INFO     | [portfolio_updater:scheduler]    status: success
2026-03-16 18:38:47.154 | INFO     | [portfolio_updater:scheduler]    accounts_found: 6
2026-03-16 18:38:47.154 | INFO     | [portfolio_updater:scheduler]    portfolios_updated: 6
2026-03-16 18:38:47.154 | INFO     | [portfolio_updater:scheduler]    snapshots_saved: 6
2026-03-16 18:38:47.154 | INFO     | [portfolio_updater:scheduler]    refresh_interval_minutes: 1
2026-03-16 18:38:47.174 | INFO     | [portfolio_updater:scheduler] 📊 Итоги: всего=1, обработано=1, пропущено=0, ошибок=0
2026-03-16 18:38:47.174 | INFO     | [SYSTEM:SCHEDULER] 📊 Портфели: {'total': 1, 'processed': 1, 'skipped': 0, 'errors': []}
2026-03-16 18:38:47.182 | ERROR    | [SYSTEM:SCHEDULER] ❌ Ошибка в цикле: (psycopg2.errors.UndefinedColumn) column r.max_position_size does not exist
LINE 10:                     r.max_position_size,
                             ^

[SQL: 
                SELECT
                    r.id,
                    r.user_id,
                    r.token_id,
                    r.name,
                    r.strategy_name,
                    r.strategy_params,
                    r.account_id,
                    r.max_position_size,
                    r.max_daily_loss,
                    r.max_trades_per_day,
                    t.token
                FROM ganaly.trading_robots r
                         JOIN ganaly.api_tokens t ON r.token_id = t.id
                WHERE r.is_active = 1
                  AND r.status = 'active'
                  AND r.robot_type = 'trading'
                  AND t.is_active = 1                 ]
(Background on this error at: https://sqlalche.me/e/20/f405)
2026-03-16 18:39:47.200 | INFO     | [SYSTEM:SCHEDULER] 🔄 Запуск цикла обновления
2026-03-16 18:39:47.299 | INFO     | [portfolio_updater:scheduler] 🔄 Найдено 1 токенов для обработки
2026-03-16 18:39:47.304 | INFO     | [portfolio_updater:scheduler] ▶️ Запуск робота v1.0.0
2026-03-16 18:39:47.304 | INFO     | [portfolio_updater:scheduler]    User ID: 1, Token ID: 15
2026-03-16 18:39:47.434 | INFO     | [portfolio_updater:scheduler]    Запись в БД: ID 326
2026-03-16 18:39:47.434 | INFO     | [portfolio_updater:scheduler] 🚀 Начало работы для токена 15
2026-03-16 18:39:47.506 | INFO     | [portfolio_updater:scheduler] Токен 15: прошло 1.0 мин, интервал 1 мин
2026-03-16 18:39:47.506 | INFO     | [portfolio_updater:scheduler] 🔌 Подключение к T-Invest API...
2026-03-16 18:39:47.507 | INFO     | [portfolio_updater:scheduler] 📋 Запрос списка счетов...
2026-03-16 18:39:47.602 | INFO     | [portfolio_updater:scheduler] 📊 Найдено счетов: 6
2026-03-16 18:39:47.602 | INFO     | [portfolio_updater:scheduler]   → Счет 2004129678 (Брокерский счёт)
2026-03-16 18:39:48.029 | INFO     | [portfolio_updater:scheduler]     ✓ Снимок сохранен (ID: 1988)
2026-03-16 18:39:48.029 | INFO     | [portfolio_updater:scheduler]   → Счет 2294878624 (Pinkin)
2026-03-16 18:39:48.538 | INFO     | [portfolio_updater:scheduler]     ✓ Снимок сохранен (ID: 1989)
2026-03-16 18:39:48.538 | INFO     | [portfolio_updater:scheduler]   → Счет 2294881404 (Анти-мейнстрим Aggressive)
2026-03-16 18:39:49.030 | INFO     | [portfolio_updater:scheduler]     ✓ Снимок сохранен (ID: 1990)
2026-03-16 18:39:49.031 | INFO     | [portfolio_updater:scheduler]   → Счет 2310550801 (Активное инвестирование)
2026-03-16 18:39:49.933 | INFO     | [portfolio_updater:scheduler]     ✓ Снимок сохранен (ID: 1991)
2026-03-16 18:39:49.933 | INFO     | [portfolio_updater:scheduler]   → Счет 2310571252 (Стратегия роста РФ)
2026-03-16 18:39:50.484 | INFO     | [portfolio_updater:scheduler]     ✓ Снимок сохранен (ID: 1992)
2026-03-16 18:39:50.485 | INFO     | [portfolio_updater:scheduler]   → Счет 2311961700 (Народная Кубышка)
2026-03-16 18:39:51.193 | INFO     | [portfolio_updater:scheduler]     ✓ Снимок сохранен (ID: 1993)
2026-03-16 18:39:51.289 | INFO     | [portfolio_updater:scheduler] ✅ Работа завершена. Обновлено счетов: 6, снимков: 6
2026-03-16 18:39:51.289 | INFO     | [portfolio_updater:scheduler] ✅ Работа завершена за 3984ms
2026-03-16 18:39:51.289 | INFO     | [portfolio_updater:scheduler]    status: success
2026-03-16 18:39:51.289 | INFO     | [portfolio_updater:scheduler]    accounts_found: 6
2026-03-16 18:39:51.289 | INFO     | [portfolio_updater:scheduler]    portfolios_updated: 6
2026-03-16 18:39:51.289 | INFO     | [portfolio_updater:scheduler]    snapshots_saved: 6
2026-03-16 18:39:51.289 | INFO     | [portfolio_updater:scheduler]    refresh_interval_minutes: 1
2026-03-16 18:39:51.431 | INFO     | [portfolio_updater:scheduler] 📊 Итоги: всего=1, обработано=1, пропущено=0, ошибок=0
2026-03-16 18:39:51.431 | INFO     | [SYSTEM:SCHEDULER] 📊 Портфели: {'total': 1, 'processed': 1, 'skipped': 0, 'errors': []}
2026-03-16 18:39:51.465 | ERROR    | [SYSTEM:SCHEDULER] ❌ Ошибка в цикле: (psycopg2.errors.UndefinedColumn) column r.max_position_size does not exist
LINE 10:                     r.max_position_size,
                             ^

[SQL: 
                SELECT
                    r.id,
                    r.user_id,
                    r.token_id,
                    r.name,
                    r.strategy_name,
                    r.strategy_params,
                    r.account_id,
                    r.max_position_size,
                    r.max_daily_loss,
                    r.max_trades_per_day,
                    t.token
                FROM ganaly.trading_robots r
                         JOIN ganaly.api_tokens t ON r.token_id = t.id
                WHERE r.is_active = 1
                  AND r.status = 'active'
                  AND r.robot_type = 'trading'
                  AND t.is_active = 1                 ]
(Background on this error at: https://sqlalche.me/e/20/f405)
2026-03-16 18:40:51.572 | INFO     | [SYSTEM:SCHEDULER] 🔄 Запуск цикла обновления
2026-03-16 18:40:51.634 | INFO     | [portfolio_updater:scheduler] 🔄 Найдено 1 токенов для обработки
2026-03-16 18:40:51.635 | INFO     | [portfolio_updater:scheduler] ▶️ Запуск робота v1.0.0
2026-03-16 18:40:51.635 | INFO     | [portfolio_updater:scheduler]    User ID: 1, Token ID: 15
2026-03-16 18:40:51.674 | INFO     | [portfolio_updater:scheduler]    Запись в БД: ID 327
2026-03-16 18:40:51.674 | INFO     | [portfolio_updater:scheduler] 🚀 Начало работы для токена 15
2026-03-16 18:40:51.720 | INFO     | [portfolio_updater:scheduler] Токен 15: прошло 1.0 мин, интервал 1 мин
2026-03-16 18:40:51.720 | INFO     | [portfolio_updater:scheduler] 🔌 Подключение к T-Invest API...
2026-03-16 18:40:51.720 | INFO     | [portfolio_updater:scheduler] 📋 Запрос списка счетов...
2026-03-16 18:40:51.781 | INFO     | [portfolio_updater:scheduler] 📊 Найдено счетов: 6
2026-03-16 18:40:51.781 | INFO     | [portfolio_updater:scheduler]   → Счет 2004129678 (Брокерский счёт)
2026-03-16 18:40:51.942 | INFO     | [portfolio_updater:scheduler]     ✓ Снимок сохранен (ID: 1994)
2026-03-16 18:40:51.942 | INFO     | [portfolio_updater:scheduler]   → Счет 2294878624 (Pinkin)
2026-03-16 18:40:52.218 | INFO     | [portfolio_updater:scheduler]     ✓ Снимок сохранен (ID: 1995)
2026-03-16 18:40:52.218 | INFO     | [portfolio_updater:scheduler]   → Счет 2294881404 (Анти-мейнстрим Aggressive)
2026-03-16 18:40:52.366 | INFO     | [portfolio_updater:scheduler]     ✓ Снимок сохранен (ID: 1996)
2026-03-16 18:40:52.366 | INFO     | [portfolio_updater:scheduler]   → Счет 2310550801 (Активное инвестирование)
2026-03-16 18:40:52.786 | INFO     | [portfolio_updater:scheduler]     ✓ Снимок сохранен (ID: 1997)
2026-03-16 18:40:52.786 | INFO     | [portfolio_updater:scheduler]   → Счет 2310571252 (Стратегия роста РФ)
2026-03-16 18:40:52.962 | INFO     | [portfolio_updater:scheduler]     ✓ Снимок сохранен (ID: 1998)
2026-03-16 18:40:52.962 | INFO     | [portfolio_updater:scheduler]   → Счет 2311961700 (Народная Кубышка)
2026-03-16 18:40:53.119 | INFO     | [portfolio_updater:scheduler]     ✓ Снимок сохранен (ID: 1999)
2026-03-16 18:40:53.136 | INFO     | [portfolio_updater:scheduler] ✅ Работа завершена. Обновлено счетов: 6, снимков: 6
2026-03-16 18:40:53.137 | INFO     | [portfolio_updater:scheduler] ✅ Работа завершена за 1501ms
2026-03-16 18:40:53.137 | INFO     | [portfolio_updater:scheduler]    status: success
2026-03-16 18:40:53.137 | INFO     | [portfolio_updater:scheduler]    accounts_found: 6
2026-03-16 18:40:53.137 | INFO     | [portfolio_updater:scheduler]    portfolios_updated: 6
2026-03-16 18:40:53.137 | INFO     | [portfolio_updater:scheduler]    snapshots_saved: 6
2026-03-16 18:40:53.137 | INFO     | [portfolio_updater:scheduler]    refresh_interval_minutes: 1
2026-03-16 18:40:53.157 | INFO     | [portfolio_updater:scheduler] 📊 Итоги: всего=1, обработано=1, пропущено=0, ошибок=0
2026-03-16 18:40:53.157 | INFO     | [SYSTEM:SCHEDULER] 📊 Портфели: {'total': 1, 'processed': 1, 'skipped': 0, 'errors': []}
2026-03-16 18:40:53.163 | ERROR    | [SYSTEM:SCHEDULER] ❌ Ошибка в цикле: (psycopg2.errors.UndefinedColumn) column r.max_position_size does not exist
LINE 10:                     r.max_position_size,
                             ^

[SQL: 
                SELECT
                    r.id,
                    r.user_id,
                    r.token_id,
                    r.name,
                    r.strategy_name,
                    r.strategy_params,
                    r.account_id,
                    r.max_position_size,
                    r.max_daily_loss,
                    r.max_trades_per_day,
                    t.token
                FROM ganaly.trading_robots r
                         JOIN ganaly.api_tokens t ON r.token_id = t.id
                WHERE r.is_active = 1
                  AND r.status = 'active'
                  AND r.robot_type = 'trading'
                  AND t.is_active = 1                 ]
(Background on this error at: https://sqlalche.me/e/20/f405)
2026-03-16 18:41:53.191 | INFO     | [SYSTEM:SCHEDULER] 🔄 Запуск цикла обновления
2026-03-16 18:41:53.217 | INFO     | [portfolio_updater:scheduler] 🔄 Найдено 1 токенов для обработки
2026-03-16 18:41:53.217 | INFO     | [portfolio_updater:scheduler] ▶️ Запуск робота v1.0.0
2026-03-16 18:41:53.217 | INFO     | [portfolio_updater:scheduler]    User ID: 1, Token ID: 15
2026-03-16 18:41:53.238 | INFO     | [portfolio_updater:scheduler]    Запись в БД: ID 328
2026-03-16 18:41:53.238 | INFO     | [portfolio_updater:scheduler] 🚀 Начало работы для токена 15
2026-03-16 18:41:53.254 | INFO     | [portfolio_updater:scheduler] Токен 15: прошло 1.0 мин, интервал 1 мин
2026-03-16 18:41:53.255 | INFO     | [portfolio_updater:scheduler] 🔌 Подключение к T-Invest API...
2026-03-16 18:41:53.255 | INFO     | [portfolio_updater:scheduler] 📋 Запрос списка счетов...
2026-03-16 18:41:53.307 | INFO     | [portfolio_updater:scheduler] 📊 Найдено счетов: 6
2026-03-16 18:41:53.307 | INFO     | [portfolio_updater:scheduler]   → Счет 2004129678 (Брокерский счёт)
2026-03-16 18:41:53.481 | INFO     | [portfolio_updater:scheduler]     ✓ Снимок сохранен (ID: 2000)
2026-03-16 18:41:53.481 | INFO     | [portfolio_updater:scheduler]   → Счет 2294878624 (Pinkin)
2026-03-16 18:41:53.643 | INFO     | [portfolio_updater:scheduler]     ✓ Снимок сохранен (ID: 2001)
2026-03-16 18:41:53.643 | INFO     | [portfolio_updater:scheduler]   → Счет 2294881404 (Анти-мейнстрим Aggressive)
2026-03-16 18:41:53.845 | INFO     | [portfolio_updater:scheduler]     ✓ Снимок сохранен (ID: 2002)
2026-03-16 18:41:53.845 | INFO     | [portfolio_updater:scheduler]   → Счет 2310550801 (Активное инвестирование)
2026-03-16 18:41:54.106 | INFO     | [portfolio_updater:scheduler]     ✓ Снимок сохранен (ID: 2003)
2026-03-16 18:41:54.106 | INFO     | [portfolio_updater:scheduler]   → Счет 2310571252 (Стратегия роста РФ)
2026-03-16 18:41:54.341 | INFO     | [portfolio_updater:scheduler]     ✓ Снимок сохранен (ID: 2004)
2026-03-16 18:41:54.341 | INFO     | [portfolio_updater:scheduler]   → Счет 2311961700 (Народная Кубышка)
2026-03-16 18:41:54.557 | INFO     | [portfolio_updater:scheduler]     ✓ Снимок сохранен (ID: 2005)
2026-03-16 18:41:54.576 | INFO     | [portfolio_updater:scheduler] ✅ Работа завершена. Обновлено счетов: 6, снимков: 6
2026-03-16 18:41:54.576 | INFO     | [portfolio_updater:scheduler] ✅ Работа завершена за 1358ms
2026-03-16 18:41:54.576 | INFO     | [portfolio_updater:scheduler]    status: success
2026-03-16 18:41:54.576 | INFO     | [portfolio_updater:scheduler]    accounts_found: 6
2026-03-16 18:41:54.576 | INFO     | [portfolio_updater:scheduler]    portfolios_updated: 6
2026-03-16 18:41:54.576 | INFO     | [portfolio_updater:scheduler]    snapshots_saved: 6
2026-03-16 18:41:54.576 | INFO     | [portfolio_updater:scheduler]    refresh_interval_minutes: 1
2026-03-16 18:41:54.598 | INFO     | [portfolio_updater:scheduler] 📊 Итоги: всего=1, обработано=1, пропущено=0, ошибок=0
2026-03-16 18:41:54.598 | INFO     | [SYSTEM:SCHEDULER] 📊 Портфели: {'total': 1, 'processed': 1, 'skipped': 0, 'errors': []}
2026-03-16 18:41:54.604 | ERROR    | [SYSTEM:SCHEDULER] ❌ Ошибка в цикле: (psycopg2.errors.UndefinedColumn) column r.max_position_size does not exist
LINE 10:                     r.max_position_size,
                             ^

[SQL: 
                SELECT
                    r.id,
                    r.user_id,
                    r.token_id,
                    r.name,
                    r.strategy_name,
                    r.strategy_params,
                    r.account_id,
                    r.max_position_size,
                    r.max_daily_loss,
                    r.max_trades_per_day,
                    t.token
                FROM ganaly.trading_robots r
                         JOIN ganaly.api_tokens t ON r.token_id = t.id
                WHERE r.is_active = 1
                  AND r.status = 'active'
                  AND r.robot_type = 'trading'
                  AND t.is_active = 1                 ]
(Background on this error at: https://sqlalche.me/e/20/f405)
2026-03-16 18:42:54.606 | INFO     | [SYSTEM:SCHEDULER] 🔄 Запуск цикла обновления
2026-03-16 18:42:54.625 | INFO     | [portfolio_updater:scheduler] 🔄 Найдено 1 токенов для обработки
2026-03-16 18:42:54.625 | INFO     | [portfolio_updater:scheduler] ▶️ Запуск робота v1.0.0
2026-03-16 18:42:54.627 | INFO     | [portfolio_updater:scheduler]    User ID: 1, Token ID: 15
2026-03-16 18:42:54.652 | INFO     | [portfolio_updater:scheduler]    Запись в БД: ID 329
2026-03-16 18:42:54.652 | INFO     | [portfolio_updater:scheduler] 🚀 Начало работы для токена 15
2026-03-16 18:42:54.676 | INFO     | [portfolio_updater:scheduler] Токен 15: прошло 1.0 мин, интервал 1 мин
2026-03-16 18:42:54.676 | INFO     | [portfolio_updater:scheduler] 🔌 Подключение к T-Invest API...
2026-03-16 18:42:54.676 | INFO     | [portfolio_updater:scheduler] 📋 Запрос списка счетов...
2026-03-16 18:42:54.723 | INFO     | [portfolio_updater:scheduler] 📊 Найдено счетов: 6
2026-03-16 18:42:54.723 | INFO     | [portfolio_updater:scheduler]   → Счет 2004129678 (Брокерский счёт)
2026-03-16 18:42:54.872 | INFO     | [portfolio_updater:scheduler]     ✓ Снимок сохранен (ID: 2006)
2026-03-16 18:42:54.872 | INFO     | [portfolio_updater:scheduler]   → Счет 2294878624 (Pinkin)
2026-03-16 18:42:55.050 | INFO     | [portfolio_updater:scheduler]     ✓ Снимок сохранен (ID: 2007)
2026-03-16 18:42:55.050 | INFO     | [portfolio_updater:scheduler]   → Счет 2294881404 (Анти-мейнстрим Aggressive)
2026-03-16 18:42:55.211 | INFO     | [portfolio_updater:scheduler]     ✓ Снимок сохранен (ID: 2008)
2026-03-16 18:42:55.211 | INFO     | [portfolio_updater:scheduler]   → Счет 2310550801 (Активное инвестирование)
2026-03-16 18:42:55.431 | INFO     | [portfolio_updater:scheduler]     ✓ Снимок сохранен (ID: 2009)
2026-03-16 18:42:55.431 | INFO     | [portfolio_updater:scheduler]   → Счет 2310571252 (Стратегия роста РФ)
2026-03-16 18:42:55.620 | INFO     | [portfolio_updater:scheduler]     ✓ Снимок сохранен (ID: 2010)
2026-03-16 18:42:55.621 | INFO     | [portfolio_updater:scheduler]   → Счет 2311961700 (Народная Кубышка)
2026-03-16 18:42:55.779 | INFO     | [portfolio_updater:scheduler]     ✓ Снимок сохранен (ID: 2011)
2026-03-16 18:42:55.797 | INFO     | [portfolio_updater:scheduler] ✅ Работа завершена. Обновлено счетов: 6, снимков: 6
2026-03-16 18:42:55.797 | INFO     | [portfolio_updater:scheduler] ✅ Работа завершена за 1172ms
2026-03-16 18:42:55.797 | INFO     | [portfolio_updater:scheduler]    status: success
2026-03-16 18:42:55.797 | INFO     | [portfolio_updater:scheduler]    accounts_found: 6
2026-03-16 18:42:55.797 | INFO     | [portfolio_updater:scheduler]    portfolios_updated: 6
2026-03-16 18:42:55.797 | INFO     | [portfolio_updater:scheduler]    snapshots_saved: 6
2026-03-16 18:42:55.797 | INFO     | [portfolio_updater:scheduler]    refresh_interval_minutes: 1
2026-03-16 18:42:55.816 | INFO     | [portfolio_updater:scheduler] 📊 Итоги: всего=1, обработано=1, пропущено=0, ошибок=0
2026-03-16 18:42:55.816 | INFO     | [SYSTEM:SCHEDULER] 📊 Портфели: {'total': 1, 'processed': 1, 'skipped': 0, 'errors': []}
2026-03-16 18:42:55.822 | ERROR    | [SYSTEM:SCHEDULER] ❌ Ошибка в цикле: (psycopg2.errors.UndefinedColumn) column r.max_position_size does not exist
LINE 10:                     r.max_position_size,
                             ^

[SQL: 
                SELECT
                    r.id,
                    r.user_id,
                    r.token_id,
                    r.name,
                    r.strategy_name,
                    r.strategy_params,
                    r.account_id,
                    r.max_position_size,
                    r.max_daily_loss,
                    r.max_trades_per_day,
                    t.token
                FROM ganaly.trading_robots r
                         JOIN ganaly.api_tokens t ON r.token_id = t.id
                WHERE r.is_active = 1
                  AND r.status = 'active'
                  AND r.robot_type = 'trading'
                  AND t.is_active = 1                 ]
(Background on this error at: https://sqlalche.me/e/20/f405)
2026-03-16 18:43:55.831 | INFO     | [SYSTEM:SCHEDULER] 🔄 Запуск цикла обновления
2026-03-16 18:43:55.860 | INFO     | [portfolio_updater:scheduler] 🔄 Найдено 1 токенов для обработки
2026-03-16 18:43:55.860 | INFO     | [portfolio_updater:scheduler] ▶️ Запуск робота v1.0.0
2026-03-16 18:43:55.860 | INFO     | [portfolio_updater:scheduler]    User ID: 1, Token ID: 15
2026-03-16 18:43:55.890 | INFO     | [portfolio_updater:scheduler]    Запись в БД: ID 330
2026-03-16 18:43:55.891 | INFO     | [portfolio_updater:scheduler] 🚀 Начало работы для токена 15
2026-03-16 18:43:55.921 | INFO     | [portfolio_updater:scheduler] Токен 15: прошло 1.0 мин, интервал 1 мин
2026-03-16 18:43:55.921 | INFO     | [portfolio_updater:scheduler] 🔌 Подключение к T-Invest API...
2026-03-16 18:43:55.921 | INFO     | [portfolio_updater:scheduler] 📋 Запрос списка счетов...
2026-03-16 18:43:55.962 | INFO     | [portfolio_updater:scheduler] 📊 Найдено счетов: 6
2026-03-16 18:43:55.962 | INFO     | [portfolio_updater:scheduler]   → Счет 2004129678 (Брокерский счёт)
2026-03-16 18:43:56.160 | INFO     | [portfolio_updater:scheduler]     ✓ Снимок сохранен (ID: 2012)
2026-03-16 18:43:56.160 | INFO     | [portfolio_updater:scheduler]   → Счет 2294878624 (Pinkin)
2026-03-16 18:43:56.323 | INFO     | [portfolio_updater:scheduler]     ✓ Снимок сохранен (ID: 2013)
2026-03-16 18:43:56.323 | INFO     | [portfolio_updater:scheduler]   → Счет 2294881404 (Анти-мейнстрим Aggressive)
2026-03-16 18:43:56.499 | INFO     | [portfolio_updater:scheduler]     ✓ Снимок сохранен (ID: 2014)
2026-03-16 18:43:56.499 | INFO     | [portfolio_updater:scheduler]   → Счет 2310550801 (Активное инвестирование)
2026-03-16 18:43:56.721 | INFO     | [portfolio_updater:scheduler]     ✓ Снимок сохранен (ID: 2015)
2026-03-16 18:43:56.722 | INFO     | [portfolio_updater:scheduler]   → Счет 2310571252 (Стратегия роста РФ)
2026-03-16 18:43:56.901 | INFO     | [portfolio_updater:scheduler]     ✓ Снимок сохранен (ID: 2016)
2026-03-16 18:43:56.901 | INFO     | [portfolio_updater:scheduler]   → Счет 2311961700 (Народная Кубышка)
2026-03-16 18:43:57.082 | INFO     | [portfolio_updater:scheduler]     ✓ Снимок сохранен (ID: 2017)
2026-03-16 18:43:57.104 | INFO     | [portfolio_updater:scheduler] ✅ Работа завершена. Обновлено счетов: 6, снимков: 6
2026-03-16 18:43:57.104 | INFO     | [portfolio_updater:scheduler] ✅ Работа завершена за 1244ms
2026-03-16 18:43:57.105 | INFO     | [portfolio_updater:scheduler]    status: success
2026-03-16 18:43:57.105 | INFO     | [portfolio_updater:scheduler]    accounts_found: 6
2026-03-16 18:43:57.105 | INFO     | [portfolio_updater:scheduler]    portfolios_updated: 6
2026-03-16 18:43:57.105 | INFO     | [portfolio_updater:scheduler]    snapshots_saved: 6
2026-03-16 18:43:57.105 | INFO     | [portfolio_updater:scheduler]    refresh_interval_minutes: 1
2026-03-16 18:43:57.125 | INFO     | [portfolio_updater:scheduler] 📊 Итоги: всего=1, обработано=1, пропущено=0, ошибок=0
2026-03-16 18:43:57.125 | INFO     | [SYSTEM:SCHEDULER] 📊 Портфели: {'total': 1, 'processed': 1, 'skipped': 0, 'errors': []}
2026-03-16 18:43:57.132 | ERROR    | [SYSTEM:SCHEDULER] ❌ Ошибка в цикле: (psycopg2.errors.UndefinedColumn) column r.max_position_size does not exist
LINE 10:                     r.max_position_size,
                             ^

[SQL: 
                SELECT
                    r.id,
                    r.user_id,
                    r.token_id,
                    r.name,
                    r.strategy_name,
                    r.strategy_params,
                    r.account_id,
                    r.max_position_size,
                    r.max_daily_loss,
                    r.max_trades_per_day,
                    t.token
                FROM ganaly.trading_robots r
                         JOIN ganaly.api_tokens t ON r.token_id = t.id
                WHERE r.is_active = 1
                  AND r.status = 'active'
                  AND r.robot_type = 'trading'
                  AND t.is_active = 1                 ]
(Background on this error at: https://sqlalche.me/e/20/f405)
2026-03-16 18:44:57.149 | INFO     | [SYSTEM:SCHEDULER] 🔄 Запуск цикла обновления
2026-03-16 18:44:57.166 | INFO     | [portfolio_updater:scheduler] 🔄 Найдено 1 токенов для обработки
2026-03-16 18:44:57.166 | INFO     | [portfolio_updater:scheduler] ▶️ Запуск робота v1.0.0
2026-03-16 18:44:57.166 | INFO     | [portfolio_updater:scheduler]    User ID: 1, Token ID: 15
2026-03-16 18:44:57.189 | INFO     | [portfolio_updater:scheduler]    Запись в БД: ID 331
2026-03-16 18:44:57.189 | INFO     | [portfolio_updater:scheduler] 🚀 Начало работы для токена 15
2026-03-16 18:44:57.210 | INFO     | [portfolio_updater:scheduler] Токен 15: прошло 1.0 мин, интервал 1 мин
2026-03-16 18:44:57.211 | INFO     | [portfolio_updater:scheduler] 🔌 Подключение к T-Invest API...
2026-03-16 18:44:57.211 | INFO     | [portfolio_updater:scheduler] 📋 Запрос списка счетов...
2026-03-16 18:44:57.299 | INFO     | [portfolio_updater:scheduler] 📊 Найдено счетов: 6
2026-03-16 18:44:57.299 | INFO     | [portfolio_updater:scheduler]   → Счет 2004129678 (Брокерский счёт)
2026-03-16 18:44:57.469 | INFO     | [portfolio_updater:scheduler]     ✓ Снимок сохранен (ID: 2018)
2026-03-16 18:44:57.469 | INFO     | [portfolio_updater:scheduler]   → Счет 2294878624 (Pinkin)
2026-03-16 18:44:57.639 | INFO     | [portfolio_updater:scheduler]     ✓ Снимок сохранен (ID: 2019)
2026-03-16 18:44:57.639 | INFO     | [portfolio_updater:scheduler]   → Счет 2294881404 (Анти-мейнстрим Aggressive)
2026-03-16 18:44:57.802 | INFO     | [portfolio_updater:scheduler]     ✓ Снимок сохранен (ID: 2020)
2026-03-16 18:44:57.802 | INFO     | [portfolio_updater:scheduler]   → Счет 2310550801 (Активное инвестирование)
2026-03-16 18:44:58.059 | INFO     | [portfolio_updater:scheduler]     ✓ Снимок сохранен (ID: 2021)
2026-03-16 18:44:58.059 | INFO     | [portfolio_updater:scheduler]   → Счет 2310571252 (Стратегия роста РФ)
2026-03-16 18:44:58.249 | INFO     | [portfolio_updater:scheduler]     ✓ Снимок сохранен (ID: 2022)
2026-03-16 18:44:58.249 | INFO     | [portfolio_updater:scheduler]   → Счет 2311961700 (Народная Кубышка)
2026-03-16 18:44:58.436 | INFO     | [portfolio_updater:scheduler]     ✓ Снимок сохранен (ID: 2023)
2026-03-16 18:44:58.463 | INFO     | [portfolio_updater:scheduler] ✅ Работа завершена. Обновлено счетов: 6, снимков: 6
2026-03-16 18:44:58.463 | INFO     | [portfolio_updater:scheduler] ✅ Работа завершена за 1297ms
2026-03-16 18:44:58.463 | INFO     | [portfolio_updater:scheduler]    status: success
2026-03-16 18:44:58.463 | INFO     | [portfolio_updater:scheduler]    accounts_found: 6
2026-03-16 18:44:58.463 | INFO     | [portfolio_updater:scheduler]    portfolios_updated: 6
2026-03-16 18:44:58.463 | INFO     | [portfolio_updater:scheduler]    snapshots_saved: 6
2026-03-16 18:44:58.463 | INFO     | [portfolio_updater:scheduler]    refresh_interval_minutes: 1
2026-03-16 18:44:58.497 | INFO     | [portfolio_updater:scheduler] 📊 Итоги: всего=1, обработано=1, пропущено=0, ошибок=0
2026-03-16 18:44:58.499 | INFO     | [SYSTEM:SCHEDULER] 📊 Портфели: {'total': 1, 'processed': 1, 'skipped': 0, 'errors': []}
2026-03-16 18:44:58.506 | ERROR    | [SYSTEM:SCHEDULER] ❌ Ошибка в цикле: (psycopg2.errors.UndefinedColumn) column r.max_position_size does not exist
LINE 10:                     r.max_position_size,
                             ^

[SQL: 
                SELECT
                    r.id,
                    r.user_id,
                    r.token_id,
                    r.name,
                    r.strategy_name,
                    r.strategy_params,
                    r.account_id,
                    r.max_position_size,
                    r.max_daily_loss,
                    r.max_trades_per_day,
                    t.token
                FROM ganaly.trading_robots r
                         JOIN ganaly.api_tokens t ON r.token_id = t.id
                WHERE r.is_active = 1
                  AND r.status = 'active'
                  AND r.robot_type = 'trading'
                  AND t.is_active = 1                 ]
(Background on this error at: https://sqlalche.me/e/20/f405)
2026-03-16 18:45:58.514 | INFO     | [SYSTEM:SCHEDULER] 🔄 Запуск цикла обновления
2026-03-16 18:45:58.539 | INFO     | [portfolio_updater:scheduler] 🔄 Найдено 1 токенов для обработки
2026-03-16 18:45:58.539 | INFO     | [portfolio_updater:scheduler] ▶️ Запуск робота v1.0.0
2026-03-16 18:45:58.539 | INFO     | [portfolio_updater:scheduler]    User ID: 1, Token ID: 15
2026-03-16 18:45:58.566 | INFO     | [portfolio_updater:scheduler]    Запись в БД: ID 332
2026-03-16 18:45:58.566 | INFO     | [portfolio_updater:scheduler] 🚀 Начало работы для токена 15
2026-03-16 18:45:58.579 | INFO     | [portfolio_updater:scheduler] Токен 15: прошло 1.0 мин, интервал 1 мин
2026-03-16 18:45:58.579 | INFO     | [portfolio_updater:scheduler] 🔌 Подключение к T-Invest API...
2026-03-16 18:45:58.579 | INFO     | [portfolio_updater:scheduler] 📋 Запрос списка счетов...
2026-03-16 18:45:58.631 | INFO     | [portfolio_updater:scheduler] 📊 Найдено счетов: 6
2026-03-16 18:45:58.631 | INFO     | [portfolio_updater:scheduler]   → Счет 2004129678 (Брокерский счёт)
2026-03-16 18:45:58.779 | INFO     | [portfolio_updater:scheduler]     ✓ Снимок сохранен (ID: 2024)
2026-03-16 18:45:58.779 | INFO     | [portfolio_updater:scheduler]   → Счет 2294878624 (Pinkin)
2026-03-16 18:45:58.931 | INFO     | [portfolio_updater:scheduler]     ✓ Снимок сохранен (ID: 2025)
2026-03-16 18:45:58.931 | INFO     | [portfolio_updater:scheduler]   → Счет 2294881404 (Анти-мейнстрим Aggressive)
2026-03-16 18:45:59.098 | INFO     | [portfolio_updater:scheduler]     ✓ Снимок сохранен (ID: 2026)
2026-03-16 18:45:59.098 | INFO     | [portfolio_updater:scheduler]   → Счет 2310550801 (Активное инвестирование)
2026-03-16 18:45:59.368 | INFO     | [portfolio_updater:scheduler]     ✓ Снимок сохранен (ID: 2027)
2026-03-16 18:45:59.371 | INFO     | [portfolio_updater:scheduler]   → Счет 2310571252 (Стратегия роста РФ)
2026-03-16 18:45:59.572 | INFO     | [portfolio_updater:scheduler]     ✓ Снимок сохранен (ID: 2028)
2026-03-16 18:45:59.572 | INFO     | [portfolio_updater:scheduler]   → Счет 2311961700 (Народная Кубышка)
2026-03-16 18:45:59.749 | INFO     | [portfolio_updater:scheduler]     ✓ Снимок сохранен (ID: 2029)
2026-03-16 18:45:59.775 | INFO     | [portfolio_updater:scheduler] ✅ Работа завершена. Обновлено счетов: 6, снимков: 6
2026-03-16 18:45:59.775 | INFO     | [portfolio_updater:scheduler] ✅ Работа завершена за 1236ms
2026-03-16 18:45:59.775 | INFO     | [portfolio_updater:scheduler]    status: success
2026-03-16 18:45:59.775 | INFO     | [portfolio_updater:scheduler]    accounts_found: 6
2026-03-16 18:45:59.775 | INFO     | [portfolio_updater:scheduler]    portfolios_updated: 6
2026-03-16 18:45:59.775 | INFO     | [portfolio_updater:scheduler]    snapshots_saved: 6
2026-03-16 18:45:59.775 | INFO     | [portfolio_updater:scheduler]    refresh_interval_minutes: 1
2026-03-16 18:45:59.789 | INFO     | [portfolio_updater:scheduler] 📊 Итоги: всего=1, обработано=1, пропущено=0, ошибок=0
2026-03-16 18:45:59.789 | INFO     | [SYSTEM:SCHEDULER] 📊 Портфели: {'total': 1, 'processed': 1, 'skipped': 0, 'errors': []}
2026-03-16 18:45:59.798 | ERROR    | [SYSTEM:SCHEDULER] ❌ Ошибка в цикле: (psycopg2.errors.UndefinedColumn) column r.max_position_size does not exist
LINE 10:                     r.max_position_size,
                             ^

[SQL: 
                SELECT
                    r.id,
                    r.user_id,
                    r.token_id,
                    r.name,
                    r.strategy_name,
                    r.strategy_params,
                    r.account_id,
                    r.max_position_size,
                    r.max_daily_loss,
                    r.max_trades_per_day,
                    t.token
                FROM ganaly.trading_robots r
                         JOIN ganaly.api_tokens t ON r.token_id = t.id
                WHERE r.is_active = 1
                  AND r.status = 'active'
                  AND r.robot_type = 'trading'
                  AND t.is_active = 1                 ]
(Background on this error at: https://sqlalche.me/e/20/f405)
2026-03-16 18:46:59.812 | INFO     | [SYSTEM:SCHEDULER] 🔄 Запуск цикла обновления
2026-03-16 18:46:59.845 | INFO     | [portfolio_updater:scheduler] 🔄 Найдено 1 токенов для обработки
2026-03-16 18:46:59.845 | INFO     | [portfolio_updater:scheduler] ▶️ Запуск робота v1.0.0
2026-03-16 18:46:59.845 | INFO     | [portfolio_updater:scheduler]    User ID: 1, Token ID: 15
2026-03-16 18:46:59.870 | INFO     | [portfolio_updater:scheduler]    Запись в БД: ID 333
2026-03-16 18:46:59.870 | INFO     | [portfolio_updater:scheduler] 🚀 Начало работы для токена 15
2026-03-16 18:46:59.893 | INFO     | [portfolio_updater:scheduler] Токен 15: прошло 1.0 мин, интервал 1 мин
2026-03-16 18:46:59.893 | INFO     | [portfolio_updater:scheduler] 🔌 Подключение к T-Invest API...
2026-03-16 18:46:59.893 | INFO     | [portfolio_updater:scheduler] 📋 Запрос списка счетов...
2026-03-16 18:46:59.954 | INFO     | [portfolio_updater:scheduler] 📊 Найдено счетов: 6
2026-03-16 18:46:59.954 | INFO     | [portfolio_updater:scheduler]   → Счет 2004129678 (Брокерский счёт)
2026-03-16 18:47:00.563 | INFO     | [portfolio_updater:scheduler]     ✓ Снимок сохранен (ID: 2030)
2026-03-16 18:47:00.563 | INFO     | [portfolio_updater:scheduler]   → Счет 2294878624 (Pinkin)
2026-03-16 18:47:01.148 | INFO     | [portfolio_updater:scheduler]     ✓ Снимок сохранен (ID: 2031)
2026-03-16 18:47:01.148 | INFO     | [portfolio_updater:scheduler]   → Счет 2294881404 (Анти-мейнстрим Aggressive)
2026-03-16 18:47:01.534 | INFO     | [portfolio_updater:scheduler]     ✓ Снимок сохранен (ID: 2032)
2026-03-16 18:47:01.534 | INFO     | [portfolio_updater:scheduler]   → Счет 2310550801 (Активное инвестирование)
2026-03-16 18:47:02.203 | INFO     | [portfolio_updater:scheduler]     ✓ Снимок сохранен (ID: 2033)
2026-03-16 18:47:02.203 | INFO     | [portfolio_updater:scheduler]   → Счет 2310571252 (Стратегия роста РФ)
2026-03-16 18:47:02.406 | INFO     | [portfolio_updater:scheduler]     ✓ Снимок сохранен (ID: 2034)
2026-03-16 18:47:02.406 | INFO     | [portfolio_updater:scheduler]   → Счет 2311961700 (Народная Кубышка)
2026-03-16 18:47:02.594 | INFO     | [portfolio_updater:scheduler]     ✓ Снимок сохранен (ID: 2035)
2026-03-16 18:47:02.612 | INFO     | [portfolio_updater:scheduler] ✅ Работа завершена. Обновлено счетов: 6, снимков: 6
2026-03-16 18:47:02.612 | INFO     | [portfolio_updater:scheduler] ✅ Работа завершена за 2766ms
2026-03-16 18:47:02.612 | INFO     | [portfolio_updater:scheduler]    status: success
2026-03-16 18:47:02.612 | INFO     | [portfolio_updater:scheduler]    accounts_found: 6
2026-03-16 18:47:02.612 | INFO     | [portfolio_updater:scheduler]    portfolios_updated: 6
2026-03-16 18:47:02.612 | INFO     | [portfolio_updater:scheduler]    snapshots_saved: 6
2026-03-16 18:47:02.612 | INFO     | [portfolio_updater:scheduler]    refresh_interval_minutes: 1
2026-03-16 18:47:02.629 | INFO     | [portfolio_updater:scheduler] 📊 Итоги: всего=1, обработано=1, пропущено=0, ошибок=0
2026-03-16 18:47:02.629 | INFO     | [SYSTEM:SCHEDULER] 📊 Портфели: {'total': 1, 'processed': 1, 'skipped': 0, 'errors': []}
2026-03-16 18:47:02.639 | ERROR    | [SYSTEM:SCHEDULER] ❌ Ошибка в цикле: (psycopg2.errors.UndefinedColumn) column r.max_position_size does not exist
LINE 10:                     r.max_position_size,
                             ^

[SQL: 
                SELECT
                    r.id,
                    r.user_id,
                    r.token_id,
                    r.name,
                    r.strategy_name,
                    r.strategy_params,
                    r.account_id,
                    r.max_position_size,
                    r.max_daily_loss,
                    r.max_trades_per_day,
                    t.token
                FROM ganaly.trading_robots r
                         JOIN ganaly.api_tokens t ON r.token_id = t.id
                WHERE r.is_active = 1
                  AND r.status = 'active'
                  AND r.robot_type = 'trading'
                  AND t.is_active = 1                 ]
(Background on this error at: https://sqlalche.me/e/20/f405)
2026-03-16 18:48:02.636 | INFO     | [SYSTEM:SCHEDULER] 🔄 Запуск цикла обновления
2026-03-16 18:48:02.657 | INFO     | [portfolio_updater:scheduler] 🔄 Найдено 1 токенов для обработки
2026-03-16 18:48:02.657 | INFO     | [portfolio_updater:scheduler] ▶️ Запуск робота v1.0.0
2026-03-16 18:48:02.657 | INFO     | [portfolio_updater:scheduler]    User ID: 1, Token ID: 15
2026-03-16 18:48:02.681 | INFO     | [portfolio_updater:scheduler]    Запись в БД: ID 334
2026-03-16 18:48:02.681 | INFO     | [portfolio_updater:scheduler] 🚀 Начало работы для токена 15
2026-03-16 18:48:02.697 | INFO     | [portfolio_updater:scheduler] Токен 15: прошло 1.0 мин, интервал 1 мин
2026-03-16 18:48:02.698 | INFO     | [portfolio_updater:scheduler] 🔌 Подключение к T-Invest API...
2026-03-16 18:48:02.699 | INFO     | [portfolio_updater:scheduler] 📋 Запрос списка счетов...
2026-03-16 18:48:02.762 | INFO     | [portfolio_updater:scheduler] 📊 Найдено счетов: 6
2026-03-16 18:48:02.762 | INFO     | [portfolio_updater:scheduler]   → Счет 2004129678 (Брокерский счёт)
2026-03-16 18:48:03.115 | INFO     | [portfolio_updater:scheduler]     ✓ Снимок сохранен (ID: 2036)
2026-03-16 18:48:03.115 | INFO     | [portfolio_updater:scheduler]   → Счет 2294878624 (Pinkin)
2026-03-16 18:48:03.608 | INFO     | [portfolio_updater:scheduler]     ✓ Снимок сохранен (ID: 2037)
2026-03-16 18:48:03.608 | INFO     | [portfolio_updater:scheduler]   → Счет 2294881404 (Анти-мейнстрим Aggressive)
2026-03-16 18:48:03.899 | INFO     | [portfolio_updater:scheduler]     ✓ Снимок сохранен (ID: 2038)
2026-03-16 18:48:03.899 | INFO     | [portfolio_updater:scheduler]   → Счет 2310550801 (Активное инвестирование)
2026-03-16 18:48:04.329 | INFO     | [portfolio_updater:scheduler]     ✓ Снимок сохранен (ID: 2039)
2026-03-16 18:48:04.329 | INFO     | [portfolio_updater:scheduler]   → Счет 2310571252 (Стратегия роста РФ)
2026-03-16 18:48:04.576 | INFO     | [portfolio_updater:scheduler]     ✓ Снимок сохранен (ID: 2040)
2026-03-16 18:48:04.576 | INFO     | [portfolio_updater:scheduler]   → Счет 2311961700 (Народная Кубышка)
2026-03-16 18:48:04.778 | INFO     | [portfolio_updater:scheduler]     ✓ Снимок сохранен (ID: 2041)
2026-03-16 18:48:04.794 | INFO     | [portfolio_updater:scheduler] ✅ Работа завершена. Обновлено счетов: 6, снимков: 6
2026-03-16 18:48:04.794 | INFO     | [portfolio_updater:scheduler] ✅ Работа завершена за 2137ms
2026-03-16 18:48:04.794 | INFO     | [portfolio_updater:scheduler]    status: success
2026-03-16 18:48:04.794 | INFO     | [portfolio_updater:scheduler]    accounts_found: 6
2026-03-16 18:48:04.794 | INFO     | [portfolio_updater:scheduler]    portfolios_updated: 6
2026-03-16 18:48:04.794 | INFO     | [portfolio_updater:scheduler]    snapshots_saved: 6
2026-03-16 18:48:04.794 | INFO     | [portfolio_updater:scheduler]    refresh_interval_minutes: 1
2026-03-16 18:48:04.815 | INFO     | [portfolio_updater:scheduler] 📊 Итоги: всего=1, обработано=1, пропущено=0, ошибок=0
2026-03-16 18:48:04.815 | INFO     | [SYSTEM:SCHEDULER] 📊 Портфели: {'total': 1, 'processed': 1, 'skipped': 0, 'errors': []}
2026-03-16 18:48:04.823 | ERROR    | [SYSTEM:SCHEDULER] ❌ Ошибка в цикле: (psycopg2.errors.UndefinedColumn) column r.max_position_size does not exist
LINE 10:                     r.max_position_size,
                             ^

[SQL: 
                SELECT
                    r.id,
                    r.user_id,
                    r.token_id,
                    r.name,
                    r.strategy_name,
                    r.strategy_params,
                    r.account_id,
                    r.max_position_size,
                    r.max_daily_loss,
                    r.max_trades_per_day,
                    t.token
                FROM ganaly.trading_robots r
                         JOIN ganaly.api_tokens t ON r.token_id = t.id
                WHERE r.is_active = 1
                  AND r.status = 'active'
                  AND r.robot_type = 'trading'
                  AND t.is_active = 1                 ]
(Background on this error at: https://sqlalche.me/e/20/f405)
2026-03-16 18:49:04.827 | INFO     | [SYSTEM:SCHEDULER] 🔄 Запуск цикла обновления
2026-03-16 18:49:04.851 | INFO     | [portfolio_updater:scheduler] 🔄 Найдено 1 токенов для обработки
2026-03-16 18:49:04.851 | INFO     | [portfolio_updater:scheduler] ▶️ Запуск робота v1.0.0
2026-03-16 18:49:04.851 | INFO     | [portfolio_updater:scheduler]    User ID: 1, Token ID: 15
2026-03-16 18:49:04.869 | INFO     | [portfolio_updater:scheduler]    Запись в БД: ID 335
2026-03-16 18:49:04.869 | INFO     | [portfolio_updater:scheduler] 🚀 Начало работы для токена 15
2026-03-16 18:49:04.884 | INFO     | [portfolio_updater:scheduler] Токен 15: прошло 1.0 мин, интервал 1 мин
2026-03-16 18:49:04.884 | INFO     | [portfolio_updater:scheduler] 🔌 Подключение к T-Invest API...
2026-03-16 18:49:04.884 | INFO     | [portfolio_updater:scheduler] 📋 Запрос списка счетов...
2026-03-16 18:49:04.935 | INFO     | [portfolio_updater:scheduler] 📊 Найдено счетов: 6
2026-03-16 18:49:04.935 | INFO     | [portfolio_updater:scheduler]   → Счет 2004129678 (Брокерский счёт)
2026-03-16 18:49:05.089 | INFO     | [portfolio_updater:scheduler]     ✓ Снимок сохранен (ID: 2042)
2026-03-16 18:49:05.089 | INFO     | [portfolio_updater:scheduler]   → Счет 2294878624 (Pinkin)
2026-03-16 18:49:05.223 | INFO     | [portfolio_updater:scheduler]     ✓ Снимок сохранен (ID: 2043)
2026-03-16 18:49:05.223 | INFO     | [portfolio_updater:scheduler]   → Счет 2294881404 (Анти-мейнстрим Aggressive)
2026-03-16 18:49:05.406 | INFO     | [portfolio_updater:scheduler]     ✓ Снимок сохранен (ID: 2044)
2026-03-16 18:49:05.406 | INFO     | [portfolio_updater:scheduler]   → Счет 2310550801 (Активное инвестирование)
2026-03-16 18:49:05.611 | INFO     | [portfolio_updater:scheduler]     ✓ Снимок сохранен (ID: 2045)
2026-03-16 18:49:05.611 | INFO     | [portfolio_updater:scheduler]   → Счет 2310571252 (Стратегия роста РФ)
2026-03-16 18:49:05.789 | INFO     | [portfolio_updater:scheduler]     ✓ Снимок сохранен (ID: 2046)
2026-03-16 18:49:05.789 | INFO     | [portfolio_updater:scheduler]   → Счет 2311961700 (Народная Кубышка)
2026-03-16 18:49:06.042 | INFO     | [portfolio_updater:scheduler]     ✓ Снимок сохранен (ID: 2047)
2026-03-16 18:49:06.062 | INFO     | [portfolio_updater:scheduler] ✅ Работа завершена. Обновлено счетов: 6, снимков: 6
2026-03-16 18:49:06.062 | INFO     | [portfolio_updater:scheduler] ✅ Работа завершена за 1211ms
2026-03-16 18:49:06.062 | INFO     | [portfolio_updater:scheduler]    status: success
2026-03-16 18:49:06.062 | INFO     | [portfolio_updater:scheduler]    accounts_found: 6
2026-03-16 18:49:06.062 | INFO     | [portfolio_updater:scheduler]    portfolios_updated: 6
2026-03-16 18:49:06.062 | INFO     | [portfolio_updater:scheduler]    snapshots_saved: 6
2026-03-16 18:49:06.062 | INFO     | [portfolio_updater:scheduler]    refresh_interval_minutes: 1
2026-03-16 18:49:06.078 | INFO     | [portfolio_updater:scheduler] 📊 Итоги: всего=1, обработано=1, пропущено=0, ошибок=0
2026-03-16 18:49:06.078 | INFO     | [SYSTEM:SCHEDULER] 📊 Портфели: {'total': 1, 'processed': 1, 'skipped': 0, 'errors': []}
2026-03-16 18:49:06.091 | ERROR    | [SYSTEM:SCHEDULER] ❌ Ошибка в цикле: (psycopg2.errors.UndefinedColumn) column r.max_position_size does not exist
LINE 10:                     r.max_position_size,
                             ^

[SQL: 
                SELECT
                    r.id,
                    r.user_id,
                    r.token_id,
                    r.name,
                    r.strategy_name,
                    r.strategy_params,
                    r.account_id,
                    r.max_position_size,
                    r.max_daily_loss,
                    r.max_trades_per_day,
                    t.token
                FROM ganaly.trading_robots r
                         JOIN ganaly.api_tokens t ON r.token_id = t.id
                WHERE r.is_active = 1
                  AND r.status = 'active'
                  AND r.robot_type = 'trading'
                  AND t.is_active = 1                 ]
(Background on this error at: https://sqlalche.me/e/20/f405)
2026-03-16 18:50:06.106 | INFO     | [SYSTEM:SCHEDULER] 🔄 Запуск цикла обновления
2026-03-16 18:50:06.120 | INFO     | [portfolio_updater:scheduler] 🔄 Найдено 1 токенов для обработки
2026-03-16 18:50:06.122 | INFO     | [portfolio_updater:scheduler] ▶️ Запуск робота v1.0.0
2026-03-16 18:50:06.122 | INFO     | [portfolio_updater:scheduler]    User ID: 1, Token ID: 15
2026-03-16 18:50:06.139 | INFO     | [portfolio_updater:scheduler]    Запись в БД: ID 336
2026-03-16 18:50:06.139 | INFO     | [portfolio_updater:scheduler] 🚀 Начало работы для токена 15
2026-03-16 18:50:06.172 | INFO     | [portfolio_updater:scheduler] Токен 15: прошло 1.0 мин, интервал 1 мин
2026-03-16 18:50:06.172 | INFO     | [portfolio_updater:scheduler] 🔌 Подключение к T-Invest API...
2026-03-16 18:50:06.172 | INFO     | [portfolio_updater:scheduler] 📋 Запрос списка счетов...
2026-03-16 18:50:06.220 | INFO     | [portfolio_updater:scheduler] 📊 Найдено счетов: 6
2026-03-16 18:50:06.225 | INFO     | [portfolio_updater:scheduler]   → Счет 2004129678 (Брокерский счёт)
2026-03-16 18:50:06.433 | INFO     | [portfolio_updater:scheduler]     ✓ Снимок сохранен (ID: 2048)
2026-03-16 18:50:06.433 | INFO     | [portfolio_updater:scheduler]   → Счет 2294878624 (Pinkin)
2026-03-16 18:50:06.598 | INFO     | [portfolio_updater:scheduler]     ✓ Снимок сохранен (ID: 2049)
2026-03-16 18:50:06.598 | INFO     | [portfolio_updater:scheduler]   → Счет 2294881404 (Анти-мейнстрим Aggressive)
2026-03-16 18:50:06.758 | INFO     | [portfolio_updater:scheduler]     ✓ Снимок сохранен (ID: 2050)
2026-03-16 18:50:06.758 | INFO     | [portfolio_updater:scheduler]   → Счет 2310550801 (Активное инвестирование)
2026-03-16 18:50:07.018 | INFO     | [portfolio_updater:scheduler]     ✓ Снимок сохранен (ID: 2051)
2026-03-16 18:50:07.018 | INFO     | [portfolio_updater:scheduler]   → Счет 2310571252 (Стратегия роста РФ)
2026-03-16 18:50:07.228 | INFO     | [portfolio_updater:scheduler]     ✓ Снимок сохранен (ID: 2052)
2026-03-16 18:50:07.228 | INFO     | [portfolio_updater:scheduler]   → Счет 2311961700 (Народная Кубышка)
2026-03-16 18:50:07.418 | INFO     | [portfolio_updater:scheduler]     ✓ Снимок сохранен (ID: 2053)
2026-03-16 18:50:07.442 | INFO     | [portfolio_updater:scheduler] ✅ Работа завершена. Обновлено счетов: 6, снимков: 6
2026-03-16 18:50:07.444 | INFO     | [portfolio_updater:scheduler] ✅ Работа завершена за 1322ms
2026-03-16 18:50:07.444 | INFO     | [portfolio_updater:scheduler]    status: success
2026-03-16 18:50:07.444 | INFO     | [portfolio_updater:scheduler]    accounts_found: 6
2026-03-16 18:50:07.444 | INFO     | [portfolio_updater:scheduler]    portfolios_updated: 6
2026-03-16 18:50:07.444 | INFO     | [portfolio_updater:scheduler]    snapshots_saved: 6
2026-03-16 18:50:07.444 | INFO     | [portfolio_updater:scheduler]    refresh_interval_minutes: 1
2026-03-16 18:50:07.461 | INFO     | [portfolio_updater:scheduler] 📊 Итоги: всего=1, обработано=1, пропущено=0, ошибок=0
2026-03-16 18:50:07.461 | INFO     | [SYSTEM:SCHEDULER] 📊 Портфели: {'total': 1, 'processed': 1, 'skipped': 0, 'errors': []}
2026-03-16 18:50:07.468 | ERROR    | [SYSTEM:SCHEDULER] ❌ Ошибка в цикле: (psycopg2.errors.UndefinedColumn) column r.max_position_size does not exist
LINE 10:                     r.max_position_size,
                             ^

[SQL: 
                SELECT
                    r.id,
                    r.user_id,
                    r.token_id,
                    r.name,
                    r.strategy_name,
                    r.strategy_params,
                    r.account_id,
                    r.max_position_size,
                    r.max_daily_loss,
                    r.max_trades_per_day,
                    t.token
                FROM ganaly.trading_robots r
                         JOIN ganaly.api_tokens t ON r.token_id = t.id
                WHERE r.is_active = 1
                  AND r.status = 'active'
                  AND r.robot_type = 'trading'
                  AND t.is_active = 1                 ]
(Background on this error at: https://sqlalche.me/e/20/f405)
2026-03-16 18:51:07.463 | INFO     | [SYSTEM:SCHEDULER] 🔄 Запуск цикла обновления
2026-03-16 18:51:07.489 | INFO     | [portfolio_updater:scheduler] 🔄 Найдено 1 токенов для обработки
2026-03-16 18:51:07.489 | INFO     | [portfolio_updater:scheduler] ▶️ Запуск робота v1.0.0
2026-03-16 18:51:07.489 | INFO     | [portfolio_updater:scheduler]    User ID: 1, Token ID: 15
2026-03-16 18:51:07.529 | INFO     | [portfolio_updater:scheduler]    Запись в БД: ID 337
2026-03-16 18:51:07.529 | INFO     | [portfolio_updater:scheduler] 🚀 Начало работы для токена 15
2026-03-16 18:51:07.564 | INFO     | [portfolio_updater:scheduler] Токен 15: прошло 1.0 мин, интервал 1 мин
2026-03-16 18:51:07.564 | INFO     | [portfolio_updater:scheduler] 🔌 Подключение к T-Invest API...
2026-03-16 18:51:07.564 | INFO     | [portfolio_updater:scheduler] 📋 Запрос списка счетов...
2026-03-16 18:51:07.614 | INFO     | [portfolio_updater:scheduler] 📊 Найдено счетов: 6
2026-03-16 18:51:07.614 | INFO     | [portfolio_updater:scheduler]   → Счет 2004129678 (Брокерский счёт)
2026-03-16 18:51:07.785 | INFO     | [portfolio_updater:scheduler]     ✓ Снимок сохранен (ID: 2054)
2026-03-16 18:51:07.785 | INFO     | [portfolio_updater:scheduler]   → Счет 2294878624 (Pinkin)
2026-03-16 18:51:07.931 | INFO     | [portfolio_updater:scheduler]     ✓ Снимок сохранен (ID: 2055)
2026-03-16 18:51:07.931 | INFO     | [portfolio_updater:scheduler]   → Счет 2294881404 (Анти-мейнстрим Aggressive)
2026-03-16 18:51:08.082 | INFO     | [portfolio_updater:scheduler]     ✓ Снимок сохранен (ID: 2056)
2026-03-16 18:51:08.082 | INFO     | [portfolio_updater:scheduler]   → Счет 2310550801 (Активное инвестирование)
2026-03-16 18:51:08.411 | INFO     | [portfolio_updater:scheduler]     ✓ Снимок сохранен (ID: 2057)
2026-03-16 18:51:08.411 | INFO     | [portfolio_updater:scheduler]   → Счет 2310571252 (Стратегия роста РФ)
2026-03-16 18:51:08.599 | INFO     | [portfolio_updater:scheduler]     ✓ Снимок сохранен (ID: 2058)
2026-03-16 18:51:08.599 | INFO     | [portfolio_updater:scheduler]   → Счет 2311961700 (Народная Кубышка)
2026-03-16 18:51:08.794 | INFO     | [portfolio_updater:scheduler]     ✓ Снимок сохранен (ID: 2059)
2026-03-16 18:51:08.808 | INFO     | [portfolio_updater:scheduler] ✅ Работа завершена. Обновлено счетов: 6, снимков: 6
2026-03-16 18:51:08.808 | INFO     | [portfolio_updater:scheduler] ✅ Работа завершена за 1319ms
2026-03-16 18:51:08.808 | INFO     | [portfolio_updater:scheduler]    status: success
2026-03-16 18:51:08.808 | INFO     | [portfolio_updater:scheduler]    accounts_found: 6
2026-03-16 18:51:08.808 | INFO     | [portfolio_updater:scheduler]    portfolios_updated: 6
2026-03-16 18:51:08.808 | INFO     | [portfolio_updater:scheduler]    snapshots_saved: 6
2026-03-16 18:51:08.808 | INFO     | [portfolio_updater:scheduler]    refresh_interval_minutes: 1
2026-03-16 18:51:08.834 | INFO     | [portfolio_updater:scheduler] 📊 Итоги: всего=1, обработано=1, пропущено=0, ошибок=0
2026-03-16 18:51:08.834 | INFO     | [SYSTEM:SCHEDULER] 📊 Портфели: {'total': 1, 'processed': 1, 'skipped': 0, 'errors': []}
2026-03-16 18:51:08.840 | ERROR    | [SYSTEM:SCHEDULER] ❌ Ошибка в цикле: (psycopg2.errors.UndefinedColumn) column r.max_position_size does not exist
LINE 10:                     r.max_position_size,
                             ^

[SQL: 
                SELECT
                    r.id,
                    r.user_id,
                    r.token_id,
                    r.name,
                    r.strategy_name,
                    r.strategy_params,
                    r.account_id,
                    r.max_position_size,
                    r.max_daily_loss,
                    r.max_trades_per_day,
                    t.token
                FROM ganaly.trading_robots r
                         JOIN ganaly.api_tokens t ON r.token_id = t.id
                WHERE r.is_active = 1
                  AND r.status = 'active'
                  AND r.robot_type = 'trading'
                  AND t.is_active = 1                 ]
(Background on this error at: https://sqlalche.me/e/20/f405)
2026-03-16 18:52:08.843 | INFO     | [SYSTEM:SCHEDULER] 🔄 Запуск цикла обновления
2026-03-16 18:52:08.859 | INFO     | [portfolio_updater:scheduler] 🔄 Найдено 1 токенов для обработки
2026-03-16 18:52:08.859 | INFO     | [portfolio_updater:scheduler] ▶️ Запуск робота v1.0.0
2026-03-16 18:52:08.859 | INFO     | [portfolio_updater:scheduler]    User ID: 1, Token ID: 15
2026-03-16 18:52:08.878 | INFO     | [portfolio_updater:scheduler]    Запись в БД: ID 338
2026-03-16 18:52:08.878 | INFO     | [portfolio_updater:scheduler] 🚀 Начало работы для токена 15
2026-03-16 18:52:08.892 | INFO     | [portfolio_updater:scheduler] Токен 15: прошло 1.0 мин, интервал 1 мин
2026-03-16 18:52:08.892 | INFO     | [portfolio_updater:scheduler] 🔌 Подключение к T-Invest API...
2026-03-16 18:52:08.892 | INFO     | [portfolio_updater:scheduler] 📋 Запрос списка счетов...
2026-03-16 18:52:08.936 | INFO     | [portfolio_updater:scheduler] 📊 Найдено счетов: 6
2026-03-16 18:52:08.937 | INFO     | [portfolio_updater:scheduler]   → Счет 2004129678 (Брокерский счёт)
2026-03-16 18:52:09.082 | INFO     | [portfolio_updater:scheduler]     ✓ Снимок сохранен (ID: 2060)
2026-03-16 18:52:09.082 | INFO     | [portfolio_updater:scheduler]   → Счет 2294878624 (Pinkin)
2026-03-16 18:52:09.253 | INFO     | [portfolio_updater:scheduler]     ✓ Снимок сохранен (ID: 2061)
2026-03-16 18:52:09.255 | INFO     | [portfolio_updater:scheduler]   → Счет 2294881404 (Анти-мейнстрим Aggressive)
2026-03-16 18:52:09.496 | INFO     | [portfolio_updater:scheduler]     ✓ Снимок сохранен (ID: 2062)
2026-03-16 18:52:09.498 | INFO     | [portfolio_updater:scheduler]   → Счет 2310550801 (Активное инвестирование)
2026-03-16 18:52:09.712 | INFO     | [portfolio_updater:scheduler]     ✓ Снимок сохранен (ID: 2063)
2026-03-16 18:52:09.717 | INFO     | [portfolio_updater:scheduler]   → Счет 2310571252 (Стратегия роста РФ)
2026-03-16 18:52:09.900 | INFO     | [portfolio_updater:scheduler]     ✓ Снимок сохранен (ID: 2064)
2026-03-16 18:52:09.900 | INFO     | [portfolio_updater:scheduler]   → Счет 2311961700 (Народная Кубышка)
2026-03-16 18:52:10.075 | INFO     | [portfolio_updater:scheduler]     ✓ Снимок сохранен (ID: 2065)
2026-03-16 18:52:10.094 | INFO     | [portfolio_updater:scheduler] ✅ Работа завершена. Обновлено счетов: 6, снимков: 6
2026-03-16 18:52:10.094 | INFO     | [portfolio_updater:scheduler] ✅ Работа завершена за 1235ms
2026-03-16 18:52:10.094 | INFO     | [portfolio_updater:scheduler]    status: success
2026-03-16 18:52:10.094 | INFO     | [portfolio_updater:scheduler]    accounts_found: 6
2026-03-16 18:52:10.094 | INFO     | [portfolio_updater:scheduler]    portfolios_updated: 6
2026-03-16 18:52:10.094 | INFO     | [portfolio_updater:scheduler]    snapshots_saved: 6
2026-03-16 18:52:10.094 | INFO     | [portfolio_updater:scheduler]    refresh_interval_minutes: 1
2026-03-16 18:52:10.108 | INFO     | [portfolio_updater:scheduler] 📊 Итоги: всего=1, обработано=1, пропущено=0, ошибок=0
2026-03-16 18:52:10.108 | INFO     | [SYSTEM:SCHEDULER] 📊 Портфели: {'total': 1, 'processed': 1, 'skipped': 0, 'errors': []}
2026-03-16 18:52:10.118 | ERROR    | [SYSTEM:SCHEDULER] ❌ Ошибка в цикле: (psycopg2.errors.UndefinedColumn) column r.max_position_size does not exist
LINE 10:                     r.max_position_size,
                             ^

[SQL: 
                SELECT
                    r.id,
                    r.user_id,
                    r.token_id,
                    r.name,
                    r.strategy_name,
                    r.strategy_params,
                    r.account_id,
                    r.max_position_size,
                    r.max_daily_loss,
                    r.max_trades_per_day,
                    t.token
                FROM ganaly.trading_robots r
                         JOIN ganaly.api_tokens t ON r.token_id = t.id
                WHERE r.is_active = 1
                  AND r.status = 'active'
                  AND r.robot_type = 'trading'
                  AND t.is_active = 1                 ]
(Background on this error at: https://sqlalche.me/e/20/f405)
2026-03-16 18:53:10.141 | INFO     | [SYSTEM:SCHEDULER] 🔄 Запуск цикла обновления
2026-03-16 18:53:10.163 | INFO     | [portfolio_updater:scheduler] 🔄 Найдено 1 токенов для обработки
2026-03-16 18:53:10.163 | INFO     | [portfolio_updater:scheduler] ▶️ Запуск робота v1.0.0
2026-03-16 18:53:10.163 | INFO     | [portfolio_updater:scheduler]    User ID: 1, Token ID: 15
2026-03-16 18:53:10.193 | INFO     | [portfolio_updater:scheduler]    Запись в БД: ID 339
2026-03-16 18:53:10.195 | INFO     | [portfolio_updater:scheduler] 🚀 Начало работы для токена 15
2026-03-16 18:53:10.208 | INFO     | [portfolio_updater:scheduler] Токен 15: прошло 1.0 мин, интервал 1 мин
2026-03-16 18:53:10.208 | INFO     | [portfolio_updater:scheduler] 🔌 Подключение к T-Invest API...
2026-03-16 18:53:10.208 | INFO     | [portfolio_updater:scheduler] 📋 Запрос списка счетов...
2026-03-16 18:53:10.256 | INFO     | [portfolio_updater:scheduler] 📊 Найдено счетов: 6
2026-03-16 18:53:10.256 | INFO     | [portfolio_updater:scheduler]   → Счет 2004129678 (Брокерский счёт)
2026-03-16 18:53:10.408 | INFO     | [portfolio_updater:scheduler]     ✓ Снимок сохранен (ID: 2066)
2026-03-16 18:53:10.408 | INFO     | [portfolio_updater:scheduler]   → Счет 2294878624 (Pinkin)
2026-03-16 18:53:10.554 | INFO     | [portfolio_updater:scheduler]     ✓ Снимок сохранен (ID: 2067)
2026-03-16 18:53:10.554 | INFO     | [portfolio_updater:scheduler]   → Счет 2294881404 (Анти-мейнстрим Aggressive)
2026-03-16 18:53:10.710 | INFO     | [portfolio_updater:scheduler]     ✓ Снимок сохранен (ID: 2068)
2026-03-16 18:53:10.711 | INFO     | [portfolio_updater:scheduler]   → Счет 2310550801 (Активное инвестирование)
2026-03-16 18:53:10.923 | INFO     | [portfolio_updater:scheduler]     ✓ Снимок сохранен (ID: 2069)
2026-03-16 18:53:10.923 | INFO     | [portfolio_updater:scheduler]   → Счет 2310571252 (Стратегия роста РФ)
2026-03-16 18:53:11.121 | INFO     | [portfolio_updater:scheduler]     ✓ Снимок сохранен (ID: 2070)
2026-03-16 18:53:11.121 | INFO     | [portfolio_updater:scheduler]   → Счет 2311961700 (Народная Кубышка)
2026-03-16 18:53:11.284 | INFO     | [portfolio_updater:scheduler]     ✓ Снимок сохранен (ID: 2071)
2026-03-16 18:53:11.298 | INFO     | [portfolio_updater:scheduler] ✅ Работа завершена. Обновлено счетов: 6, снимков: 6
2026-03-16 18:53:11.303 | INFO     | [portfolio_updater:scheduler] ✅ Работа завершена за 1140ms
2026-03-16 18:53:11.303 | INFO     | [portfolio_updater:scheduler]    status: success
2026-03-16 18:53:11.303 | INFO     | [portfolio_updater:scheduler]    accounts_found: 6
2026-03-16 18:53:11.303 | INFO     | [portfolio_updater:scheduler]    portfolios_updated: 6
2026-03-16 18:53:11.303 | INFO     | [portfolio_updater:scheduler]    snapshots_saved: 6
2026-03-16 18:53:11.303 | INFO     | [portfolio_updater:scheduler]    refresh_interval_minutes: 1
2026-03-16 18:53:11.322 | INFO     | [portfolio_updater:scheduler] 📊 Итоги: всего=1, обработано=1, пропущено=0, ошибок=0
2026-03-16 18:53:11.322 | INFO     | [SYSTEM:SCHEDULER] 📊 Портфели: {'total': 1, 'processed': 1, 'skipped': 0, 'errors': []}
2026-03-16 18:53:11.326 | ERROR    | [SYSTEM:SCHEDULER] ❌ Ошибка в цикле: (psycopg2.errors.UndefinedColumn) column r.max_position_size does not exist
LINE 10:                     r.max_position_size,
                             ^

[SQL: 
                SELECT
                    r.id,
                    r.user_id,
                    r.token_id,
                    r.name,
                    r.strategy_name,
                    r.strategy_params,
                    r.account_id,
                    r.max_position_size,
                    r.max_daily_loss,
                    r.max_trades_per_day,
                    t.token
                FROM ganaly.trading_robots r
                         JOIN ganaly.api_tokens t ON r.token_id = t.id
                WHERE r.is_active = 1
                  AND r.status = 'active'
                  AND r.robot_type = 'trading'
                  AND t.is_active = 1                 ]
(Background on this error at: https://sqlalche.me/e/20/f405)
2026-03-16 18:54:11.332 | INFO     | [SYSTEM:SCHEDULER] 🔄 Запуск цикла обновления
2026-03-16 18:54:11.359 | INFO     | [portfolio_updater:scheduler] 🔄 Найдено 1 токенов для обработки
2026-03-16 18:54:11.359 | INFO     | [portfolio_updater:scheduler] ▶️ Запуск робота v1.0.0
2026-03-16 18:54:11.359 | INFO     | [portfolio_updater:scheduler]    User ID: 1, Token ID: 15
2026-03-16 18:54:11.385 | INFO     | [portfolio_updater:scheduler]    Запись в БД: ID 340
2026-03-16 18:54:11.385 | INFO     | [portfolio_updater:scheduler] 🚀 Начало работы для токена 15
2026-03-16 18:54:11.406 | INFO     | [portfolio_updater:scheduler] Токен 15: прошло 1.0 мин, интервал 1 мин
2026-03-16 18:54:11.406 | INFO     | [portfolio_updater:scheduler] 🔌 Подключение к T-Invest API...
2026-03-16 18:54:11.406 | INFO     | [portfolio_updater:scheduler] 📋 Запрос списка счетов...
2026-03-16 18:54:11.469 | INFO     | [portfolio_updater:scheduler] 📊 Найдено счетов: 6
2026-03-16 18:54:11.469 | INFO     | [portfolio_updater:scheduler]   → Счет 2004129678 (Брокерский счёт)
2026-03-16 18:54:11.622 | INFO     | [portfolio_updater:scheduler]     ✓ Снимок сохранен (ID: 2072)
2026-03-16 18:54:11.622 | INFO     | [portfolio_updater:scheduler]   → Счет 2294878624 (Pinkin)
2026-03-16 18:54:11.771 | INFO     | [portfolio_updater:scheduler]     ✓ Снимок сохранен (ID: 2073)
2026-03-16 18:54:11.777 | INFO     | [portfolio_updater:scheduler]   → Счет 2294881404 (Анти-мейнстрим Aggressive)
2026-03-16 18:54:11.909 | INFO     | [portfolio_updater:scheduler]     ✓ Снимок сохранен (ID: 2074)
2026-03-16 18:54:11.909 | INFO     | [portfolio_updater:scheduler]   → Счет 2310550801 (Активное инвестирование)
2026-03-16 18:54:12.150 | INFO     | [portfolio_updater:scheduler]     ✓ Снимок сохранен (ID: 2075)
2026-03-16 18:54:12.150 | INFO     | [portfolio_updater:scheduler]   → Счет 2310571252 (Стратегия роста РФ)
2026-03-16 18:54:12.339 | INFO     | [portfolio_updater:scheduler]     ✓ Снимок сохранен (ID: 2076)
2026-03-16 18:54:12.339 | INFO     | [portfolio_updater:scheduler]   → Счет 2311961700 (Народная Кубышка)
2026-03-16 18:54:12.495 | INFO     | [portfolio_updater:scheduler]     ✓ Снимок сохранен (ID: 2077)
2026-03-16 18:54:12.514 | INFO     | [portfolio_updater:scheduler] ✅ Работа завершена. Обновлено счетов: 6, снимков: 6
2026-03-16 18:54:12.516 | INFO     | [portfolio_updater:scheduler] ✅ Работа завершена за 1155ms
2026-03-16 18:54:12.516 | INFO     | [portfolio_updater:scheduler]    status: success
2026-03-16 18:54:12.516 | INFO     | [portfolio_updater:scheduler]    accounts_found: 6
2026-03-16 18:54:12.516 | INFO     | [portfolio_updater:scheduler]    portfolios_updated: 6
2026-03-16 18:54:12.516 | INFO     | [portfolio_updater:scheduler]    snapshots_saved: 6
2026-03-16 18:54:12.516 | INFO     | [portfolio_updater:scheduler]    refresh_interval_minutes: 1
2026-03-16 18:54:12.535 | INFO     | [portfolio_updater:scheduler] 📊 Итоги: всего=1, обработано=1, пропущено=0, ошибок=0
2026-03-16 18:54:12.535 | INFO     | [SYSTEM:SCHEDULER] 📊 Портфели: {'total': 1, 'processed': 1, 'skipped': 0, 'errors': []}
2026-03-16 18:54:12.541 | ERROR    | [SYSTEM:SCHEDULER] ❌ Ошибка в цикле: (psycopg2.errors.UndefinedColumn) column r.max_position_size does not exist
LINE 10:                     r.max_position_size,
                             ^

[SQL: 
                SELECT
                    r.id,
                    r.user_id,
                    r.token_id,
                    r.name,
                    r.strategy_name,
                    r.strategy_params,
                    r.account_id,
                    r.max_position_size,
                    r.max_daily_loss,
                    r.max_trades_per_day,
                    t.token
                FROM ganaly.trading_robots r
                         JOIN ganaly.api_tokens t ON r.token_id = t.id
                WHERE r.is_active = 1
                  AND r.status = 'active'
                  AND r.robot_type = 'trading'
                  AND t.is_active = 1                 ]
(Background on this error at: https://sqlalche.me/e/20/f405)
2026-03-16 18:55:12.560 | INFO     | [SYSTEM:SCHEDULER] 🔄 Запуск цикла обновления
2026-03-16 18:55:12.573 | INFO     | [portfolio_updater:scheduler] 🔄 Найдено 1 токенов для обработки
2026-03-16 18:55:12.573 | INFO     | [portfolio_updater:scheduler] ▶️ Запуск робота v1.0.0
2026-03-16 18:55:12.573 | INFO     | [portfolio_updater:scheduler]    User ID: 1, Token ID: 15
2026-03-16 18:55:12.594 | INFO     | [portfolio_updater:scheduler]    Запись в БД: ID 341
2026-03-16 18:55:12.594 | INFO     | [portfolio_updater:scheduler] 🚀 Начало работы для токена 15
2026-03-16 18:55:12.602 | INFO     | [portfolio_updater:scheduler] Токен 15: прошло 1.0 мин, интервал 1 мин
2026-03-16 18:55:12.602 | INFO     | [portfolio_updater:scheduler] 🔌 Подключение к T-Invest API...
2026-03-16 18:55:12.608 | INFO     | [portfolio_updater:scheduler] 📋 Запрос списка счетов...
2026-03-16 18:55:12.669 | INFO     | [portfolio_updater:scheduler] 📊 Найдено счетов: 6
2026-03-16 18:55:12.669 | INFO     | [portfolio_updater:scheduler]   → Счет 2004129678 (Брокерский счёт)
2026-03-16 18:55:12.961 | INFO     | [portfolio_updater:scheduler]     ✓ Снимок сохранен (ID: 2078)
2026-03-16 18:55:12.961 | INFO     | [portfolio_updater:scheduler]   → Счет 2294878624 (Pinkin)
2026-03-16 18:55:13.178 | INFO     | [portfolio_updater:scheduler]     ✓ Снимок сохранен (ID: 2079)
2026-03-16 18:55:13.178 | INFO     | [portfolio_updater:scheduler]   → Счет 2294881404 (Анти-мейнстрим Aggressive)
2026-03-16 18:55:13.348 | INFO     | [portfolio_updater:scheduler]     ✓ Снимок сохранен (ID: 2080)
2026-03-16 18:55:13.348 | INFO     | [portfolio_updater:scheduler]   → Счет 2310550801 (Активное инвестирование)
2026-03-16 18:55:13.568 | INFO     | [portfolio_updater:scheduler]     ✓ Снимок сохранен (ID: 2081)
2026-03-16 18:55:13.568 | INFO     | [portfolio_updater:scheduler]   → Счет 2310571252 (Стратегия роста РФ)
2026-03-16 18:55:13.801 | INFO     | [portfolio_updater:scheduler]     ✓ Снимок сохранен (ID: 2082)
2026-03-16 18:55:13.801 | INFO     | [portfolio_updater:scheduler]   → Счет 2311961700 (Народная Кубышка)
2026-03-16 18:55:13.978 | INFO     | [portfolio_updater:scheduler]     ✓ Снимок сохранен (ID: 2083)
2026-03-16 18:55:13.998 | INFO     | [portfolio_updater:scheduler] ✅ Работа завершена. Обновлено счетов: 6, снимков: 6
2026-03-16 18:55:13.998 | INFO     | [portfolio_updater:scheduler] ✅ Работа завершена за 1424ms
2026-03-16 18:55:13.998 | INFO     | [portfolio_updater:scheduler]    status: success
2026-03-16 18:55:13.998 | INFO     | [portfolio_updater:scheduler]    accounts_found: 6
2026-03-16 18:55:13.998 | INFO     | [portfolio_updater:scheduler]    portfolios_updated: 6
2026-03-16 18:55:13.998 | INFO     | [portfolio_updater:scheduler]    snapshots_saved: 6
2026-03-16 18:55:13.998 | INFO     | [portfolio_updater:scheduler]    refresh_interval_minutes: 1
2026-03-16 18:55:14.016 | INFO     | [portfolio_updater:scheduler] 📊 Итоги: всего=1, обработано=1, пропущено=0, ошибок=0
2026-03-16 18:55:14.016 | INFO     | [SYSTEM:SCHEDULER] 📊 Портфели: {'total': 1, 'processed': 1, 'skipped': 0, 'errors': []}
2026-03-16 18:55:14.023 | ERROR    | [SYSTEM:SCHEDULER] ❌ Ошибка в цикле: (psycopg2.errors.UndefinedColumn) column r.max_position_size does not exist
LINE 10:                     r.max_position_size,
                             ^

[SQL: 
                SELECT
                    r.id,
                    r.user_id,
                    r.token_id,
                    r.name,
                    r.strategy_name,
                    r.strategy_params,
                    r.account_id,
                    r.max_position_size,
                    r.max_daily_loss,
                    r.max_trades_per_day,
                    t.token
                FROM ganaly.trading_robots r
                         JOIN ganaly.api_tokens t ON r.token_id = t.id
                WHERE r.is_active = 1
                  AND r.status = 'active'
                  AND r.robot_type = 'trading'
                  AND t.is_active = 1                 ]
(Background on this error at: https://sqlalche.me/e/20/f405)
2026-03-16 18:56:14.035 | INFO     | [SYSTEM:SCHEDULER] 🔄 Запуск цикла обновления
2026-03-16 18:56:14.054 | INFO     | [portfolio_updater:scheduler] 🔄 Найдено 1 токенов для обработки
2026-03-16 18:56:14.054 | INFO     | [portfolio_updater:scheduler] ▶️ Запуск робота v1.0.0
2026-03-16 18:56:14.054 | INFO     | [portfolio_updater:scheduler]    User ID: 1, Token ID: 15
2026-03-16 18:56:14.100 | INFO     | [portfolio_updater:scheduler]    Запись в БД: ID 342
2026-03-16 18:56:14.100 | INFO     | [portfolio_updater:scheduler] 🚀 Начало работы для токена 15
2026-03-16 18:56:14.116 | INFO     | [portfolio_updater:scheduler] Токен 15: прошло 1.0 мин, интервал 1 мин
2026-03-16 18:56:14.116 | INFO     | [portfolio_updater:scheduler] 🔌 Подключение к T-Invest API...
2026-03-16 18:56:14.116 | INFO     | [portfolio_updater:scheduler] 📋 Запрос списка счетов...
2026-03-16 18:56:14.152 | INFO     | [portfolio_updater:scheduler] 📊 Найдено счетов: 6
2026-03-16 18:56:14.152 | INFO     | [portfolio_updater:scheduler]   → Счет 2004129678 (Брокерский счёт)
2026-03-16 18:56:14.349 | INFO     | [portfolio_updater:scheduler]     ✓ Снимок сохранен (ID: 2084)
2026-03-16 18:56:14.349 | INFO     | [portfolio_updater:scheduler]   → Счет 2294878624 (Pinkin)
2026-03-16 18:56:14.487 | INFO     | [portfolio_updater:scheduler]     ✓ Снимок сохранен (ID: 2085)
2026-03-16 18:56:14.487 | INFO     | [portfolio_updater:scheduler]   → Счет 2294881404 (Анти-мейнстрим Aggressive)
2026-03-16 18:56:14.637 | INFO     | [portfolio_updater:scheduler]     ✓ Снимок сохранен (ID: 2086)
2026-03-16 18:56:14.637 | INFO     | [portfolio_updater:scheduler]   → Счет 2310550801 (Активное инвестирование)
2026-03-16 18:56:14.853 | INFO     | [portfolio_updater:scheduler]     ✓ Снимок сохранен (ID: 2087)
2026-03-16 18:56:14.853 | INFO     | [portfolio_updater:scheduler]   → Счет 2310571252 (Стратегия роста РФ)
2026-03-16 18:56:15.051 | INFO     | [portfolio_updater:scheduler]     ✓ Снимок сохранен (ID: 2088)
2026-03-16 18:56:15.051 | INFO     | [portfolio_updater:scheduler]   → Счет 2311961700 (Народная Кубышка)
2026-03-16 18:56:15.211 | INFO     | [portfolio_updater:scheduler]     ✓ Снимок сохранен (ID: 2089)
2026-03-16 18:56:15.228 | INFO     | [portfolio_updater:scheduler] ✅ Работа завершена. Обновлено счетов: 6, снимков: 6
2026-03-16 18:56:15.228 | INFO     | [portfolio_updater:scheduler] ✅ Работа завершена за 1174ms
2026-03-16 18:56:15.228 | INFO     | [portfolio_updater:scheduler]    status: success
2026-03-16 18:56:15.228 | INFO     | [portfolio_updater:scheduler]    accounts_found: 6
2026-03-16 18:56:15.228 | INFO     | [portfolio_updater:scheduler]    portfolios_updated: 6
2026-03-16 18:56:15.228 | INFO     | [portfolio_updater:scheduler]    snapshots_saved: 6
2026-03-16 18:56:15.228 | INFO     | [portfolio_updater:scheduler]    refresh_interval_minutes: 1
2026-03-16 18:56:15.248 | INFO     | [portfolio_updater:scheduler] 📊 Итоги: всего=1, обработано=1, пропущено=0, ошибок=0
2026-03-16 18:56:15.248 | INFO     | [SYSTEM:SCHEDULER] 📊 Портфели: {'total': 1, 'processed': 1, 'skipped': 0, 'errors': []}
2026-03-16 18:56:15.248 | ERROR    | [SYSTEM:SCHEDULER] ❌ Ошибка в цикле: (psycopg2.errors.UndefinedColumn) column r.max_position_size does not exist
LINE 10:                     r.max_position_size,
                             ^

[SQL: 
                SELECT
                    r.id,
                    r.user_id,
                    r.token_id,
                    r.name,
                    r.strategy_name,
                    r.strategy_params,
                    r.account_id,
                    r.max_position_size,
                    r.max_daily_loss,
                    r.max_trades_per_day,
                    t.token
                FROM ganaly.trading_robots r
                         JOIN ganaly.api_tokens t ON r.token_id = t.id
                WHERE r.is_active = 1
                  AND r.status = 'active'
                  AND r.robot_type = 'trading'
                  AND t.is_active = 1                 ]
(Background on this error at: https://sqlalche.me/e/20/f405)
2026-03-16 18:57:15.252 | INFO     | [SYSTEM:SCHEDULER] 🔄 Запуск цикла обновления
2026-03-16 18:57:15.288 | INFO     | [portfolio_updater:scheduler] 🔄 Найдено 1 токенов для обработки
2026-03-16 18:57:15.288 | INFO     | [portfolio_updater:scheduler] ▶️ Запуск робота v1.0.0
2026-03-16 18:57:15.288 | INFO     | [portfolio_updater:scheduler]    User ID: 1, Token ID: 15
2026-03-16 18:57:15.322 | INFO     | [portfolio_updater:scheduler]    Запись в БД: ID 343
2026-03-16 18:57:15.322 | INFO     | [portfolio_updater:scheduler] 🚀 Начало работы для токена 15
2026-03-16 18:57:15.350 | INFO     | [portfolio_updater:scheduler] Токен 15: прошло 1.0 мин, интервал 1 мин
2026-03-16 18:57:15.350 | INFO     | [portfolio_updater:scheduler] 🔌 Подключение к T-Invest API...
2026-03-16 18:57:15.350 | INFO     | [portfolio_updater:scheduler] 📋 Запрос списка счетов...
2026-03-16 18:57:15.406 | INFO     | [portfolio_updater:scheduler] 📊 Найдено счетов: 6
2026-03-16 18:57:15.406 | INFO     | [portfolio_updater:scheduler]   → Счет 2004129678 (Брокерский счёт)
2026-03-16 18:57:15.564 | INFO     | [portfolio_updater:scheduler]     ✓ Снимок сохранен (ID: 2090)
2026-03-16 18:57:15.564 | INFO     | [portfolio_updater:scheduler]   → Счет 2294878624 (Pinkin)
2026-03-16 18:57:15.730 | INFO     | [portfolio_updater:scheduler]     ✓ Снимок сохранен (ID: 2091)
2026-03-16 18:57:15.730 | INFO     | [portfolio_updater:scheduler]   → Счет 2294881404 (Анти-мейнстрим Aggressive)
2026-03-16 18:57:15.913 | INFO     | [portfolio_updater:scheduler]     ✓ Снимок сохранен (ID: 2092)
2026-03-16 18:57:15.913 | INFO     | [portfolio_updater:scheduler]   → Счет 2310550801 (Активное инвестирование)
2026-03-16 18:57:16.170 | INFO     | [portfolio_updater:scheduler]     ✓ Снимок сохранен (ID: 2093)
2026-03-16 18:57:16.170 | INFO     | [portfolio_updater:scheduler]   → Счет 2310571252 (Стратегия роста РФ)
2026-03-16 18:57:16.365 | INFO     | [portfolio_updater:scheduler]     ✓ Снимок сохранен (ID: 2094)
2026-03-16 18:57:16.365 | INFO     | [portfolio_updater:scheduler]   → Счет 2311961700 (Народная Кубышка)
2026-03-16 18:57:16.548 | INFO     | [portfolio_updater:scheduler]     ✓ Снимок сохранен (ID: 2095)
2026-03-16 18:57:16.570 | INFO     | [portfolio_updater:scheduler] ✅ Работа завершена. Обновлено счетов: 6, снимков: 6
2026-03-16 18:57:16.570 | INFO     | [portfolio_updater:scheduler] ✅ Работа завершена за 1282ms
2026-03-16 18:57:16.570 | INFO     | [portfolio_updater:scheduler]    status: success
2026-03-16 18:57:16.570 | INFO     | [portfolio_updater:scheduler]    accounts_found: 6
2026-03-16 18:57:16.570 | INFO     | [portfolio_updater:scheduler]    portfolios_updated: 6
2026-03-16 18:57:16.570 | INFO     | [portfolio_updater:scheduler]    snapshots_saved: 6
2026-03-16 18:57:16.570 | INFO     | [portfolio_updater:scheduler]    refresh_interval_minutes: 1
2026-03-16 18:57:16.607 | INFO     | [portfolio_updater:scheduler] 📊 Итоги: всего=1, обработано=1, пропущено=0, ошибок=0
2026-03-16 18:57:16.607 | INFO     | [SYSTEM:SCHEDULER] 📊 Портфели: {'total': 1, 'processed': 1, 'skipped': 0, 'errors': []}
2026-03-16 18:57:16.613 | ERROR    | [SYSTEM:SCHEDULER] ❌ Ошибка в цикле: (psycopg2.errors.UndefinedColumn) column r.max_position_size does not exist
LINE 10:                     r.max_position_size,
                             ^

[SQL: 
                SELECT
                    r.id,
                    r.user_id,
                    r.token_id,
                    r.name,
                    r.strategy_name,
                    r.strategy_params,
                    r.account_id,
                    r.max_position_size,
                    r.max_daily_loss,
                    r.max_trades_per_day,
                    t.token
                FROM ganaly.trading_robots r
                         JOIN ganaly.api_tokens t ON r.token_id = t.id
                WHERE r.is_active = 1
                  AND r.status = 'active'
                  AND r.robot_type = 'trading'
                  AND t.is_active = 1                 ]
(Background on this error at: https://sqlalche.me/e/20/f405)
2026-03-16 18:58:16.637 | INFO     | [SYSTEM:SCHEDULER] 🔄 Запуск цикла обновления
2026-03-16 18:58:35.821 | ERROR    | [SYSTEM:SCHEDULER] ❌ Ошибка в цикле: (psycopg2.OperationalError) connection to server at "147.45.235.27", port 5432 failed: No route to host (0x00002751/10065)
	Is the server running on that host and accepting TCP/IP connections?

(Background on this error at: https://sqlalche.me/e/20/e3q8)
2026-03-16 18:59:35.839 | INFO     | [SYSTEM:SCHEDULER] 🔄 Запуск цикла обновления
2026-03-16 18:59:35.841 | ERROR    | [SYSTEM:SCHEDULER] ❌ Ошибка в цикле: (psycopg2.OperationalError) connection to server at "147.45.235.27", port 5432 failed: No route to host (0x00002751/10065)
	Is the server running on that host and accepting TCP/IP connections?

(Background on this error at: https://sqlalche.me/e/20/e3q8)
2026-03-16 20:11:35.410 | INFO     | [SYSTEM:SCHEDULER] 🔄 Запуск цикла обновления
2026-03-16 20:11:35.465 | ERROR    | [SYSTEM:SCHEDULER] ❌ Ошибка в цикле: (psycopg2.OperationalError) connection to server at "147.45.235.27", port 5432 failed: No route to host (0x00002751/10065)
	Is the server running on that host and accepting TCP/IP connections?

(Background on this error at: https://sqlalche.me/e/20/e3q8)
2026-03-16 20:12:35.467 | INFO     | [SYSTEM:SCHEDULER] 🔄 Запуск цикла обновления
2026-03-16 20:12:36.786 | INFO     | [portfolio_updater:scheduler] 🔄 Найдено 1 токенов для обработки
2026-03-16 20:12:36.786 | INFO     | [portfolio_updater:scheduler] ▶️ Запуск робота v1.0.0
2026-03-16 20:12:36.786 | INFO     | [portfolio_updater:scheduler]    User ID: 1, Token ID: 15
2026-03-16 20:12:36.886 | INFO     | [portfolio_updater:scheduler]    Запись в БД: ID 344
2026-03-16 20:12:36.886 | INFO     | [portfolio_updater:scheduler] 🚀 Начало работы для токена 15
2026-03-16 20:12:36.910 | INFO     | [portfolio_updater:scheduler] Токен 15: прошло 75.3 мин, интервал 1 мин
2026-03-16 20:12:36.910 | INFO     | [portfolio_updater:scheduler] 🔌 Подключение к T-Invest API...
2026-03-16 20:12:36.910 | INFO     | [portfolio_updater:scheduler] 📋 Запрос списка счетов...
2026-03-16 20:12:39.476 | INFO     | [portfolio_updater:scheduler] 📊 Найдено счетов: 6
2026-03-16 20:12:39.476 | INFO     | [portfolio_updater:scheduler]   → Счет 2004129678 (Брокерский счёт)
2026-03-16 20:12:39.919 | INFO     | [portfolio_updater:scheduler]     ✓ Снимок сохранен (ID: 2096)
2026-03-16 20:12:39.919 | INFO     | [portfolio_updater:scheduler]   → Счет 2294878624 (Pinkin)
2026-03-16 20:12:40.231 | INFO     | [portfolio_updater:scheduler]     ✓ Снимок сохранен (ID: 2097)
2026-03-16 20:12:40.231 | INFO     | [portfolio_updater:scheduler]   → Счет 2294881404 (Анти-мейнстрим Aggressive)
2026-03-16 20:12:40.452 | INFO     | [portfolio_updater:scheduler]     ✓ Снимок сохранен (ID: 2098)
2026-03-16 20:12:40.452 | INFO     | [portfolio_updater:scheduler]   → Счет 2310550801 (Активное инвестирование)
2026-03-16 20:12:40.746 | INFO     | [portfolio_updater:scheduler]     ✓ Снимок сохранен (ID: 2099)
2026-03-16 20:12:40.746 | INFO     | [portfolio_updater:scheduler]   → Счет 2310571252 (Стратегия роста РФ)
2026-03-16 20:12:41.300 | INFO     | [portfolio_updater:scheduler]     ✓ Снимок сохранен (ID: 2100)
2026-03-16 20:12:41.300 | INFO     | [portfolio_updater:scheduler]   → Счет 2311961700 (Народная Кубышка)
2026-03-16 20:12:41.756 | INFO     | [portfolio_updater:scheduler]     ✓ Снимок сохранен (ID: 2101)
2026-03-16 20:12:41.784 | INFO     | [portfolio_updater:scheduler] ✅ Работа завершена. Обновлено счетов: 6, снимков: 6
2026-03-16 20:12:41.784 | INFO     | [portfolio_updater:scheduler] ✅ Работа завершена за 4997ms
2026-03-16 20:12:41.784 | INFO     | [portfolio_updater:scheduler]    status: success
2026-03-16 20:12:41.784 | INFO     | [portfolio_updater:scheduler]    accounts_found: 6
2026-03-16 20:12:41.784 | INFO     | [portfolio_updater:scheduler]    portfolios_updated: 6
2026-03-16 20:12:41.784 | INFO     | [portfolio_updater:scheduler]    snapshots_saved: 6
2026-03-16 20:12:41.784 | INFO     | [portfolio_updater:scheduler]    refresh_interval_minutes: 1
2026-03-16 20:12:41.810 | INFO     | [portfolio_updater:scheduler] 📊 Итоги: всего=1, обработано=1, пропущено=0, ошибок=0
2026-03-16 20:12:41.810 | INFO     | [SYSTEM:SCHEDULER] 📊 Портфели: {'total': 1, 'processed': 1, 'skipped': 0, 'errors': []}
2026-03-16 20:12:41.818 | ERROR    | [SYSTEM:SCHEDULER] ❌ Ошибка в цикле: (psycopg2.errors.UndefinedColumn) column r.max_position_size does not exist
LINE 10:                     r.max_position_size,
                             ^

[SQL: 
                SELECT
                    r.id,
                    r.user_id,
                    r.token_id,
                    r.name,
                    r.strategy_name,
                    r.strategy_params,
                    r.account_id,
                    r.max_position_size,
                    r.max_daily_loss,
                    r.max_trades_per_day,
                    t.token
                FROM ganaly.trading_robots r
                         JOIN ganaly.api_tokens t ON r.token_id = t.id
                WHERE r.is_active = 1
                  AND r.status = 'active'
                  AND r.robot_type = 'trading'
                  AND t.is_active = 1                 ]
(Background on this error at: https://sqlalche.me/e/20/f405)
2026-03-16 20:13:41.837 | INFO     | [SYSTEM:SCHEDULER] 🔄 Запуск цикла обновления
2026-03-16 20:13:43.691 | INFO     | [portfolio_updater:scheduler] 🔄 Найдено 1 токенов для обработки
2026-03-16 20:13:43.691 | INFO     | [portfolio_updater:scheduler] ▶️ Запуск робота v1.0.0
2026-03-16 20:13:43.691 | INFO     | [portfolio_updater:scheduler]    User ID: 1, Token ID: 15
2026-03-16 20:13:49.408 | INFO     | [portfolio_updater:scheduler]    Запись в БД: ID 345
2026-03-16 20:13:49.408 | INFO     | [portfolio_updater:scheduler] 🚀 Начало работы для токена 15
2026-03-16 20:13:49.674 | INFO     | [portfolio_updater:scheduler] Токен 15: прошло 1.1 мин, интервал 1 мин
2026-03-16 20:13:49.674 | INFO     | [portfolio_updater:scheduler] 🔌 Подключение к T-Invest API...
2026-03-16 20:13:49.674 | INFO     | [portfolio_updater:scheduler] 📋 Запрос списка счетов...
2026-03-16 20:13:50.951 | INFO     | [portfolio_updater:scheduler] 📊 Найдено счетов: 6
2026-03-16 20:13:50.951 | INFO     | [portfolio_updater:scheduler]   → Счет 2004129678 (Брокерский счёт)
2026-03-16 20:13:53.636 | INFO     | [portfolio_updater:scheduler]     ✓ Снимок сохранен (ID: 2102)
2026-03-16 20:13:53.636 | INFO     | [portfolio_updater:scheduler]   → Счет 2294878624 (Pinkin)
2026-03-16 20:13:57.946 | INFO     | [portfolio_updater:scheduler]     ✓ Снимок сохранен (ID: 2103)
2026-03-16 20:13:57.946 | INFO     | [portfolio_updater:scheduler]   → Счет 2294881404 (Анти-мейнстрим Aggressive)
2026-03-16 20:13:58.251 | INFO     | [portfolio_updater:scheduler]     ✓ Снимок сохранен (ID: 2104)
2026-03-16 20:13:58.256 | INFO     | [portfolio_updater:scheduler]   → Счет 2310550801 (Активное инвестирование)
2026-03-16 20:13:58.936 | INFO     | [portfolio_updater:scheduler]     ✓ Снимок сохранен (ID: 2105)
2026-03-16 20:13:58.936 | INFO     | [portfolio_updater:scheduler]   → Счет 2310571252 (Стратегия роста РФ)
2026-03-16 20:13:59.299 | INFO     | [portfolio_updater:scheduler]     ✓ Снимок сохранен (ID: 2106)
2026-03-16 20:13:59.299 | INFO     | [portfolio_updater:scheduler]   → Счет 2311961700 (Народная Кубышка)
2026-03-16 20:13:59.786 | INFO     | [portfolio_updater:scheduler]     ✓ Снимок сохранен (ID: 2107)
2026-03-16 20:13:59.826 | INFO     | [portfolio_updater:scheduler] ✅ Работа завершена. Обновлено счетов: 6, снимков: 6
2026-03-16 20:13:59.831 | INFO     | [portfolio_updater:scheduler] ✅ Работа завершена за 16135ms
2026-03-16 20:13:59.831 | INFO     | [portfolio_updater:scheduler]    status: success
2026-03-16 20:13:59.831 | INFO     | [portfolio_updater:scheduler]    accounts_found: 6
2026-03-16 20:13:59.831 | INFO     | [portfolio_updater:scheduler]    portfolios_updated: 6
2026-03-16 20:13:59.831 | INFO     | [portfolio_updater:scheduler]    snapshots_saved: 6
2026-03-16 20:13:59.831 | INFO     | [portfolio_updater:scheduler]    refresh_interval_minutes: 1
2026-03-16 20:13:59.908 | INFO     | [portfolio_updater:scheduler] 📊 Итоги: всего=1, обработано=1, пропущено=0, ошибок=0
2026-03-16 20:13:59.908 | INFO     | [SYSTEM:SCHEDULER] 📊 Портфели: {'total': 1, 'processed': 1, 'skipped': 0, 'errors': []}
2026-03-16 20:13:59.941 | ERROR    | [SYSTEM:SCHEDULER] ❌ Ошибка в цикле: (psycopg2.errors.UndefinedColumn) column r.max_position_size does not exist
LINE 10:                     r.max_position_size,
                             ^

[SQL: 
                SELECT
                    r.id,
                    r.user_id,
                    r.token_id,
                    r.name,
                    r.strategy_name,
                    r.strategy_params,
                    r.account_id,
                    r.max_position_size,
                    r.max_daily_loss,
                    r.max_trades_per_day,
                    t.token
                FROM ganaly.trading_robots r
                         JOIN ganaly.api_tokens t ON r.token_id = t.id
                WHERE r.is_active = 1
                  AND r.status = 'active'
                  AND r.robot_type = 'trading'
                  AND t.is_active = 1                 ]
(Background on this error at: https://sqlalche.me/e/20/f405)
2026-03-16 20:15:02.881 | INFO     | [SYSTEM:SCHEDULER] 🔄 Запуск цикла обновления
2026-03-16 20:15:02.968 | INFO     | [portfolio_updater:scheduler] 🔄 Найдено 1 токенов для обработки
2026-03-16 20:15:02.969 | INFO     | [portfolio_updater:scheduler] ▶️ Запуск робота v1.0.0
2026-03-16 20:15:02.969 | INFO     | [portfolio_updater:scheduler]    User ID: 1, Token ID: 15
2026-03-16 20:15:03.057 | INFO     | [portfolio_updater:scheduler]    Запись в БД: ID 346
2026-03-16 20:15:03.057 | INFO     | [portfolio_updater:scheduler] 🚀 Начало работы для токена 15
2026-03-16 20:15:03.100 | INFO     | [portfolio_updater:scheduler] Токен 15: прошло 1.1 мин, интервал 1 мин
2026-03-16 20:15:03.100 | INFO     | [portfolio_updater:scheduler] 🔌 Подключение к T-Invest API...
2026-03-16 20:15:03.100 | INFO     | [portfolio_updater:scheduler] 📋 Запрос списка счетов...
2026-03-16 20:15:03.560 | INFO     | [portfolio_updater:scheduler] 📊 Найдено счетов: 6
2026-03-16 20:15:03.560 | INFO     | [portfolio_updater:scheduler]   → Счет 2004129678 (Брокерский счёт)
2026-03-16 20:15:06.180 | INFO     | [portfolio_updater:scheduler]     ✓ Снимок сохранен (ID: 2108)
2026-03-16 20:15:06.180 | INFO     | [portfolio_updater:scheduler]   → Счет 2294878624 (Pinkin)
2026-03-16 20:15:08.440 | INFO     | [portfolio_updater:scheduler]     ✓ Снимок сохранен (ID: 2109)
2026-03-16 20:15:08.440 | INFO     | [portfolio_updater:scheduler]   → Счет 2294881404 (Анти-мейнстрим Aggressive)
2026-03-16 20:15:10.956 | INFO     | [portfolio_updater:scheduler]     ✓ Снимок сохранен (ID: 2110)
2026-03-16 20:15:10.960 | INFO     | [portfolio_updater:scheduler]   → Счет 2310550801 (Активное инвестирование)
2026-03-16 20:15:11.880 | INFO     | [portfolio_updater:scheduler]     ✓ Снимок сохранен (ID: 2111)
2026-03-16 20:15:11.880 | INFO     | [portfolio_updater:scheduler]   → Счет 2310571252 (Стратегия роста РФ)
2026-03-16 20:15:13.606 | INFO     | [portfolio_updater:scheduler]     ✓ Снимок сохранен (ID: 2112)
2026-03-16 20:15:13.608 | INFO     | [portfolio_updater:scheduler]   → Счет 2311961700 (Народная Кубышка)
2026-03-16 20:15:16.134 | INFO     | [portfolio_updater:scheduler]     ✓ Снимок сохранен (ID: 2113)
2026-03-16 20:15:16.609 | INFO     | [portfolio_updater:scheduler] ✅ Работа завершена. Обновлено счетов: 6, снимков: 6
2026-03-16 20:15:16.612 | INFO     | [portfolio_updater:scheduler] ✅ Работа завершена за 13642ms
2026-03-16 20:15:16.612 | INFO     | [portfolio_updater:scheduler]    status: success
2026-03-16 20:15:16.612 | INFO     | [portfolio_updater:scheduler]    accounts_found: 6
2026-03-16 20:15:16.612 | INFO     | [portfolio_updater:scheduler]    portfolios_updated: 6
2026-03-16 20:15:16.612 | INFO     | [portfolio_updater:scheduler]    snapshots_saved: 6
2026-03-16 20:15:16.612 | INFO     | [portfolio_updater:scheduler]    refresh_interval_minutes: 1
2026-03-16 20:15:17.280 | INFO     | [portfolio_updater:scheduler] 📊 Итоги: всего=1, обработано=1, пропущено=0, ошибок=0
2026-03-16 20:15:17.280 | INFO     | [SYSTEM:SCHEDULER] 📊 Портфели: {'total': 1, 'processed': 1, 'skipped': 0, 'errors': []}
2026-03-16 20:15:17.287 | ERROR    | [SYSTEM:SCHEDULER] ❌ Ошибка в цикле: (psycopg2.errors.UndefinedColumn) column r.max_position_size does not exist
LINE 10:                     r.max_position_size,
                             ^

[SQL: 
                SELECT
                    r.id,
                    r.user_id,
                    r.token_id,
                    r.name,
                    r.strategy_name,
                    r.strategy_params,
                    r.account_id,
                    r.max_position_size,
                    r.max_daily_loss,
                    r.max_trades_per_day,
                    t.token
                FROM ganaly.trading_robots r
                         JOIN ganaly.api_tokens t ON r.token_id = t.id
                WHERE r.is_active = 1
                  AND r.status = 'active'
                  AND r.robot_type = 'trading'
                  AND t.is_active = 1                 ]
(Background on this error at: https://sqlalche.me/e/20/f405)
2026-03-16 20:16:17.324 | INFO     | [SYSTEM:SCHEDULER] 🔄 Запуск цикла обновления
2026-03-16 20:16:17.360 | INFO     | [portfolio_updater:scheduler] 🔄 Найдено 1 токенов для обработки
2026-03-16 20:16:17.360 | INFO     | [portfolio_updater:scheduler] ▶️ Запуск робота v1.0.0
2026-03-16 20:16:17.362 | INFO     | [portfolio_updater:scheduler]    User ID: 1, Token ID: 15
2026-03-16 20:16:17.858 | INFO     | [portfolio_updater:scheduler]    Запись в БД: ID 347
2026-03-16 20:16:17.858 | INFO     | [portfolio_updater:scheduler] 🚀 Начало работы для токена 15
2026-03-16 20:16:32.778 | INFO     | [portfolio_updater:scheduler] Токен 15: прошло 1.3 мин, интервал 1 мин
2026-03-16 20:16:32.778 | INFO     | [portfolio_updater:scheduler] 🔌 Подключение к T-Invest API...
2026-03-16 20:16:32.778 | INFO     | [portfolio_updater:scheduler] 📋 Запрос списка счетов...
2026-03-16 20:16:32.855 | INFO     | [portfolio_updater:scheduler] 📊 Найдено счетов: 6
2026-03-16 20:16:32.855 | INFO     | [portfolio_updater:scheduler]   → Счет 2004129678 (Брокерский счёт)
2026-03-16 20:16:33.063 | INFO     | [portfolio_updater:scheduler]     ✓ Снимок сохранен (ID: 2114)
2026-03-16 20:16:33.063 | INFO     | [portfolio_updater:scheduler]   → Счет 2294878624 (Pinkin)
2026-03-16 20:16:33.259 | INFO     | [portfolio_updater:scheduler]     ✓ Снимок сохранен (ID: 2115)
2026-03-16 20:16:33.259 | INFO     | [portfolio_updater:scheduler]   → Счет 2294881404 (Анти-мейнстрим Aggressive)
2026-03-16 20:16:33.429 | INFO     | [portfolio_updater:scheduler]     ✓ Снимок сохранен (ID: 2116)
2026-03-16 20:16:33.429 | INFO     | [portfolio_updater:scheduler]   → Счет 2310550801 (Активное инвестирование)
2026-03-16 20:16:33.719 | INFO     | [portfolio_updater:scheduler]     ✓ Снимок сохранен (ID: 2117)
2026-03-16 20:16:33.719 | INFO     | [portfolio_updater:scheduler]   → Счет 2310571252 (Стратегия роста РФ)
2026-03-16 20:16:35.513 | INFO     | [portfolio_updater:scheduler]     ✓ Снимок сохранен (ID: 2118)
2026-03-16 20:16:35.513 | INFO     | [portfolio_updater:scheduler]   → Счет 2311961700 (Народная Кубышка)
2026-03-16 20:16:36.030 | INFO     | [portfolio_updater:scheduler]     ✓ Снимок сохранен (ID: 2119)
2026-03-16 20:16:36.060 | INFO     | [portfolio_updater:scheduler] ✅ Работа завершена. Обновлено счетов: 6, снимков: 6
2026-03-16 20:16:36.060 | INFO     | [portfolio_updater:scheduler] ✅ Работа завершена за 18699ms
2026-03-16 20:16:36.060 | INFO     | [portfolio_updater:scheduler]    status: success
2026-03-16 20:16:36.060 | INFO     | [portfolio_updater:scheduler]    accounts_found: 6
2026-03-16 20:16:36.060 | INFO     | [portfolio_updater:scheduler]    portfolios_updated: 6
2026-03-16 20:16:36.060 | INFO     | [portfolio_updater:scheduler]    snapshots_saved: 6
2026-03-16 20:16:36.060 | INFO     | [portfolio_updater:scheduler]    refresh_interval_minutes: 1
2026-03-16 20:16:36.300 | INFO     | [portfolio_updater:scheduler] 📊 Итоги: всего=1, обработано=1, пропущено=0, ошибок=0
2026-03-16 20:16:36.300 | INFO     | [SYSTEM:SCHEDULER] 📊 Портфели: {'total': 1, 'processed': 1, 'skipped': 0, 'errors': []}
2026-03-16 20:16:36.310 | ERROR    | [SYSTEM:SCHEDULER] ❌ Ошибка в цикле: (psycopg2.errors.UndefinedColumn) column r.max_position_size does not exist
LINE 10:                     r.max_position_size,
                             ^

[SQL: 
                SELECT
                    r.id,
                    r.user_id,
                    r.token_id,
                    r.name,
                    r.strategy_name,
                    r.strategy_params,
                    r.account_id,
                    r.max_position_size,
                    r.max_daily_loss,
                    r.max_trades_per_day,
                    t.token
                FROM ganaly.trading_robots r
                         JOIN ganaly.api_tokens t ON r.token_id = t.id
                WHERE r.is_active = 1
                  AND r.status = 'active'
                  AND r.robot_type = 'trading'
                  AND t.is_active = 1                 ]
(Background on this error at: https://sqlalche.me/e/20/f405)
2026-03-16 20:17:36.293 | INFO     | [SYSTEM:SCHEDULER] 🔄 Запуск цикла обновления
2026-03-16 20:17:36.320 | INFO     | [portfolio_updater:scheduler] 🔄 Найдено 1 токенов для обработки
2026-03-16 20:17:36.320 | INFO     | [portfolio_updater:scheduler] ▶️ Запуск робота v1.0.0
2026-03-16 20:17:36.320 | INFO     | [portfolio_updater:scheduler]    User ID: 1, Token ID: 15
2026-03-16 20:17:36.346 | INFO     | [portfolio_updater:scheduler]    Запись в БД: ID 348
2026-03-16 20:17:36.346 | INFO     | [portfolio_updater:scheduler] 🚀 Начало работы для токена 15
2026-03-16 20:17:36.390 | INFO     | [portfolio_updater:scheduler] Токен 15: прошло 1.0 мин, интервал 1 мин
2026-03-16 20:17:36.390 | INFO     | [portfolio_updater:scheduler] 🔌 Подключение к T-Invest API...
2026-03-16 20:17:36.390 | INFO     | [portfolio_updater:scheduler] 📋 Запрос списка счетов...
2026-03-16 20:17:36.452 | INFO     | [portfolio_updater:scheduler] 📊 Найдено счетов: 6
2026-03-16 20:17:36.452 | INFO     | [portfolio_updater:scheduler]   → Счет 2004129678 (Брокерский счёт)
2026-03-16 20:17:36.625 | INFO     | [portfolio_updater:scheduler]     ✓ Снимок сохранен (ID: 2120)
2026-03-16 20:17:36.625 | INFO     | [portfolio_updater:scheduler]   → Счет 2294878624 (Pinkin)
2026-03-16 20:17:36.820 | INFO     | [portfolio_updater:scheduler]     ✓ Снимок сохранен (ID: 2121)
2026-03-16 20:17:36.820 | INFO     | [portfolio_updater:scheduler]   → Счет 2294881404 (Анти-мейнстрим Aggressive)
2026-03-16 20:17:37.000 | INFO     | [portfolio_updater:scheduler]     ✓ Снимок сохранен (ID: 2122)
2026-03-16 20:17:37.000 | INFO     | [portfolio_updater:scheduler]   → Счет 2310550801 (Активное инвестирование)
2026-03-16 20:17:37.375 | INFO     | [portfolio_updater:scheduler]     ✓ Снимок сохранен (ID: 2123)
2026-03-16 20:17:37.379 | INFO     | [portfolio_updater:scheduler]   → Счет 2310571252 (Стратегия роста РФ)
2026-03-16 20:17:37.955 | INFO     | [portfolio_updater:scheduler]     ✓ Снимок сохранен (ID: 2124)
2026-03-16 20:17:37.955 | INFO     | [portfolio_updater:scheduler]   → Счет 2311961700 (Народная Кубышка)
2026-03-16 20:17:38.180 | INFO     | [portfolio_updater:scheduler]     ✓ Снимок сохранен (ID: 2125)
2026-03-16 20:17:38.217 | INFO     | [portfolio_updater:scheduler] ✅ Работа завершена. Обновлено счетов: 6, снимков: 6
2026-03-16 20:17:38.217 | INFO     | [portfolio_updater:scheduler] ✅ Работа завершена за 1897ms
2026-03-16 20:17:38.217 | INFO     | [portfolio_updater:scheduler]    status: success
2026-03-16 20:17:38.217 | INFO     | [portfolio_updater:scheduler]    accounts_found: 6
2026-03-16 20:17:38.217 | INFO     | [portfolio_updater:scheduler]    portfolios_updated: 6
2026-03-16 20:17:38.217 | INFO     | [portfolio_updater:scheduler]    snapshots_saved: 6
2026-03-16 20:17:38.217 | INFO     | [portfolio_updater:scheduler]    refresh_interval_minutes: 1
2026-03-16 20:17:38.250 | INFO     | [portfolio_updater:scheduler] 📊 Итоги: всего=1, обработано=1, пропущено=0, ошибок=0
2026-03-16 20:17:38.250 | INFO     | [SYSTEM:SCHEDULER] 📊 Портфели: {'total': 1, 'processed': 1, 'skipped': 0, 'errors': []}
2026-03-16 20:17:38.250 | ERROR    | [SYSTEM:SCHEDULER] ❌ Ошибка в цикле: (psycopg2.errors.UndefinedColumn) column r.max_position_size does not exist
LINE 10:                     r.max_position_size,
                             ^

[SQL: 
                SELECT
                    r.id,
                    r.user_id,
                    r.token_id,
                    r.name,
                    r.strategy_name,
                    r.strategy_params,
                    r.account_id,
                    r.max_position_size,
                    r.max_daily_loss,
                    r.max_trades_per_day,
                    t.token
                FROM ganaly.trading_robots r
                         JOIN ganaly.api_tokens t ON r.token_id = t.id
                WHERE r.is_active = 1
                  AND r.status = 'active'
                  AND r.robot_type = 'trading'
                  AND t.is_active = 1                 ]
(Background on this error at: https://sqlalche.me/e/20/f405)
2026-03-16 20:18:38.279 | INFO     | [SYSTEM:SCHEDULER] 🔄 Запуск цикла обновления
2026-03-16 20:18:38.850 | INFO     | [portfolio_updater:scheduler] 🔄 Найдено 1 токенов для обработки
2026-03-16 20:18:38.850 | INFO     | [portfolio_updater:scheduler] ▶️ Запуск робота v1.0.0
2026-03-16 20:18:38.850 | INFO     | [portfolio_updater:scheduler]    User ID: 1, Token ID: 15
2026-03-16 20:18:40.064 | INFO     | [portfolio_updater:scheduler]    Запись в БД: ID 349
2026-03-16 20:18:40.064 | INFO     | [portfolio_updater:scheduler] 🚀 Начало работы для токена 15
2026-03-16 20:18:40.540 | INFO     | [portfolio_updater:scheduler] Токен 15: прошло 1.0 мин, интервал 1 мин
2026-03-16 20:18:40.540 | INFO     | [portfolio_updater:scheduler] 🔌 Подключение к T-Invest API...
2026-03-16 20:18:40.540 | INFO     | [portfolio_updater:scheduler] 📋 Запрос списка счетов...
2026-03-16 20:18:43.697 | INFO     | [portfolio_updater:scheduler] 📊 Найдено счетов: 6
2026-03-16 20:18:43.697 | INFO     | [portfolio_updater:scheduler]   → Счет 2004129678 (Брокерский счёт)
2026-03-16 20:18:50.062 | INFO     | [portfolio_updater:scheduler]     ✓ Снимок сохранен (ID: 2126)
2026-03-16 20:18:50.064 | INFO     | [portfolio_updater:scheduler]   → Счет 2294878624 (Pinkin)
2026-03-16 20:18:50.270 | INFO     | [portfolio_updater:scheduler]     ✓ Снимок сохранен (ID: 2127)
2026-03-16 20:18:50.270 | INFO     | [portfolio_updater:scheduler]   → Счет 2294881404 (Анти-мейнстрим Aggressive)
2026-03-16 20:18:50.480 | INFO     | [portfolio_updater:scheduler]     ✓ Снимок сохранен (ID: 2128)
2026-03-16 20:18:50.480 | INFO     | [portfolio_updater:scheduler]   → Счет 2310550801 (Активное инвестирование)
2026-03-16 20:18:50.819 | INFO     | [portfolio_updater:scheduler]     ✓ Снимок сохранен (ID: 2129)
2026-03-16 20:18:50.819 | INFO     | [portfolio_updater:scheduler]   → Счет 2310571252 (Стратегия роста РФ)
2026-03-16 20:18:51.117 | INFO     | [portfolio_updater:scheduler]     ✓ Снимок сохранен (ID: 2130)
2026-03-16 20:18:51.120 | INFO     | [portfolio_updater:scheduler]   → Счет 2311961700 (Народная Кубышка)
2026-03-16 20:18:51.445 | INFO     | [portfolio_updater:scheduler]     ✓ Снимок сохранен (ID: 2131)
2026-03-16 20:18:51.688 | INFO     | [portfolio_updater:scheduler] ✅ Работа завершена. Обновлено счетов: 6, снимков: 6
2026-03-16 20:18:51.688 | INFO     | [portfolio_updater:scheduler] ✅ Работа завершена за 12838ms
2026-03-16 20:18:51.688 | INFO     | [portfolio_updater:scheduler]    status: success
2026-03-16 20:18:51.688 | INFO     | [portfolio_updater:scheduler]    accounts_found: 6
2026-03-16 20:18:51.688 | INFO     | [portfolio_updater:scheduler]    portfolios_updated: 6
2026-03-16 20:18:51.688 | INFO     | [portfolio_updater:scheduler]    snapshots_saved: 6
2026-03-16 20:18:51.688 | INFO     | [portfolio_updater:scheduler]    refresh_interval_minutes: 1
2026-03-16 20:18:51.927 | INFO     | [portfolio_updater:scheduler] 📊 Итоги: всего=1, обработано=1, пропущено=0, ошибок=0
2026-03-16 20:18:51.928 | INFO     | [SYSTEM:SCHEDULER] 📊 Портфели: {'total': 1, 'processed': 1, 'skipped': 0, 'errors': []}
2026-03-16 20:18:51.938 | ERROR    | [SYSTEM:SCHEDULER] ❌ Ошибка в цикле: (psycopg2.errors.UndefinedColumn) column r.max_position_size does not exist
LINE 10:                     r.max_position_size,
                             ^

[SQL: 
                SELECT
                    r.id,
                    r.user_id,
                    r.token_id,
                    r.name,
                    r.strategy_name,
                    r.strategy_params,
                    r.account_id,
                    r.max_position_size,
                    r.max_daily_loss,
                    r.max_trades_per_day,
                    t.token
                FROM ganaly.trading_robots r
                         JOIN ganaly.api_tokens t ON r.token_id = t.id
                WHERE r.is_active = 1
                  AND r.status = 'active'
                  AND r.robot_type = 'trading'
                  AND t.is_active = 1                 ]
(Background on this error at: https://sqlalche.me/e/20/f405)
2026-03-16 20:19:51.944 | INFO     | [SYSTEM:SCHEDULER] 🔄 Запуск цикла обновления
2026-03-16 20:19:55.246 | INFO     | [portfolio_updater:scheduler] 🔄 Найдено 1 токенов для обработки
2026-03-16 20:19:55.248 | INFO     | [portfolio_updater:scheduler] ▶️ Запуск робота v1.0.0
2026-03-16 20:19:55.248 | INFO     | [portfolio_updater:scheduler]    User ID: 1, Token ID: 15
2026-03-16 20:19:55.290 | INFO     | [portfolio_updater:scheduler]    Запись в БД: ID 350
2026-03-16 20:19:55.290 | INFO     | [portfolio_updater:scheduler] 🚀 Начало работы для токена 15
2026-03-16 20:19:55.320 | INFO     | [portfolio_updater:scheduler] Токен 15: прошло 1.1 мин, интервал 1 мин
2026-03-16 20:19:55.320 | INFO     | [portfolio_updater:scheduler] 🔌 Подключение к T-Invest API...
2026-03-16 20:19:55.320 | INFO     | [portfolio_updater:scheduler] 📋 Запрос списка счетов...
2026-03-16 20:19:55.416 | INFO     | [portfolio_updater:scheduler] 📊 Найдено счетов: 6
2026-03-16 20:19:55.416 | INFO     | [portfolio_updater:scheduler]   → Счет 2004129678 (Брокерский счёт)
2026-03-16 20:19:55.873 | INFO     | [portfolio_updater:scheduler]     ✓ Снимок сохранен (ID: 2132)
2026-03-16 20:19:55.873 | INFO     | [portfolio_updater:scheduler]   → Счет 2294878624 (Pinkin)
2026-03-16 20:19:56.134 | INFO     | [portfolio_updater:scheduler]     ✓ Снимок сохранен (ID: 2133)
2026-03-16 20:19:56.134 | INFO     | [portfolio_updater:scheduler]   → Счет 2294881404 (Анти-мейнстрим Aggressive)
2026-03-16 20:19:56.380 | INFO     | [portfolio_updater:scheduler]     ✓ Снимок сохранен (ID: 2134)
2026-03-16 20:19:56.380 | INFO     | [portfolio_updater:scheduler]   → Счет 2310550801 (Активное инвестирование)
2026-03-16 20:19:56.689 | INFO     | [portfolio_updater:scheduler]     ✓ Снимок сохранен (ID: 2135)
2026-03-16 20:19:56.690 | INFO     | [portfolio_updater:scheduler]   → Счет 2310571252 (Стратегия роста РФ)
2026-03-16 20:19:56.911 | INFO     | [portfolio_updater:scheduler]     ✓ Снимок сохранен (ID: 2136)
2026-03-16 20:19:56.911 | INFO     | [portfolio_updater:scheduler]   → Счет 2311961700 (Народная Кубышка)
2026-03-16 20:19:57.150 | INFO     | [portfolio_updater:scheduler]     ✓ Снимок сохранен (ID: 2137)
2026-03-16 20:19:57.182 | INFO     | [portfolio_updater:scheduler] ✅ Работа завершена. Обновлено счетов: 6, снимков: 6
2026-03-16 20:19:57.182 | INFO     | [portfolio_updater:scheduler] ✅ Работа завершена за 1935ms
2026-03-16 20:19:57.182 | INFO     | [portfolio_updater:scheduler]    status: success
2026-03-16 20:19:57.182 | INFO     | [portfolio_updater:scheduler]    accounts_found: 6
2026-03-16 20:19:57.182 | INFO     | [portfolio_updater:scheduler]    portfolios_updated: 6
2026-03-16 20:19:57.183 | INFO     | [portfolio_updater:scheduler]    snapshots_saved: 6
2026-03-16 20:19:57.183 | INFO     | [portfolio_updater:scheduler]    refresh_interval_minutes: 1
2026-03-16 20:19:57.210 | INFO     | [portfolio_updater:scheduler] 📊 Итоги: всего=1, обработано=1, пропущено=0, ошибок=0
2026-03-16 20:19:57.211 | INFO     | [SYSTEM:SCHEDULER] 📊 Портфели: {'total': 1, 'processed': 1, 'skipped': 0, 'errors': []}
2026-03-16 20:19:57.217 | ERROR    | [SYSTEM:SCHEDULER] ❌ Ошибка в цикле: (psycopg2.errors.UndefinedColumn) column r.max_position_size does not exist
LINE 10:                     r.max_position_size,
                             ^

[SQL: 
                SELECT
                    r.id,
                    r.user_id,
                    r.token_id,
                    r.name,
                    r.strategy_name,
                    r.strategy_params,
                    r.account_id,
                    r.max_position_size,
                    r.max_daily_loss,
                    r.max_trades_per_day,
                    t.token
                FROM ganaly.trading_robots r
                         JOIN ganaly.api_tokens t ON r.token_id = t.id
                WHERE r.is_active = 1
                  AND r.status = 'active'
                  AND r.robot_type = 'trading'
                  AND t.is_active = 1                 ]
(Background on this error at: https://sqlalche.me/e/20/f405)
2026-03-16 20:20:57.222 | INFO     | [SYSTEM:SCHEDULER] 🔄 Запуск цикла обновления
2026-03-16 20:20:57.910 | INFO     | [portfolio_updater:scheduler] 🔄 Найдено 1 токенов для обработки
2026-03-16 20:20:57.910 | INFO     | [portfolio_updater:scheduler] ▶️ Запуск робота v1.0.0
2026-03-16 20:20:57.910 | INFO     | [portfolio_updater:scheduler]    User ID: 1, Token ID: 15
2026-03-16 20:20:58.404 | INFO     | [portfolio_updater:scheduler]    Запись в БД: ID 351
2026-03-16 20:20:58.404 | INFO     | [portfolio_updater:scheduler] 🚀 Начало работы для токена 15
2026-03-16 20:20:58.433 | INFO     | [portfolio_updater:scheduler] Токен 15: прошло 1.0 мин, интервал 1 мин
2026-03-16 20:20:58.433 | INFO     | [portfolio_updater:scheduler] 🔌 Подключение к T-Invest API...
2026-03-16 20:20:58.433 | INFO     | [portfolio_updater:scheduler] 📋 Запрос списка счетов...
2026-03-16 20:20:58.513 | INFO     | [portfolio_updater:scheduler] 📊 Найдено счетов: 6
2026-03-16 20:20:58.513 | INFO     | [portfolio_updater:scheduler]   → Счет 2004129678 (Брокерский счёт)
2026-03-16 20:20:58.952 | INFO     | [portfolio_updater:scheduler]     ✓ Снимок сохранен (ID: 2138)
2026-03-16 20:20:58.952 | INFO     | [portfolio_updater:scheduler]   → Счет 2294878624 (Pinkin)
2026-03-16 20:20:59.438 | INFO     | [portfolio_updater:scheduler]     ✓ Снимок сохранен (ID: 2139)
2026-03-16 20:20:59.438 | INFO     | [portfolio_updater:scheduler]   → Счет 2294881404 (Анти-мейнстрим Aggressive)
2026-03-16 20:20:59.933 | INFO     | [portfolio_updater:scheduler]     ✓ Снимок сохранен (ID: 2140)
2026-03-16 20:20:59.933 | INFO     | [portfolio_updater:scheduler]   → Счет 2310550801 (Активное инвестирование)
2026-03-16 20:21:00.766 | INFO     | [portfolio_updater:scheduler]     ✓ Снимок сохранен (ID: 2141)
2026-03-16 20:21:00.767 | INFO     | [portfolio_updater:scheduler]   → Счет 2310571252 (Стратегия роста РФ)
2026-03-16 20:21:02.310 | INFO     | [portfolio_updater:scheduler]     ✓ Снимок сохранен (ID: 2142)
2026-03-16 20:21:02.310 | INFO     | [portfolio_updater:scheduler]   → Счет 2311961700 (Народная Кубышка)
2026-03-16 20:21:03.613 | INFO     | [portfolio_updater:scheduler]     ✓ Снимок сохранен (ID: 2143)
2026-03-16 20:21:03.648 | INFO     | [portfolio_updater:scheduler] ✅ Работа завершена. Обновлено счетов: 6, снимков: 6
2026-03-16 20:21:03.648 | INFO     | [portfolio_updater:scheduler] ✅ Работа завершена за 5738ms
2026-03-16 20:21:03.648 | INFO     | [portfolio_updater:scheduler]    status: success
2026-03-16 20:21:03.648 | INFO     | [portfolio_updater:scheduler]    accounts_found: 6
2026-03-16 20:21:03.648 | INFO     | [portfolio_updater:scheduler]    portfolios_updated: 6
2026-03-16 20:21:03.649 | INFO     | [portfolio_updater:scheduler]    snapshots_saved: 6
2026-03-16 20:21:03.649 | INFO     | [portfolio_updater:scheduler]    refresh_interval_minutes: 1
2026-03-16 20:21:03.890 | INFO     | [portfolio_updater:scheduler] 📊 Итоги: всего=1, обработано=1, пропущено=0, ошибок=0
2026-03-16 20:21:03.890 | INFO     | [SYSTEM:SCHEDULER] 📊 Портфели: {'total': 1, 'processed': 1, 'skipped': 0, 'errors': []}
2026-03-16 20:21:03.902 | ERROR    | [SYSTEM:SCHEDULER] ❌ Ошибка в цикле: (psycopg2.errors.UndefinedColumn) column r.max_position_size does not exist
LINE 10:                     r.max_position_size,
                             ^

[SQL: 
                SELECT
                    r.id,
                    r.user_id,
                    r.token_id,
                    r.name,
                    r.strategy_name,
                    r.strategy_params,
                    r.account_id,
                    r.max_position_size,
                    r.max_daily_loss,
                    r.max_trades_per_day,
                    t.token
                FROM ganaly.trading_robots r
                         JOIN ganaly.api_tokens t ON r.token_id = t.id
                WHERE r.is_active = 1
                  AND r.status = 'active'
                  AND r.robot_type = 'trading'
                  AND t.is_active = 1                 ]
(Background on this error at: https://sqlalche.me/e/20/f405)
2026-03-16 20:22:03.932 | INFO     | [SYSTEM:SCHEDULER] 🔄 Запуск цикла обновления
2026-03-16 20:22:16.852 | INFO     | [portfolio_updater:scheduler] 🔄 Найдено 1 токенов для обработки
2026-03-16 20:22:16.852 | INFO     | [portfolio_updater:scheduler] ▶️ Запуск робота v1.0.0
2026-03-16 20:22:16.852 | INFO     | [portfolio_updater:scheduler]    User ID: 1, Token ID: 15
2026-03-16 20:22:16.904 | INFO     | [portfolio_updater:scheduler]    Запись в БД: ID 352
2026-03-16 20:22:16.904 | INFO     | [portfolio_updater:scheduler] 🚀 Начало работы для токена 15
2026-03-16 20:22:16.934 | INFO     | [portfolio_updater:scheduler] Токен 15: прошло 1.2 мин, интервал 1 мин
2026-03-16 20:22:16.934 | INFO     | [portfolio_updater:scheduler] 🔌 Подключение к T-Invest API...
2026-03-16 20:22:16.934 | INFO     | [portfolio_updater:scheduler] 📋 Запрос списка счетов...
2026-03-16 20:22:17.005 | INFO     | [portfolio_updater:scheduler] 📊 Найдено счетов: 6
2026-03-16 20:22:17.005 | INFO     | [portfolio_updater:scheduler]   → Счет 2004129678 (Брокерский счёт)
2026-03-16 20:22:17.213 | INFO     | [portfolio_updater:scheduler]     ✓ Снимок сохранен (ID: 2144)
2026-03-16 20:22:17.213 | INFO     | [portfolio_updater:scheduler]   → Счет 2294878624 (Pinkin)
2026-03-16 20:22:17.416 | INFO     | [portfolio_updater:scheduler]     ✓ Снимок сохранен (ID: 2145)
2026-03-16 20:22:17.416 | INFO     | [portfolio_updater:scheduler]   → Счет 2294881404 (Анти-мейнстрим Aggressive)
2026-03-16 20:22:18.648 | INFO     | [portfolio_updater:scheduler]     ✓ Снимок сохранен (ID: 2146)
2026-03-16 20:22:18.648 | INFO     | [portfolio_updater:scheduler]   → Счет 2310550801 (Активное инвестирование)
2026-03-16 20:22:20.237 | INFO     | [portfolio_updater:scheduler]     ✓ Снимок сохранен (ID: 2147)
2026-03-16 20:22:20.237 | INFO     | [portfolio_updater:scheduler]   → Счет 2310571252 (Стратегия роста РФ)
2026-03-16 20:22:20.509 | INFO     | [portfolio_updater:scheduler]     ✓ Снимок сохранен (ID: 2148)
2026-03-16 20:22:20.509 | INFO     | [portfolio_updater:scheduler]   → Счет 2311961700 (Народная Кубышка)
2026-03-16 20:22:20.743 | INFO     | [portfolio_updater:scheduler]     ✓ Снимок сохранен (ID: 2149)
2026-03-16 20:22:20.786 | INFO     | [portfolio_updater:scheduler] ✅ Работа завершена. Обновлено счетов: 6, снимков: 6
2026-03-16 20:22:20.786 | INFO     | [portfolio_updater:scheduler] ✅ Работа завершена за 3934ms
2026-03-16 20:22:20.786 | INFO     | [portfolio_updater:scheduler]    status: success
2026-03-16 20:22:20.786 | INFO     | [portfolio_updater:scheduler]    accounts_found: 6
2026-03-16 20:22:20.786 | INFO     | [portfolio_updater:scheduler]    portfolios_updated: 6
2026-03-16 20:22:20.786 | INFO     | [portfolio_updater:scheduler]    snapshots_saved: 6
2026-03-16 20:22:20.786 | INFO     | [portfolio_updater:scheduler]    refresh_interval_minutes: 1
2026-03-16 20:22:20.829 | INFO     | [portfolio_updater:scheduler] 📊 Итоги: всего=1, обработано=1, пропущено=0, ошибок=0
2026-03-16 20:22:20.829 | INFO     | [SYSTEM:SCHEDULER] 📊 Портфели: {'total': 1, 'processed': 1, 'skipped': 0, 'errors': []}
2026-03-16 20:22:20.834 | ERROR    | [SYSTEM:SCHEDULER] ❌ Ошибка в цикле: (psycopg2.errors.UndefinedColumn) column r.max_position_size does not exist
LINE 10:                     r.max_position_size,
                             ^

[SQL: 
                SELECT
                    r.id,
                    r.user_id,
                    r.token_id,
                    r.name,
                    r.strategy_name,
                    r.strategy_params,
                    r.account_id,
                    r.max_position_size,
                    r.max_daily_loss,
                    r.max_trades_per_day,
                    t.token
                FROM ganaly.trading_robots r
                         JOIN ganaly.api_tokens t ON r.token_id = t.id
                WHERE r.is_active = 1
                  AND r.status = 'active'
                  AND r.robot_type = 'trading'
                  AND t.is_active = 1                 ]
(Background on this error at: https://sqlalche.me/e/20/f405)
2026-03-16 20:23:21.504 | INFO     | [SYSTEM:SCHEDULER] 🔄 Запуск цикла обновления
2026-03-16 20:23:21.535 | INFO     | [portfolio_updater:scheduler] 🔄 Найдено 1 токенов для обработки
2026-03-16 20:23:21.535 | INFO     | [portfolio_updater:scheduler] ▶️ Запуск робота v1.0.0
2026-03-16 20:23:21.535 | INFO     | [portfolio_updater:scheduler]    User ID: 1, Token ID: 15
2026-03-16 20:23:22.470 | INFO     | [portfolio_updater:scheduler]    Запись в БД: ID 353
2026-03-16 20:23:22.472 | INFO     | [portfolio_updater:scheduler] 🚀 Начало работы для токена 15
2026-03-16 20:23:22.502 | INFO     | [portfolio_updater:scheduler] Токен 15: прошло 1.0 мин, интервал 1 мин
2026-03-16 20:23:22.502 | INFO     | [portfolio_updater:scheduler] 🔌 Подключение к T-Invest API...
2026-03-16 20:23:22.502 | INFO     | [portfolio_updater:scheduler] 📋 Запрос списка счетов...
2026-03-16 20:23:22.588 | INFO     | [portfolio_updater:scheduler] 📊 Найдено счетов: 6
2026-03-16 20:23:22.588 | INFO     | [portfolio_updater:scheduler]   → Счет 2004129678 (Брокерский счёт)
2026-03-16 20:23:23.044 | INFO     | [portfolio_updater:scheduler]     ✓ Снимок сохранен (ID: 2150)
2026-03-16 20:23:23.046 | INFO     | [portfolio_updater:scheduler]   → Счет 2294878624 (Pinkin)
2026-03-16 20:23:23.727 | INFO     | [portfolio_updater:scheduler]     ✓ Снимок сохранен (ID: 2151)
2026-03-16 20:23:23.727 | INFO     | [portfolio_updater:scheduler]   → Счет 2294881404 (Анти-мейнстрим Aggressive)
2026-03-16 20:23:25.002 | INFO     | [portfolio_updater:scheduler]     ✓ Снимок сохранен (ID: 2152)
2026-03-16 20:23:25.002 | INFO     | [portfolio_updater:scheduler]   → Счет 2310550801 (Активное инвестирование)
2026-03-16 20:23:25.864 | INFO     | [portfolio_updater:scheduler]     ✓ Снимок сохранен (ID: 2153)
2026-03-16 20:23:25.864 | INFO     | [portfolio_updater:scheduler]   → Счет 2310571252 (Стратегия роста РФ)
2026-03-16 20:23:26.869 | INFO     | [portfolio_updater:scheduler]     ✓ Снимок сохранен (ID: 2154)
2026-03-16 20:23:26.869 | INFO     | [portfolio_updater:scheduler]   → Счет 2311961700 (Народная Кубышка)
2026-03-16 20:23:27.359 | INFO     | [portfolio_updater:scheduler]     ✓ Снимок сохранен (ID: 2155)
2026-03-16 20:23:27.390 | INFO     | [portfolio_updater:scheduler] ✅ Работа завершена. Обновлено счетов: 6, снимков: 6
2026-03-16 20:23:27.390 | INFO     | [portfolio_updater:scheduler] ✅ Работа завершена за 5855ms
2026-03-16 20:23:27.390 | INFO     | [portfolio_updater:scheduler]    status: success
2026-03-16 20:23:27.390 | INFO     | [portfolio_updater:scheduler]    accounts_found: 6
2026-03-16 20:23:27.390 | INFO     | [portfolio_updater:scheduler]    portfolios_updated: 6
2026-03-16 20:23:27.390 | INFO     | [portfolio_updater:scheduler]    snapshots_saved: 6
2026-03-16 20:23:27.390 | INFO     | [portfolio_updater:scheduler]    refresh_interval_minutes: 1
2026-03-16 20:23:27.440 | INFO     | [portfolio_updater:scheduler] 📊 Итоги: всего=1, обработано=1, пропущено=0, ошибок=0
2026-03-16 20:23:27.440 | INFO     | [SYSTEM:SCHEDULER] 📊 Портфели: {'total': 1, 'processed': 1, 'skipped': 0, 'errors': []}
2026-03-16 20:23:27.450 | ERROR    | [SYSTEM:SCHEDULER] ❌ Ошибка в цикле: (psycopg2.errors.UndefinedColumn) column r.max_position_size does not exist
LINE 10:                     r.max_position_size,
                             ^

[SQL: 
                SELECT
                    r.id,
                    r.user_id,
                    r.token_id,
                    r.name,
                    r.strategy_name,
                    r.strategy_params,
                    r.account_id,
                    r.max_position_size,
                    r.max_daily_loss,
                    r.max_trades_per_day,
                    t.token
                FROM ganaly.trading_robots r
                         JOIN ganaly.api_tokens t ON r.token_id = t.id
                WHERE r.is_active = 1
                  AND r.status = 'active'
                  AND r.robot_type = 'trading'
                  AND t.is_active = 1                 ]
(Background on this error at: https://sqlalche.me/e/20/f405)
2026-03-16 20:24:27.473 | INFO     | [SYSTEM:SCHEDULER] 🔄 Запуск цикла обновления
2026-03-16 20:24:29.498 | INFO     | [portfolio_updater:scheduler] 🔄 Найдено 1 токенов для обработки
2026-03-16 20:24:29.498 | INFO     | [portfolio_updater:scheduler] ▶️ Запуск робота v1.0.0
2026-03-16 20:24:29.498 | INFO     | [portfolio_updater:scheduler]    User ID: 1, Token ID: 15
2026-03-16 20:24:29.861 | INFO     | [portfolio_updater:scheduler]    Запись в БД: ID 354
2026-03-16 20:24:29.861 | INFO     | [portfolio_updater:scheduler] 🚀 Начало работы для токена 15
2026-03-16 20:24:30.772 | INFO     | [portfolio_updater:scheduler] Токен 15: прошло 1.1 мин, интервал 1 мин
2026-03-16 20:24:30.772 | INFO     | [portfolio_updater:scheduler] 🔌 Подключение к T-Invest API...
2026-03-16 20:24:30.772 | INFO     | [portfolio_updater:scheduler] 📋 Запрос списка счетов...
2026-03-16 20:24:38.962 | INFO     | [portfolio_updater:scheduler] 📊 Найдено счетов: 6
2026-03-16 20:24:38.962 | INFO     | [portfolio_updater:scheduler]   → Счет 2004129678 (Брокерский счёт)
2026-03-16 20:24:39.169 | INFO     | [portfolio_updater:scheduler]     ✓ Снимок сохранен (ID: 2156)
2026-03-16 20:24:39.169 | INFO     | [portfolio_updater:scheduler]   → Счет 2294878624 (Pinkin)
2026-03-16 20:24:39.356 | INFO     | [portfolio_updater:scheduler]     ✓ Снимок сохранен (ID: 2157)
2026-03-16 20:24:39.356 | INFO     | [portfolio_updater:scheduler]   → Счет 2294881404 (Анти-мейнстрим Aggressive)
2026-03-16 20:24:39.999 | INFO     | [portfolio_updater:scheduler]     ✓ Снимок сохранен (ID: 2158)
2026-03-16 20:24:39.999 | INFO     | [portfolio_updater:scheduler]   → Счет 2310550801 (Активное инвестирование)
2026-03-16 20:24:45.926 | INFO     | [portfolio_updater:scheduler]     ✓ Снимок сохранен (ID: 2159)
2026-03-16 20:24:45.926 | INFO     | [portfolio_updater:scheduler]   → Счет 2310571252 (Стратегия роста РФ)
2026-03-16 20:24:48.561 | INFO     | [portfolio_updater:scheduler]     ✓ Снимок сохранен (ID: 2160)
2026-03-16 20:24:48.561 | INFO     | [portfolio_updater:scheduler]   → Счет 2311961700 (Народная Кубышка)
2026-03-16 20:24:48.793 | INFO     | [portfolio_updater:scheduler]     ✓ Снимок сохранен (ID: 2161)
2026-03-16 20:24:48.828 | INFO     | [portfolio_updater:scheduler] ✅ Работа завершена. Обновлено счетов: 6, снимков: 6
2026-03-16 20:24:48.828 | INFO     | [portfolio_updater:scheduler] ✅ Работа завершена за 19330ms
2026-03-16 20:24:48.828 | INFO     | [portfolio_updater:scheduler]    status: success
2026-03-16 20:24:48.828 | INFO     | [portfolio_updater:scheduler]    accounts_found: 6
2026-03-16 20:24:48.828 | INFO     | [portfolio_updater:scheduler]    portfolios_updated: 6
2026-03-16 20:24:48.828 | INFO     | [portfolio_updater:scheduler]    snapshots_saved: 6
2026-03-16 20:24:48.828 | INFO     | [portfolio_updater:scheduler]    refresh_interval_minutes: 1
2026-03-16 20:24:48.860 | INFO     | [portfolio_updater:scheduler] 📊 Итоги: всего=1, обработано=1, пропущено=0, ошибок=0
2026-03-16 20:24:48.860 | INFO     | [SYSTEM:SCHEDULER] 📊 Портфели: {'total': 1, 'processed': 1, 'skipped': 0, 'errors': []}
2026-03-16 20:24:48.880 | ERROR    | [SYSTEM:SCHEDULER] ❌ Ошибка в цикле: (psycopg2.errors.UndefinedColumn) column r.max_position_size does not exist
LINE 10:                     r.max_position_size,
                             ^

[SQL: 
                SELECT
                    r.id,
                    r.user_id,
                    r.token_id,
                    r.name,
                    r.strategy_name,
                    r.strategy_params,
                    r.account_id,
                    r.max_position_size,
                    r.max_daily_loss,
                    r.max_trades_per_day,
                    t.token
                FROM ganaly.trading_robots r
                         JOIN ganaly.api_tokens t ON r.token_id = t.id
                WHERE r.is_active = 1
                  AND r.status = 'active'
                  AND r.robot_type = 'trading'
                  AND t.is_active = 1                 ]
(Background on this error at: https://sqlalche.me/e/20/f405)
2026-03-16 20:25:48.892 | INFO     | [SYSTEM:SCHEDULER] 🔄 Запуск цикла обновления
2026-03-16 20:25:48.989 | INFO     | [portfolio_updater:scheduler] 🔄 Найдено 1 токенов для обработки
2026-03-16 20:25:48.992 | INFO     | [portfolio_updater:scheduler] ▶️ Запуск робота v1.0.0
2026-03-16 20:25:48.992 | INFO     | [portfolio_updater:scheduler]    User ID: 1, Token ID: 15
2026-03-16 20:25:49.024 | INFO     | [portfolio_updater:scheduler]    Запись в БД: ID 355
2026-03-16 20:25:49.026 | INFO     | [portfolio_updater:scheduler] 🚀 Начало работы для токена 15
2026-03-16 20:25:49.054 | INFO     | [portfolio_updater:scheduler] Токен 15: прошло 1.0 мин, интервал 1 мин
2026-03-16 20:25:49.054 | INFO     | [portfolio_updater:scheduler] 🔌 Подключение к T-Invest API...
2026-03-16 20:25:49.054 | INFO     | [portfolio_updater:scheduler] 📋 Запрос списка счетов...
2026-03-16 20:25:49.160 | INFO     | [portfolio_updater:scheduler] 📊 Найдено счетов: 6
2026-03-16 20:25:49.161 | INFO     | [portfolio_updater:scheduler]   → Счет 2004129678 (Брокерский счёт)
2026-03-16 20:25:49.360 | INFO     | [portfolio_updater:scheduler]     ✓ Снимок сохранен (ID: 2162)
2026-03-16 20:25:49.360 | INFO     | [portfolio_updater:scheduler]   → Счет 2294878624 (Pinkin)
2026-03-16 20:25:49.581 | INFO     | [portfolio_updater:scheduler]     ✓ Снимок сохранен (ID: 2163)
2026-03-16 20:25:49.581 | INFO     | [portfolio_updater:scheduler]   → Счет 2294881404 (Анти-мейнстрим Aggressive)
2026-03-16 20:25:49.797 | INFO     | [portfolio_updater:scheduler]     ✓ Снимок сохранен (ID: 2164)
2026-03-16 20:25:49.797 | INFO     | [portfolio_updater:scheduler]   → Счет 2310550801 (Активное инвестирование)
2026-03-16 20:25:50.519 | INFO     | [portfolio_updater:scheduler]     ✓ Снимок сохранен (ID: 2165)
2026-03-16 20:25:50.519 | INFO     | [portfolio_updater:scheduler]   → Счет 2310571252 (Стратегия роста РФ)
2026-03-16 20:25:52.181 | INFO     | [portfolio_updater:scheduler]     ✓ Снимок сохранен (ID: 2166)
2026-03-16 20:25:52.181 | INFO     | [portfolio_updater:scheduler]   → Счет 2311961700 (Народная Кубышка)
2026-03-16 20:25:53.222 | INFO     | [portfolio_updater:scheduler]     ✓ Снимок сохранен (ID: 2167)
2026-03-16 20:25:53.935 | INFO     | [portfolio_updater:scheduler] ✅ Работа завершена. Обновлено счетов: 6, снимков: 6
2026-03-16 20:25:53.935 | INFO     | [portfolio_updater:scheduler] ✅ Работа завершена за 4943ms
2026-03-16 20:25:53.935 | INFO     | [portfolio_updater:scheduler]    status: success
2026-03-16 20:25:53.935 | INFO     | [portfolio_updater:scheduler]    accounts_found: 6
2026-03-16 20:25:53.938 | INFO     | [portfolio_updater:scheduler]    portfolios_updated: 6
2026-03-16 20:25:53.938 | INFO     | [portfolio_updater:scheduler]    snapshots_saved: 6
2026-03-16 20:25:53.938 | INFO     | [portfolio_updater:scheduler]    refresh_interval_minutes: 1
2026-03-16 20:25:53.977 | INFO     | [portfolio_updater:scheduler] 📊 Итоги: всего=1, обработано=1, пропущено=0, ошибок=0
2026-03-16 20:25:53.977 | INFO     | [SYSTEM:SCHEDULER] 📊 Портфели: {'total': 1, 'processed': 1, 'skipped': 0, 'errors': []}
2026-03-16 20:25:53.986 | ERROR    | [SYSTEM:SCHEDULER] ❌ Ошибка в цикле: (psycopg2.errors.UndefinedColumn) column r.max_position_size does not exist
LINE 10:                     r.max_position_size,
                             ^

[SQL: 
                SELECT
                    r.id,
                    r.user_id,
                    r.token_id,
                    r.name,
                    r.strategy_name,
                    r.strategy_params,
                    r.account_id,
                    r.max_position_size,
                    r.max_daily_loss,
                    r.max_trades_per_day,
                    t.token
                FROM ganaly.trading_robots r
                         JOIN ganaly.api_tokens t ON r.token_id = t.id
                WHERE r.is_active = 1
                  AND r.status = 'active'
                  AND r.robot_type = 'trading'
                  AND t.is_active = 1                 ]
(Background on this error at: https://sqlalche.me/e/20/f405)
2026-03-16 20:26:53.996 | INFO     | [SYSTEM:SCHEDULER] 🔄 Запуск цикла обновления
2026-03-16 20:26:54.044 | INFO     | [portfolio_updater:scheduler] 🔄 Найдено 1 токенов для обработки
2026-03-16 20:26:54.044 | INFO     | [portfolio_updater:scheduler] ▶️ Запуск робота v1.0.0
2026-03-16 20:26:54.044 | INFO     | [portfolio_updater:scheduler]    User ID: 1, Token ID: 15
2026-03-16 20:26:54.302 | INFO     | [portfolio_updater:scheduler]    Запись в БД: ID 356
2026-03-16 20:26:54.302 | INFO     | [portfolio_updater:scheduler] 🚀 Начало работы для токена 15
2026-03-16 20:26:54.353 | INFO     | [portfolio_updater:scheduler] Токен 15: прошло 1.0 мин, интервал 1 мин
2026-03-16 20:26:54.353 | INFO     | [portfolio_updater:scheduler] 🔌 Подключение к T-Invest API...
2026-03-16 20:26:54.353 | INFO     | [portfolio_updater:scheduler] 📋 Запрос списка счетов...
2026-03-16 20:26:55.480 | INFO     | [portfolio_updater:scheduler] 📊 Найдено счетов: 6
2026-03-16 20:26:55.480 | INFO     | [portfolio_updater:scheduler]   → Счет 2004129678 (Брокерский счёт)
2026-03-16 20:26:55.685 | INFO     | [portfolio_updater:scheduler]     ✓ Снимок сохранен (ID: 2168)
2026-03-16 20:26:55.685 | INFO     | [portfolio_updater:scheduler]   → Счет 2294878624 (Pinkin)
2026-03-16 20:26:58.154 | INFO     | [portfolio_updater:scheduler]     ✓ Снимок сохранен (ID: 2169)
2026-03-16 20:26:58.154 | INFO     | [portfolio_updater:scheduler]   → Счет 2294881404 (Анти-мейнстрим Aggressive)
2026-03-16 20:26:58.372 | INFO     | [portfolio_updater:scheduler]     ✓ Снимок сохранен (ID: 2170)
2026-03-16 20:26:58.372 | INFO     | [portfolio_updater:scheduler]   → Счет 2310550801 (Активное инвестирование)
2026-03-16 20:26:59.083 | INFO     | [portfolio_updater:scheduler]     ✓ Снимок сохранен (ID: 2171)
2026-03-16 20:26:59.083 | INFO     | [portfolio_updater:scheduler]   → Счет 2310571252 (Стратегия роста РФ)
2026-03-16 20:27:01.200 | INFO     | [portfolio_updater:scheduler]     ✓ Снимок сохранен (ID: 2172)
2026-03-16 20:27:01.200 | INFO     | [portfolio_updater:scheduler]   → Счет 2311961700 (Народная Кубышка)
2026-03-16 20:27:01.469 | INFO     | [portfolio_updater:scheduler]     ✓ Снимок сохранен (ID: 2173)
2026-03-16 20:27:01.789 | INFO     | [portfolio_updater:scheduler] ✅ Работа завершена. Обновлено счетов: 6, снимков: 6
2026-03-16 20:27:01.789 | INFO     | [portfolio_updater:scheduler] ✅ Работа завершена за 7745ms
2026-03-16 20:27:01.789 | INFO     | [portfolio_updater:scheduler]    status: success
2026-03-16 20:27:01.789 | INFO     | [portfolio_updater:scheduler]    accounts_found: 6
2026-03-16 20:27:01.789 | INFO     | [portfolio_updater:scheduler]    portfolios_updated: 6
2026-03-16 20:27:01.789 | INFO     | [portfolio_updater:scheduler]    snapshots_saved: 6
2026-03-16 20:27:01.789 | INFO     | [portfolio_updater:scheduler]    refresh_interval_minutes: 1
2026-03-16 20:27:02.588 | INFO     | [portfolio_updater:scheduler] 📊 Итоги: всего=1, обработано=1, пропущено=0, ошибок=0
2026-03-16 20:27:02.588 | INFO     | [SYSTEM:SCHEDULER] 📊 Портфели: {'total': 1, 'processed': 1, 'skipped': 0, 'errors': []}
2026-03-16 20:27:02.596 | ERROR    | [SYSTEM:SCHEDULER] ❌ Ошибка в цикле: (psycopg2.errors.UndefinedColumn) column r.max_position_size does not exist
LINE 10:                     r.max_position_size,
                             ^

[SQL: 
                SELECT
                    r.id,
                    r.user_id,
                    r.token_id,
                    r.name,
                    r.strategy_name,
                    r.strategy_params,
                    r.account_id,
                    r.max_position_size,
                    r.max_daily_loss,
                    r.max_trades_per_day,
                    t.token
                FROM ganaly.trading_robots r
                         JOIN ganaly.api_tokens t ON r.token_id = t.id
                WHERE r.is_active = 1
                  AND r.status = 'active'
                  AND r.robot_type = 'trading'
                  AND t.is_active = 1                 ]
(Background on this error at: https://sqlalche.me/e/20/f405)
2026-03-16 20:28:02.619 | INFO     | [SYSTEM:SCHEDULER] 🔄 Запуск цикла обновления
2026-03-16 20:28:03.110 | INFO     | [portfolio_updater:scheduler] 🔄 Найдено 1 токенов для обработки
2026-03-16 20:28:03.112 | INFO     | [portfolio_updater:scheduler] ▶️ Запуск робота v1.0.0
2026-03-16 20:28:03.112 | INFO     | [portfolio_updater:scheduler]    User ID: 1, Token ID: 15
2026-03-16 20:28:03.380 | INFO     | [portfolio_updater:scheduler]    Запись в БД: ID 357
2026-03-16 20:28:03.380 | INFO     | [portfolio_updater:scheduler] 🚀 Начало работы для токена 15
2026-03-16 20:28:03.416 | INFO     | [portfolio_updater:scheduler] Токен 15: прошло 1.0 мин, интервал 1 мин
2026-03-16 20:28:03.416 | INFO     | [portfolio_updater:scheduler] 🔌 Подключение к T-Invest API...
2026-03-16 20:28:03.416 | INFO     | [portfolio_updater:scheduler] 📋 Запрос списка счетов...
2026-03-16 20:28:03.546 | INFO     | [portfolio_updater:scheduler] 📊 Найдено счетов: 6
2026-03-16 20:28:03.546 | INFO     | [portfolio_updater:scheduler]   → Счет 2004129678 (Брокерский счёт)
2026-03-16 20:28:04.061 | INFO     | [portfolio_updater:scheduler]     ✓ Снимок сохранен (ID: 2174)
2026-03-16 20:28:04.061 | INFO     | [portfolio_updater:scheduler]   → Счет 2294878624 (Pinkin)
2026-03-16 20:28:05.031 | INFO     | [portfolio_updater:scheduler]     ✓ Снимок сохранен (ID: 2175)
2026-03-16 20:28:05.031 | INFO     | [portfolio_updater:scheduler]   → Счет 2294881404 (Анти-мейнстрим Aggressive)
2026-03-16 20:28:05.256 | INFO     | [portfolio_updater:scheduler]     ✓ Снимок сохранен (ID: 2176)
2026-03-16 20:28:05.259 | INFO     | [portfolio_updater:scheduler]   → Счет 2310550801 (Активное инвестирование)
2026-03-16 20:28:05.819 | INFO     | [portfolio_updater:scheduler]     ✓ Снимок сохранен (ID: 2177)
2026-03-16 20:28:05.819 | INFO     | [portfolio_updater:scheduler]   → Счет 2310571252 (Стратегия роста РФ)
2026-03-16 20:28:06.049 | INFO     | [portfolio_updater:scheduler]     ✓ Снимок сохранен (ID: 2178)
2026-03-16 20:28:06.049 | INFO     | [portfolio_updater:scheduler]   → Счет 2311961700 (Народная Кубышка)
2026-03-16 20:28:06.644 | INFO     | [portfolio_updater:scheduler]     ✓ Снимок сохранен (ID: 2179)
2026-03-16 20:28:06.907 | INFO     | [portfolio_updater:scheduler] ✅ Работа завершена. Обновлено счетов: 6, снимков: 6
2026-03-16 20:28:06.907 | INFO     | [portfolio_updater:scheduler] ✅ Работа завершена за 3795ms
2026-03-16 20:28:06.907 | INFO     | [portfolio_updater:scheduler]    status: success
2026-03-16 20:28:06.907 | INFO     | [portfolio_updater:scheduler]    accounts_found: 6
2026-03-16 20:28:06.907 | INFO     | [portfolio_updater:scheduler]    portfolios_updated: 6
2026-03-16 20:28:06.907 | INFO     | [portfolio_updater:scheduler]    snapshots_saved: 6
2026-03-16 20:28:06.907 | INFO     | [portfolio_updater:scheduler]    refresh_interval_minutes: 1
2026-03-16 20:28:06.945 | INFO     | [portfolio_updater:scheduler] 📊 Итоги: всего=1, обработано=1, пропущено=0, ошибок=0
2026-03-16 20:28:06.945 | INFO     | [SYSTEM:SCHEDULER] 📊 Портфели: {'total': 1, 'processed': 1, 'skipped': 0, 'errors': []}
2026-03-16 20:28:06.960 | ERROR    | [SYSTEM:SCHEDULER] ❌ Ошибка в цикле: (psycopg2.errors.UndefinedColumn) column r.max_position_size does not exist
LINE 10:                     r.max_position_size,
                             ^

[SQL: 
                SELECT
                    r.id,
                    r.user_id,
                    r.token_id,
                    r.name,
                    r.strategy_name,
                    r.strategy_params,
                    r.account_id,
                    r.max_position_size,
                    r.max_daily_loss,
                    r.max_trades_per_day,
                    t.token
                FROM ganaly.trading_robots r
                         JOIN ganaly.api_tokens t ON r.token_id = t.id
                WHERE r.is_active = 1
                  AND r.status = 'active'
                  AND r.robot_type = 'trading'
                  AND t.is_active = 1                 ]
(Background on this error at: https://sqlalche.me/e/20/f405)
2026-03-16 20:29:06.972 | INFO     | [SYSTEM:SCHEDULER] 🔄 Запуск цикла обновления
2026-03-16 20:29:07.028 | INFO     | [portfolio_updater:scheduler] 🔄 Найдено 1 токенов для обработки
2026-03-16 20:29:07.030 | INFO     | [portfolio_updater:scheduler] ▶️ Запуск робота v1.0.0
2026-03-16 20:29:07.030 | INFO     | [portfolio_updater:scheduler]    User ID: 1, Token ID: 15
2026-03-16 20:29:07.069 | INFO     | [portfolio_updater:scheduler]    Запись в БД: ID 358
2026-03-16 20:29:07.069 | INFO     | [portfolio_updater:scheduler] 🚀 Начало работы для токена 15
2026-03-16 20:29:07.096 | INFO     | [portfolio_updater:scheduler] Токен 15: прошло 1.0 мин, интервал 1 мин
2026-03-16 20:29:07.096 | INFO     | [portfolio_updater:scheduler] 🔌 Подключение к T-Invest API...
2026-03-16 20:29:07.096 | INFO     | [portfolio_updater:scheduler] 📋 Запрос списка счетов...
2026-03-16 20:29:07.150 | INFO     | [portfolio_updater:scheduler] 📊 Найдено счетов: 6
2026-03-16 20:29:07.150 | INFO     | [portfolio_updater:scheduler]   → Счет 2004129678 (Брокерский счёт)
2026-03-16 20:29:07.319 | INFO     | [portfolio_updater:scheduler]     ✓ Снимок сохранен (ID: 2180)
2026-03-16 20:29:07.319 | INFO     | [portfolio_updater:scheduler]   → Счет 2294878624 (Pinkin)
2026-03-16 20:29:07.540 | INFO     | [portfolio_updater:scheduler]     ✓ Снимок сохранен (ID: 2181)
2026-03-16 20:29:07.540 | INFO     | [portfolio_updater:scheduler]   → Счет 2294881404 (Анти-мейнстрим Aggressive)
2026-03-16 20:29:07.958 | INFO     | [portfolio_updater:scheduler]     ✓ Снимок сохранен (ID: 2182)
2026-03-16 20:29:07.958 | INFO     | [portfolio_updater:scheduler]   → Счет 2310550801 (Активное инвестирование)
2026-03-16 20:29:08.669 | INFO     | [portfolio_updater:scheduler]     ✓ Снимок сохранен (ID: 2183)
2026-03-16 20:29:08.669 | INFO     | [portfolio_updater:scheduler]   → Счет 2310571252 (Стратегия роста РФ)
2026-03-16 20:29:08.900 | INFO     | [portfolio_updater:scheduler]     ✓ Снимок сохранен (ID: 2184)
2026-03-16 20:29:08.900 | INFO     | [portfolio_updater:scheduler]   → Счет 2311961700 (Народная Кубышка)
2026-03-16 20:29:09.334 | INFO     | [portfolio_updater:scheduler]     ✓ Снимок сохранен (ID: 2185)
2026-03-16 20:29:09.417 | INFO     | [portfolio_updater:scheduler] ✅ Работа завершена. Обновлено счетов: 6, снимков: 6
2026-03-16 20:29:09.417 | INFO     | [portfolio_updater:scheduler] ✅ Работа завершена за 2387ms
2026-03-16 20:29:09.417 | INFO     | [portfolio_updater:scheduler]    status: success
2026-03-16 20:29:09.417 | INFO     | [portfolio_updater:scheduler]    accounts_found: 6
2026-03-16 20:29:09.417 | INFO     | [portfolio_updater:scheduler]    portfolios_updated: 6
2026-03-16 20:29:09.417 | INFO     | [portfolio_updater:scheduler]    snapshots_saved: 6
2026-03-16 20:29:09.417 | INFO     | [portfolio_updater:scheduler]    refresh_interval_minutes: 1
2026-03-16 20:29:09.449 | INFO     | [portfolio_updater:scheduler] 📊 Итоги: всего=1, обработано=1, пропущено=0, ошибок=0
2026-03-16 20:29:09.449 | INFO     | [SYSTEM:SCHEDULER] 📊 Портфели: {'total': 1, 'processed': 1, 'skipped': 0, 'errors': []}
2026-03-16 20:29:09.461 | ERROR    | [SYSTEM:SCHEDULER] ❌ Ошибка в цикле: (psycopg2.errors.UndefinedColumn) column r.max_position_size does not exist
LINE 10:                     r.max_position_size,
                             ^

[SQL: 
                SELECT
                    r.id,
                    r.user_id,
                    r.token_id,
                    r.name,
                    r.strategy_name,
                    r.strategy_params,
                    r.account_id,
                    r.max_position_size,
                    r.max_daily_loss,
                    r.max_trades_per_day,
                    t.token
                FROM ganaly.trading_robots r
                         JOIN ganaly.api_tokens t ON r.token_id = t.id
                WHERE r.is_active = 1
                  AND r.status = 'active'
                  AND r.robot_type = 'trading'
                  AND t.is_active = 1                 ]
(Background on this error at: https://sqlalche.me/e/20/f405)
2026-03-16 20:30:09.479 | INFO     | [SYSTEM:SCHEDULER] 🔄 Запуск цикла обновления
2026-03-16 20:30:09.542 | INFO     | [portfolio_updater:scheduler] 🔄 Найдено 1 токенов для обработки
2026-03-16 20:30:09.542 | INFO     | [portfolio_updater:scheduler] ▶️ Запуск робота v1.0.0
2026-03-16 20:30:09.544 | INFO     | [portfolio_updater:scheduler]    User ID: 1, Token ID: 15
2026-03-16 20:30:09.582 | INFO     | [portfolio_updater:scheduler]    Запись в БД: ID 359
2026-03-16 20:30:09.582 | INFO     | [portfolio_updater:scheduler] 🚀 Начало работы для токена 15
2026-03-16 20:30:09.599 | INFO     | [portfolio_updater:scheduler] Токен 15: прошло 1.0 мин, интервал 1 мин
2026-03-16 20:30:09.599 | INFO     | [portfolio_updater:scheduler] 🔌 Подключение к T-Invest API...
2026-03-16 20:30:09.599 | INFO     | [portfolio_updater:scheduler] 📋 Запрос списка счетов...
2026-03-16 20:30:09.694 | INFO     | [portfolio_updater:scheduler] 📊 Найдено счетов: 6
2026-03-16 20:30:09.694 | INFO     | [portfolio_updater:scheduler]   → Счет 2004129678 (Брокерский счёт)
2026-03-16 20:30:09.959 | INFO     | [portfolio_updater:scheduler]     ✓ Снимок сохранен (ID: 2186)
2026-03-16 20:30:09.959 | INFO     | [portfolio_updater:scheduler]   → Счет 2294878624 (Pinkin)
2026-03-16 20:30:10.399 | INFO     | [portfolio_updater:scheduler]     ✓ Снимок сохранен (ID: 2187)
2026-03-16 20:30:10.399 | INFO     | [portfolio_updater:scheduler]   → Счет 2294881404 (Анти-мейнстрим Aggressive)
2026-03-16 20:30:10.614 | INFO     | [portfolio_updater:scheduler]     ✓ Снимок сохранен (ID: 2188)
2026-03-16 20:30:10.614 | INFO     | [portfolio_updater:scheduler]   → Счет 2310550801 (Активное инвестирование)
2026-03-16 20:30:10.899 | INFO     | [portfolio_updater:scheduler]     ✓ Снимок сохранен (ID: 2189)
2026-03-16 20:30:10.899 | INFO     | [portfolio_updater:scheduler]   → Счет 2310571252 (Стратегия роста РФ)
2026-03-16 20:30:11.119 | INFO     | [portfolio_updater:scheduler]     ✓ Снимок сохранен (ID: 2190)
2026-03-16 20:30:11.119 | INFO     | [portfolio_updater:scheduler]   → Счет 2311961700 (Народная Кубышка)
2026-03-16 20:30:11.538 | INFO     | [portfolio_updater:scheduler]     ✓ Снимок сохранен (ID: 2191)
2026-03-16 20:30:11.571 | INFO     | [portfolio_updater:scheduler] ✅ Работа завершена. Обновлено счетов: 6, снимков: 6
2026-03-16 20:30:11.571 | INFO     | [portfolio_updater:scheduler] ✅ Работа завершена за 2028ms
2026-03-16 20:30:11.571 | INFO     | [portfolio_updater:scheduler]    status: success
2026-03-16 20:30:11.571 | INFO     | [portfolio_updater:scheduler]    accounts_found: 6
2026-03-16 20:30:11.571 | INFO     | [portfolio_updater:scheduler]    portfolios_updated: 6
2026-03-16 20:30:11.571 | INFO     | [portfolio_updater:scheduler]    snapshots_saved: 6
2026-03-16 20:30:11.571 | INFO     | [portfolio_updater:scheduler]    refresh_interval_minutes: 1
2026-03-16 20:30:11.589 | INFO     | [portfolio_updater:scheduler] 📊 Итоги: всего=1, обработано=1, пропущено=0, ошибок=0
2026-03-16 20:30:11.589 | INFO     | [SYSTEM:SCHEDULER] 📊 Портфели: {'total': 1, 'processed': 1, 'skipped': 0, 'errors': []}
2026-03-16 20:30:11.603 | ERROR    | [SYSTEM:SCHEDULER] ❌ Ошибка в цикле: (psycopg2.errors.UndefinedColumn) column r.max_position_size does not exist
LINE 10:                     r.max_position_size,
                             ^

[SQL: 
                SELECT
                    r.id,
                    r.user_id,
                    r.token_id,
                    r.name,
                    r.strategy_name,
                    r.strategy_params,
                    r.account_id,
                    r.max_position_size,
                    r.max_daily_loss,
                    r.max_trades_per_day,
                    t.token
                FROM ganaly.trading_robots r
                         JOIN ganaly.api_tokens t ON r.token_id = t.id
                WHERE r.is_active = 1
                  AND r.status = 'active'
                  AND r.robot_type = 'trading'
                  AND t.is_active = 1                 ]
(Background on this error at: https://sqlalche.me/e/20/f405)
2026-03-16 20:31:11.632 | INFO     | [SYSTEM:SCHEDULER] 🔄 Запуск цикла обновления
2026-03-16 20:31:11.669 | INFO     | [portfolio_updater:scheduler] 🔄 Найдено 1 токенов для обработки
2026-03-16 20:31:11.669 | INFO     | [portfolio_updater:scheduler] ▶️ Запуск робота v1.0.0
2026-03-16 20:31:11.669 | INFO     | [portfolio_updater:scheduler]    User ID: 1, Token ID: 15
2026-03-16 20:31:11.755 | INFO     | [portfolio_updater:scheduler]    Запись в БД: ID 360
2026-03-16 20:31:11.755 | INFO     | [portfolio_updater:scheduler] 🚀 Начало работы для токена 15
2026-03-16 20:31:11.830 | INFO     | [portfolio_updater:scheduler] Токен 15: прошло 1.0 мин, интервал 1 мин
2026-03-16 20:31:11.830 | INFO     | [portfolio_updater:scheduler] 🔌 Подключение к T-Invest API...
2026-03-16 20:31:11.830 | INFO     | [portfolio_updater:scheduler] 📋 Запрос списка счетов...
2026-03-16 20:31:11.929 | INFO     | [portfolio_updater:scheduler] 📊 Найдено счетов: 6
2026-03-16 20:31:11.929 | INFO     | [portfolio_updater:scheduler]   → Счет 2004129678 (Брокерский счёт)
2026-03-16 20:31:12.147 | INFO     | [portfolio_updater:scheduler]     ✓ Снимок сохранен (ID: 2192)
2026-03-16 20:31:12.147 | INFO     | [portfolio_updater:scheduler]   → Счет 2294878624 (Pinkin)
2026-03-16 20:31:12.413 | INFO     | [portfolio_updater:scheduler]     ✓ Снимок сохранен (ID: 2193)
2026-03-16 20:31:12.413 | INFO     | [portfolio_updater:scheduler]   → Счет 2294881404 (Анти-мейнстрим Aggressive)
2026-03-16 20:31:12.908 | INFO     | [portfolio_updater:scheduler]     ✓ Снимок сохранен (ID: 2194)
2026-03-16 20:31:12.908 | INFO     | [portfolio_updater:scheduler]   → Счет 2310550801 (Активное инвестирование)
2026-03-16 20:31:13.270 | INFO     | [portfolio_updater:scheduler]     ✓ Снимок сохранен (ID: 2195)
2026-03-16 20:31:13.270 | INFO     | [portfolio_updater:scheduler]   → Счет 2310571252 (Стратегия роста РФ)
2026-03-16 20:31:13.799 | INFO     | [portfolio_updater:scheduler]     ✓ Снимок сохранен (ID: 2196)
2026-03-16 20:31:13.801 | INFO     | [portfolio_updater:scheduler]   → Счет 2311961700 (Народная Кубышка)
2026-03-16 20:31:14.153 | INFO     | [portfolio_updater:scheduler]     ✓ Снимок сохранен (ID: 2197)
2026-03-16 20:31:14.211 | INFO     | [portfolio_updater:scheduler] ✅ Работа завершена. Обновлено счетов: 6, снимков: 6
2026-03-16 20:31:14.212 | INFO     | [portfolio_updater:scheduler] ✅ Работа завершена за 2542ms
2026-03-16 20:31:14.212 | INFO     | [portfolio_updater:scheduler]    status: success
2026-03-16 20:31:14.212 | INFO     | [portfolio_updater:scheduler]    accounts_found: 6
2026-03-16 20:31:14.212 | INFO     | [portfolio_updater:scheduler]    portfolios_updated: 6
2026-03-16 20:31:14.212 | INFO     | [portfolio_updater:scheduler]    snapshots_saved: 6
2026-03-16 20:31:14.213 | INFO     | [portfolio_updater:scheduler]    refresh_interval_minutes: 1
2026-03-16 20:31:14.249 | INFO     | [portfolio_updater:scheduler] 📊 Итоги: всего=1, обработано=1, пропущено=0, ошибок=0
2026-03-16 20:31:14.249 | INFO     | [SYSTEM:SCHEDULER] 📊 Портфели: {'total': 1, 'processed': 1, 'skipped': 0, 'errors': []}
2026-03-16 20:31:14.277 | ERROR    | [SYSTEM:SCHEDULER] ❌ Ошибка в цикле: (psycopg2.errors.UndefinedColumn) column r.max_position_size does not exist
LINE 10:                     r.max_position_size,
                             ^

[SQL: 
                SELECT
                    r.id,
                    r.user_id,
                    r.token_id,
                    r.name,
                    r.strategy_name,
                    r.strategy_params,
                    r.account_id,
                    r.max_position_size,
                    r.max_daily_loss,
                    r.max_trades_per_day,
                    t.token
                FROM ganaly.trading_robots r
                         JOIN ganaly.api_tokens t ON r.token_id = t.id
                WHERE r.is_active = 1
                  AND r.status = 'active'
                  AND r.robot_type = 'trading'
                  AND t.is_active = 1                 ]
(Background on this error at: https://sqlalche.me/e/20/f405)
2026-03-16 20:32:14.292 | INFO     | [SYSTEM:SCHEDULER] 🔄 Запуск цикла обновления
2026-03-16 20:32:14.315 | INFO     | [portfolio_updater:scheduler] 🔄 Найдено 1 токенов для обработки
2026-03-16 20:32:14.317 | INFO     | [portfolio_updater:scheduler] ▶️ Запуск робота v1.0.0
2026-03-16 20:32:14.317 | INFO     | [portfolio_updater:scheduler]    User ID: 1, Token ID: 15
2026-03-16 20:32:14.347 | INFO     | [portfolio_updater:scheduler]    Запись в БД: ID 361
2026-03-16 20:32:14.348 | INFO     | [portfolio_updater:scheduler] 🚀 Начало работы для токена 15
2026-03-16 20:32:14.370 | INFO     | [portfolio_updater:scheduler] Токен 15: прошло 1.0 мин, интервал 1 мин
2026-03-16 20:32:14.370 | INFO     | [portfolio_updater:scheduler] 🔌 Подключение к T-Invest API...
2026-03-16 20:32:14.370 | INFO     | [portfolio_updater:scheduler] 📋 Запрос списка счетов...
2026-03-16 20:32:14.437 | INFO     | [portfolio_updater:scheduler] 📊 Найдено счетов: 6
2026-03-16 20:32:14.437 | INFO     | [portfolio_updater:scheduler]   → Счет 2004129678 (Брокерский счёт)
2026-03-16 20:32:14.596 | INFO     | [portfolio_updater:scheduler]     ✓ Снимок сохранен (ID: 2198)
2026-03-16 20:32:14.596 | INFO     | [portfolio_updater:scheduler]   → Счет 2294878624 (Pinkin)
2026-03-16 20:32:14.760 | INFO     | [portfolio_updater:scheduler]     ✓ Снимок сохранен (ID: 2199)
2026-03-16 20:32:14.760 | INFO     | [portfolio_updater:scheduler]   → Счет 2294881404 (Анти-мейнстрим Aggressive)
2026-03-16 20:32:15.178 | INFO     | [portfolio_updater:scheduler]     ✓ Снимок сохранен (ID: 2200)
2026-03-16 20:32:15.178 | INFO     | [portfolio_updater:scheduler]   → Счет 2310550801 (Активное инвестирование)
2026-03-16 20:32:15.429 | INFO     | [portfolio_updater:scheduler]     ✓ Снимок сохранен (ID: 2201)
2026-03-16 20:32:15.429 | INFO     | [portfolio_updater:scheduler]   → Счет 2310571252 (Стратегия роста РФ)
2026-03-16 20:32:32.820 | INFO     | [portfolio_updater:scheduler]     ✓ Снимок сохранен (ID: 2202)
2026-03-16 20:32:32.820 | INFO     | [portfolio_updater:scheduler]   → Счет 2311961700 (Народная Кубышка)
2026-03-16 20:32:33.113 | INFO     | [portfolio_updater:scheduler]     ✓ Снимок сохранен (ID: 2203)
2026-03-16 20:32:33.414 | INFO     | [portfolio_updater:scheduler] ✅ Работа завершена. Обновлено счетов: 6, снимков: 6
2026-03-16 20:32:33.414 | INFO     | [portfolio_updater:scheduler] ✅ Работа завершена за 19097ms
2026-03-16 20:32:33.414 | INFO     | [portfolio_updater:scheduler]    status: success
2026-03-16 20:32:33.416 | INFO     | [portfolio_updater:scheduler]    accounts_found: 6
2026-03-16 20:32:33.416 | INFO     | [portfolio_updater:scheduler]    portfolios_updated: 6
2026-03-16 20:32:33.416 | INFO     | [portfolio_updater:scheduler]    snapshots_saved: 6
2026-03-16 20:32:33.416 | INFO     | [portfolio_updater:scheduler]    refresh_interval_minutes: 1
2026-03-16 20:32:33.444 | INFO     | [portfolio_updater:scheduler] 📊 Итоги: всего=1, обработано=1, пропущено=0, ошибок=0
2026-03-16 20:32:33.444 | INFO     | [SYSTEM:SCHEDULER] 📊 Портфели: {'total': 1, 'processed': 1, 'skipped': 0, 'errors': []}
2026-03-16 20:32:33.458 | ERROR    | [SYSTEM:SCHEDULER] ❌ Ошибка в цикле: (psycopg2.errors.UndefinedColumn) column r.max_position_size does not exist
LINE 10:                     r.max_position_size,
                             ^

[SQL: 
                SELECT
                    r.id,
                    r.user_id,
                    r.token_id,
                    r.name,
                    r.strategy_name,
                    r.strategy_params,
                    r.account_id,
                    r.max_position_size,
                    r.max_daily_loss,
                    r.max_trades_per_day,
                    t.token
                FROM ganaly.trading_robots r
                         JOIN ganaly.api_tokens t ON r.token_id = t.id
                WHERE r.is_active = 1
                  AND r.status = 'active'
                  AND r.robot_type = 'trading'
                  AND t.is_active = 1                 ]
(Background on this error at: https://sqlalche.me/e/20/f405)
2026-03-16 20:33:33.474 | INFO     | [SYSTEM:SCHEDULER] 🔄 Запуск цикла обновления
2026-03-16 20:33:33.507 | INFO     | [portfolio_updater:scheduler] 🔄 Найдено 1 токенов для обработки
2026-03-16 20:33:33.507 | INFO     | [portfolio_updater:scheduler] ▶️ Запуск робота v1.0.0
2026-03-16 20:33:33.507 | INFO     | [portfolio_updater:scheduler]    User ID: 1, Token ID: 15
2026-03-16 20:33:33.541 | INFO     | [portfolio_updater:scheduler]    Запись в БД: ID 362
2026-03-16 20:33:33.541 | INFO     | [portfolio_updater:scheduler] 🚀 Начало работы для токена 15
2026-03-16 20:33:33.559 | INFO     | [portfolio_updater:scheduler] Токен 15: прошло 1.0 мин, интервал 1 мин
2026-03-16 20:33:33.559 | INFO     | [portfolio_updater:scheduler] 🔌 Подключение к T-Invest API...
2026-03-16 20:33:33.559 | INFO     | [portfolio_updater:scheduler] 📋 Запрос списка счетов...
2026-03-16 20:33:33.647 | INFO     | [portfolio_updater:scheduler] 📊 Найдено счетов: 6
2026-03-16 20:33:33.649 | INFO     | [portfolio_updater:scheduler]   → Счет 2004129678 (Брокерский счёт)
2026-03-16 20:33:33.864 | INFO     | [portfolio_updater:scheduler]     ✓ Снимок сохранен (ID: 2204)
2026-03-16 20:33:33.864 | INFO     | [portfolio_updater:scheduler]   → Счет 2294878624 (Pinkin)
2026-03-16 20:33:34.299 | INFO     | [portfolio_updater:scheduler]     ✓ Снимок сохранен (ID: 2205)
2026-03-16 20:33:34.299 | INFO     | [portfolio_updater:scheduler]   → Счет 2294881404 (Анти-мейнстрим Aggressive)
2026-03-16 20:33:37.702 | INFO     | [portfolio_updater:scheduler]     ✓ Снимок сохранен (ID: 2206)
2026-03-16 20:33:37.702 | INFO     | [portfolio_updater:scheduler]   → Счет 2310550801 (Активное инвестирование)
2026-03-16 20:33:38.011 | INFO     | [portfolio_updater:scheduler]     ✓ Снимок сохранен (ID: 2207)
2026-03-16 20:33:38.011 | INFO     | [portfolio_updater:scheduler]   → Счет 2310571252 (Стратегия роста РФ)
2026-03-16 20:33:38.553 | INFO     | [portfolio_updater:scheduler]     ✓ Снимок сохранен (ID: 2208)
2026-03-16 20:33:38.553 | INFO     | [portfolio_updater:scheduler]   → Счет 2311961700 (Народная Кубышка)
2026-03-16 20:33:38.963 | INFO     | [portfolio_updater:scheduler]     ✓ Снимок сохранен (ID: 2209)
2026-03-16 20:33:38.980 | INFO     | [portfolio_updater:scheduler] ✅ Работа завершена. Обновлено счетов: 6, снимков: 6
2026-03-16 20:33:38.980 | INFO     | [portfolio_updater:scheduler] ✅ Работа завершена за 5472ms
2026-03-16 20:33:38.980 | INFO     | [portfolio_updater:scheduler]    status: success
2026-03-16 20:33:38.980 | INFO     | [portfolio_updater:scheduler]    accounts_found: 6
2026-03-16 20:33:38.980 | INFO     | [portfolio_updater:scheduler]    portfolios_updated: 6
2026-03-16 20:33:38.980 | INFO     | [portfolio_updater:scheduler]    snapshots_saved: 6
2026-03-16 20:33:38.980 | INFO     | [portfolio_updater:scheduler]    refresh_interval_minutes: 1
2026-03-16 20:33:39.009 | INFO     | [portfolio_updater:scheduler] 📊 Итоги: всего=1, обработано=1, пропущено=0, ошибок=0
2026-03-16 20:33:39.009 | INFO     | [SYSTEM:SCHEDULER] 📊 Портфели: {'total': 1, 'processed': 1, 'skipped': 0, 'errors': []}
2026-03-16 20:33:39.009 | ERROR    | [SYSTEM:SCHEDULER] ❌ Ошибка в цикле: (psycopg2.errors.UndefinedColumn) column r.max_position_size does not exist
LINE 10:                     r.max_position_size,
                             ^

[SQL: 
                SELECT
                    r.id,
                    r.user_id,
                    r.token_id,
                    r.name,
                    r.strategy_name,
                    r.strategy_params,
                    r.account_id,
                    r.max_position_size,
                    r.max_daily_loss,
                    r.max_trades_per_day,
                    t.token
                FROM ganaly.trading_robots r
                         JOIN ganaly.api_tokens t ON r.token_id = t.id
                WHERE r.is_active = 1
                  AND r.status = 'active'
                  AND r.robot_type = 'trading'
                  AND t.is_active = 1                 ]
(Background on this error at: https://sqlalche.me/e/20/f405)
2026-03-16 20:34:39.020 | INFO     | [SYSTEM:SCHEDULER] 🔄 Запуск цикла обновления
2026-03-16 20:34:45.970 | INFO     | [portfolio_updater:scheduler] 🔄 Найдено 1 токенов для обработки
2026-03-16 20:34:45.970 | INFO     | [portfolio_updater:scheduler] ▶️ Запуск робота v1.0.0
2026-03-16 20:34:45.970 | INFO     | [portfolio_updater:scheduler]    User ID: 1, Token ID: 15
2026-03-16 20:34:46.009 | INFO     | [portfolio_updater:scheduler]    Запись в БД: ID 363
2026-03-16 20:34:46.009 | INFO     | [portfolio_updater:scheduler] 🚀 Начало работы для токена 15
2026-03-16 20:34:46.040 | INFO     | [portfolio_updater:scheduler] Токен 15: прошло 1.1 мин, интервал 1 мин
2026-03-16 20:34:46.040 | INFO     | [portfolio_updater:scheduler] 🔌 Подключение к T-Invest API...
2026-03-16 20:34:46.042 | INFO     | [portfolio_updater:scheduler] 📋 Запрос списка счетов...
2026-03-16 20:34:46.123 | INFO     | [portfolio_updater:scheduler] 📊 Найдено счетов: 6
2026-03-16 20:34:46.123 | INFO     | [portfolio_updater:scheduler]   → Счет 2004129678 (Брокерский счёт)
2026-03-16 20:34:46.369 | INFO     | [portfolio_updater:scheduler]     ✓ Снимок сохранен (ID: 2210)
2026-03-16 20:34:46.371 | INFO     | [portfolio_updater:scheduler]   → Счет 2294878624 (Pinkin)
2026-03-16 20:34:46.614 | INFO     | [portfolio_updater:scheduler]     ✓ Снимок сохранен (ID: 2211)
2026-03-16 20:34:46.614 | INFO     | [portfolio_updater:scheduler]   → Счет 2294881404 (Анти-мейнстрим Aggressive)
2026-03-16 20:34:47.029 | INFO     | [portfolio_updater:scheduler]     ✓ Снимок сохранен (ID: 2212)
2026-03-16 20:34:47.029 | INFO     | [portfolio_updater:scheduler]   → Счет 2310550801 (Активное инвестирование)
2026-03-16 20:34:47.799 | INFO     | [portfolio_updater:scheduler]     ✓ Снимок сохранен (ID: 2213)
2026-03-16 20:34:47.799 | INFO     | [portfolio_updater:scheduler]   → Счет 2310571252 (Стратегия роста РФ)
2026-03-16 20:34:48.500 | INFO     | [portfolio_updater:scheduler]     ✓ Снимок сохранен (ID: 2214)
2026-03-16 20:34:48.501 | INFO     | [portfolio_updater:scheduler]   → Счет 2311961700 (Народная Кубышка)
2026-03-16 20:34:50.964 | INFO     | [portfolio_updater:scheduler]     ✓ Снимок сохранен (ID: 2215)
2026-03-16 20:34:50.996 | INFO     | [portfolio_updater:scheduler] ✅ Работа завершена. Обновлено счетов: 6, снимков: 6
2026-03-16 20:34:50.996 | INFO     | [portfolio_updater:scheduler] ✅ Работа завершена за 5025ms
2026-03-16 20:34:50.996 | INFO     | [portfolio_updater:scheduler]    status: success
2026-03-16 20:34:50.996 | INFO     | [portfolio_updater:scheduler]    accounts_found: 6
2026-03-16 20:34:50.996 | INFO     | [portfolio_updater:scheduler]    portfolios_updated: 6
2026-03-16 20:34:50.996 | INFO     | [portfolio_updater:scheduler]    snapshots_saved: 6
2026-03-16 20:34:50.996 | INFO     | [portfolio_updater:scheduler]    refresh_interval_minutes: 1
2026-03-16 20:34:51.303 | INFO     | [portfolio_updater:scheduler] 📊 Итоги: всего=1, обработано=1, пропущено=0, ошибок=0
2026-03-16 20:34:51.303 | INFO     | [SYSTEM:SCHEDULER] 📊 Портфели: {'total': 1, 'processed': 1, 'skipped': 0, 'errors': []}
2026-03-16 20:34:51.315 | ERROR    | [SYSTEM:SCHEDULER] ❌ Ошибка в цикле: (psycopg2.errors.UndefinedColumn) column r.max_position_size does not exist
LINE 10:                     r.max_position_size,
                             ^

[SQL: 
                SELECT
                    r.id,
                    r.user_id,
                    r.token_id,
                    r.name,
                    r.strategy_name,
                    r.strategy_params,
                    r.account_id,
                    r.max_position_size,
                    r.max_daily_loss,
                    r.max_trades_per_day,
                    t.token
                FROM ganaly.trading_robots r
                         JOIN ganaly.api_tokens t ON r.token_id = t.id
                WHERE r.is_active = 1
                  AND r.status = 'active'
                  AND r.robot_type = 'trading'
                  AND t.is_active = 1                 ]
(Background on this error at: https://sqlalche.me/e/20/f405)
2026-03-16 20:35:51.326 | INFO     | [SYSTEM:SCHEDULER] 🔄 Запуск цикла обновления
2026-03-16 20:35:51.829 | INFO     | [portfolio_updater:scheduler] 🔄 Найдено 1 токенов для обработки
2026-03-16 20:35:51.829 | INFO     | [portfolio_updater:scheduler] ▶️ Запуск робота v1.0.0
2026-03-16 20:35:51.829 | INFO     | [portfolio_updater:scheduler]    User ID: 1, Token ID: 15
2026-03-16 20:35:56.005 | INFO     | [portfolio_updater:scheduler]    Запись в БД: ID 364
2026-03-16 20:35:56.005 | INFO     | [portfolio_updater:scheduler] 🚀 Начало работы для токена 15
2026-03-16 20:35:56.025 | INFO     | [portfolio_updater:scheduler] Токен 15: прошло 1.1 мин, интервал 1 мин
2026-03-16 20:35:56.025 | INFO     | [portfolio_updater:scheduler] 🔌 Подключение к T-Invest API...
2026-03-16 20:35:56.025 | INFO     | [portfolio_updater:scheduler] 📋 Запрос списка счетов...
2026-03-16 20:35:56.088 | INFO     | [portfolio_updater:scheduler] 📊 Найдено счетов: 6
2026-03-16 20:35:56.088 | INFO     | [portfolio_updater:scheduler]   → Счет 2004129678 (Брокерский счёт)
2026-03-16 20:35:56.304 | INFO     | [portfolio_updater:scheduler]     ✓ Снимок сохранен (ID: 2216)
2026-03-16 20:35:56.304 | INFO     | [portfolio_updater:scheduler]   → Счет 2294878624 (Pinkin)
2026-03-16 20:35:56.719 | INFO     | [portfolio_updater:scheduler]     ✓ Снимок сохранен (ID: 2217)
2026-03-16 20:35:56.719 | INFO     | [portfolio_updater:scheduler]   → Счет 2294881404 (Анти-мейнстрим Aggressive)
2026-03-16 20:35:56.927 | INFO     | [portfolio_updater:scheduler]     ✓ Снимок сохранен (ID: 2218)
2026-03-16 20:35:56.928 | INFO     | [portfolio_updater:scheduler]   → Счет 2310550801 (Активное инвестирование)
2026-03-16 20:35:57.214 | INFO     | [portfolio_updater:scheduler]     ✓ Снимок сохранен (ID: 2219)
2026-03-16 20:35:57.214 | INFO     | [portfolio_updater:scheduler]   → Счет 2310571252 (Стратегия роста РФ)
2026-03-16 20:35:57.467 | INFO     | [portfolio_updater:scheduler]     ✓ Снимок сохранен (ID: 2220)
2026-03-16 20:35:57.467 | INFO     | [portfolio_updater:scheduler]   → Счет 2311961700 (Народная Кубышка)
2026-03-16 20:35:57.891 | INFO     | [portfolio_updater:scheduler]     ✓ Снимок сохранен (ID: 2221)
2026-03-16 20:35:57.911 | INFO     | [portfolio_updater:scheduler] ✅ Работа завершена. Обновлено счетов: 6, снимков: 6
2026-03-16 20:35:57.911 | INFO     | [portfolio_updater:scheduler] ✅ Работа завершена за 6082ms
2026-03-16 20:35:57.911 | INFO     | [portfolio_updater:scheduler]    status: success
2026-03-16 20:35:57.911 | INFO     | [portfolio_updater:scheduler]    accounts_found: 6
2026-03-16 20:35:57.911 | INFO     | [portfolio_updater:scheduler]    portfolios_updated: 6
2026-03-16 20:35:57.911 | INFO     | [portfolio_updater:scheduler]    snapshots_saved: 6
2026-03-16 20:35:57.911 | INFO     | [portfolio_updater:scheduler]    refresh_interval_minutes: 1
2026-03-16 20:35:57.937 | INFO     | [portfolio_updater:scheduler] 📊 Итоги: всего=1, обработано=1, пропущено=0, ошибок=0
2026-03-16 20:35:57.937 | INFO     | [SYSTEM:SCHEDULER] 📊 Портфели: {'total': 1, 'processed': 1, 'skipped': 0, 'errors': []}
2026-03-16 20:35:57.945 | ERROR    | [SYSTEM:SCHEDULER] ❌ Ошибка в цикле: (psycopg2.errors.UndefinedColumn) column r.max_position_size does not exist
LINE 10:                     r.max_position_size,
                             ^

[SQL: 
                SELECT
                    r.id,
                    r.user_id,
                    r.token_id,
                    r.name,
                    r.strategy_name,
                    r.strategy_params,
                    r.account_id,
                    r.max_position_size,
                    r.max_daily_loss,
                    r.max_trades_per_day,
                    t.token
                FROM ganaly.trading_robots r
                         JOIN ganaly.api_tokens t ON r.token_id = t.id
                WHERE r.is_active = 1
                  AND r.status = 'active'
                  AND r.robot_type = 'trading'
                  AND t.is_active = 1                 ]
(Background on this error at: https://sqlalche.me/e/20/f405)
2026-03-16 20:36:57.956 | INFO     | [SYSTEM:SCHEDULER] 🔄 Запуск цикла обновления
2026-03-16 20:36:58.203 | INFO     | [portfolio_updater:scheduler] 🔄 Найдено 1 токенов для обработки
2026-03-16 20:36:58.204 | INFO     | [portfolio_updater:scheduler] ▶️ Запуск робота v1.0.0
2026-03-16 20:36:58.204 | INFO     | [portfolio_updater:scheduler]    User ID: 1, Token ID: 15
2026-03-16 20:36:58.233 | INFO     | [portfolio_updater:scheduler]    Запись в БД: ID 365
2026-03-16 20:36:58.233 | INFO     | [portfolio_updater:scheduler] 🚀 Начало работы для токена 15
2026-03-16 20:36:58.257 | INFO     | [portfolio_updater:scheduler] Токен 15: прошло 1.0 мин, интервал 1 мин
2026-03-16 20:36:58.257 | INFO     | [portfolio_updater:scheduler] 🔌 Подключение к T-Invest API...
2026-03-16 20:36:58.257 | INFO     | [portfolio_updater:scheduler] 📋 Запрос списка счетов...
2026-03-16 20:36:58.336 | INFO     | [portfolio_updater:scheduler] 📊 Найдено счетов: 6
2026-03-16 20:36:58.336 | INFO     | [portfolio_updater:scheduler]   → Счет 2004129678 (Брокерский счёт)
2026-03-16 20:36:59.752 | INFO     | [portfolio_updater:scheduler]     ✓ Снимок сохранен (ID: 2222)
2026-03-16 20:36:59.753 | INFO     | [portfolio_updater:scheduler]   → Счет 2294878624 (Pinkin)
2026-03-16 20:37:00.180 | INFO     | [portfolio_updater:scheduler]     ✓ Снимок сохранен (ID: 2223)
2026-03-16 20:37:00.181 | INFO     | [portfolio_updater:scheduler]   → Счет 2294881404 (Анти-мейнстрим Aggressive)
2026-03-16 20:37:00.351 | INFO     | [portfolio_updater:scheduler]     ✓ Снимок сохранен (ID: 2224)
2026-03-16 20:37:00.351 | INFO     | [portfolio_updater:scheduler]   → Счет 2310550801 (Активное инвестирование)
2026-03-16 20:37:11.494 | INFO     | [portfolio_updater:scheduler]     ✓ Снимок сохранен (ID: 2225)
2026-03-16 20:37:11.494 | INFO     | [portfolio_updater:scheduler]   → Счет 2310571252 (Стратегия роста РФ)
2026-03-16 20:37:11.899 | INFO     | [portfolio_updater:scheduler]     ✓ Снимок сохранен (ID: 2226)
2026-03-16 20:37:11.899 | INFO     | [portfolio_updater:scheduler]   → Счет 2311961700 (Народная Кубышка)
2026-03-16 20:37:12.127 | INFO     | [portfolio_updater:scheduler]     ✓ Снимок сохранен (ID: 2227)
2026-03-16 20:37:12.150 | INFO     | [portfolio_updater:scheduler] ✅ Работа завершена. Обновлено счетов: 6, снимков: 6
2026-03-16 20:37:12.151 | INFO     | [portfolio_updater:scheduler] ✅ Работа завершена за 13948ms
2026-03-16 20:37:12.151 | INFO     | [portfolio_updater:scheduler]    status: success
2026-03-16 20:37:12.151 | INFO     | [portfolio_updater:scheduler]    accounts_found: 6
2026-03-16 20:37:12.151 | INFO     | [portfolio_updater:scheduler]    portfolios_updated: 6
2026-03-16 20:37:12.151 | INFO     | [portfolio_updater:scheduler]    snapshots_saved: 6
2026-03-16 20:37:12.151 | INFO     | [portfolio_updater:scheduler]    refresh_interval_minutes: 1
2026-03-16 20:37:12.171 | INFO     | [portfolio_updater:scheduler] 📊 Итоги: всего=1, обработано=1, пропущено=0, ошибок=0
2026-03-16 20:37:12.171 | INFO     | [SYSTEM:SCHEDULER] 📊 Портфели: {'total': 1, 'processed': 1, 'skipped': 0, 'errors': []}
2026-03-16 20:37:12.179 | ERROR    | [SYSTEM:SCHEDULER] ❌ Ошибка в цикле: (psycopg2.errors.UndefinedColumn) column r.max_position_size does not exist
LINE 10:                     r.max_position_size,
                             ^

[SQL: 
                SELECT
                    r.id,
                    r.user_id,
                    r.token_id,
                    r.name,
                    r.strategy_name,
                    r.strategy_params,
                    r.account_id,
                    r.max_position_size,
                    r.max_daily_loss,
                    r.max_trades_per_day,
                    t.token
                FROM ganaly.trading_robots r
                         JOIN ganaly.api_tokens t ON r.token_id = t.id
                WHERE r.is_active = 1
                  AND r.status = 'active'
                  AND r.robot_type = 'trading'
                  AND t.is_active = 1                 ]
(Background on this error at: https://sqlalche.me/e/20/f405)
2026-03-16 20:38:12.177 | INFO     | [SYSTEM:SCHEDULER] 🔄 Запуск цикла обновления
2026-03-16 20:38:12.199 | INFO     | [portfolio_updater:scheduler] 🔄 Найдено 1 токенов для обработки
2026-03-16 20:38:12.199 | INFO     | [portfolio_updater:scheduler] ▶️ Запуск робота v1.0.0
2026-03-16 20:38:12.199 | INFO     | [portfolio_updater:scheduler]    User ID: 1, Token ID: 15
2026-03-16 20:38:12.246 | INFO     | [portfolio_updater:scheduler]    Запись в БД: ID 366
2026-03-16 20:38:12.246 | INFO     | [portfolio_updater:scheduler] 🚀 Начало работы для токена 15
2026-03-16 20:38:12.269 | INFO     | [portfolio_updater:scheduler] Токен 15: прошло 1.0 мин, интервал 1 мин
2026-03-16 20:38:12.269 | INFO     | [portfolio_updater:scheduler] 🔌 Подключение к T-Invest API...
2026-03-16 20:38:12.269 | INFO     | [portfolio_updater:scheduler] 📋 Запрос списка счетов...
2026-03-16 20:38:12.336 | INFO     | [portfolio_updater:scheduler] 📊 Найдено счетов: 6
2026-03-16 20:38:12.338 | INFO     | [portfolio_updater:scheduler]   → Счет 2004129678 (Брокерский счёт)
2026-03-16 20:38:12.596 | INFO     | [portfolio_updater:scheduler]     ✓ Снимок сохранен (ID: 2228)
2026-03-16 20:38:12.596 | INFO     | [portfolio_updater:scheduler]   → Счет 2294878624 (Pinkin)
2026-03-16 20:38:15.608 | INFO     | [portfolio_updater:scheduler]     ✓ Снимок сохранен (ID: 2229)
2026-03-16 20:38:15.609 | INFO     | [portfolio_updater:scheduler]   → Счет 2294881404 (Анти-мейнстрим Aggressive)
2026-03-16 20:38:16.425 | INFO     | [portfolio_updater:scheduler]     ✓ Снимок сохранен (ID: 2230)
2026-03-16 20:38:16.425 | INFO     | [portfolio_updater:scheduler]   → Счет 2310550801 (Активное инвестирование)
2026-03-16 20:38:17.039 | INFO     | [portfolio_updater:scheduler]     ✓ Снимок сохранен (ID: 2231)
2026-03-16 20:38:17.043 | INFO     | [portfolio_updater:scheduler]   → Счет 2310571252 (Стратегия роста РФ)
2026-03-16 20:38:18.064 | INFO     | [portfolio_updater:scheduler]     ✓ Снимок сохранен (ID: 2232)
2026-03-16 20:38:18.064 | INFO     | [portfolio_updater:scheduler]   → Счет 2311961700 (Народная Кубышка)
2026-03-16 20:38:18.804 | INFO     | [portfolio_updater:scheduler]     ✓ Снимок сохранен (ID: 2233)
2026-03-16 20:38:18.866 | INFO     | [portfolio_updater:scheduler] ✅ Работа завершена. Обновлено счетов: 6, снимков: 6
2026-03-16 20:38:18.866 | INFO     | [portfolio_updater:scheduler] ✅ Работа завершена за 6666ms
2026-03-16 20:38:18.866 | INFO     | [portfolio_updater:scheduler]    status: success
2026-03-16 20:38:18.866 | INFO     | [portfolio_updater:scheduler]    accounts_found: 6
2026-03-16 20:38:18.866 | INFO     | [portfolio_updater:scheduler]    portfolios_updated: 6
2026-03-16 20:38:18.866 | INFO     | [portfolio_updater:scheduler]    snapshots_saved: 6
2026-03-16 20:38:18.866 | INFO     | [portfolio_updater:scheduler]    refresh_interval_minutes: 1
2026-03-16 20:38:18.917 | INFO     | [portfolio_updater:scheduler] 📊 Итоги: всего=1, обработано=1, пропущено=0, ошибок=0
2026-03-16 20:38:18.918 | INFO     | [SYSTEM:SCHEDULER] 📊 Портфели: {'total': 1, 'processed': 1, 'skipped': 0, 'errors': []}
2026-03-16 20:38:18.927 | ERROR    | [SYSTEM:SCHEDULER] ❌ Ошибка в цикле: (psycopg2.errors.UndefinedColumn) column r.max_position_size does not exist
LINE 10:                     r.max_position_size,
                             ^

[SQL: 
                SELECT
                    r.id,
                    r.user_id,
                    r.token_id,
                    r.name,
                    r.strategy_name,
                    r.strategy_params,
                    r.account_id,
                    r.max_position_size,
                    r.max_daily_loss,
                    r.max_trades_per_day,
                    t.token
                FROM ganaly.trading_robots r
                         JOIN ganaly.api_tokens t ON r.token_id = t.id
                WHERE r.is_active = 1
                  AND r.status = 'active'
                  AND r.robot_type = 'trading'
                  AND t.is_active = 1                 ]
(Background on this error at: https://sqlalche.me/e/20/f405)
2026-03-16 20:39:18.963 | INFO     | [SYSTEM:SCHEDULER] 🔄 Запуск цикла обновления
2026-03-16 20:39:18.990 | INFO     | [portfolio_updater:scheduler] 🔄 Найдено 1 токенов для обработки
2026-03-16 20:39:18.993 | INFO     | [portfolio_updater:scheduler] ▶️ Запуск робота v1.0.0
2026-03-16 20:39:18.993 | INFO     | [portfolio_updater:scheduler]    User ID: 1, Token ID: 15
2026-03-16 20:39:19.033 | INFO     | [portfolio_updater:scheduler]    Запись в БД: ID 367
2026-03-16 20:39:19.033 | INFO     | [portfolio_updater:scheduler] 🚀 Начало работы для токена 15
2026-03-16 20:39:19.063 | INFO     | [portfolio_updater:scheduler] Токен 15: прошло 1.0 мин, интервал 1 мин
2026-03-16 20:39:19.063 | INFO     | [portfolio_updater:scheduler] 🔌 Подключение к T-Invest API...
2026-03-16 20:39:19.063 | INFO     | [portfolio_updater:scheduler] 📋 Запрос списка счетов...
2026-03-16 20:39:19.170 | INFO     | [portfolio_updater:scheduler] 📊 Найдено счетов: 6
2026-03-16 20:39:19.170 | INFO     | [portfolio_updater:scheduler]   → Счет 2004129678 (Брокерский счёт)
2026-03-16 20:39:19.578 | INFO     | [portfolio_updater:scheduler]     ✓ Снимок сохранен (ID: 2234)
2026-03-16 20:39:19.578 | INFO     | [portfolio_updater:scheduler]   → Счет 2294878624 (Pinkin)
2026-03-16 20:39:19.765 | INFO     | [portfolio_updater:scheduler]     ✓ Снимок сохранен (ID: 2235)
2026-03-16 20:39:19.765 | INFO     | [portfolio_updater:scheduler]   → Счет 2294881404 (Анти-мейнстрим Aggressive)
2026-03-16 20:39:20.169 | INFO     | [portfolio_updater:scheduler]     ✓ Снимок сохранен (ID: 2236)
2026-03-16 20:39:20.169 | INFO     | [portfolio_updater:scheduler]   → Счет 2310550801 (Активное инвестирование)
2026-03-16 20:39:39.796 | WARNING  | [portfolio_updater:scheduler]     ⚠️ Снимок не сохранен
2026-03-16 20:39:39.796 | INFO     | [portfolio_updater:scheduler]   → Счет 2310571252 (Стратегия роста РФ)
2026-03-16 20:39:40.311 | INFO     | [portfolio_updater:scheduler]     ✓ Снимок сохранен (ID: 2237)
2026-03-16 20:39:40.311 | INFO     | [portfolio_updater:scheduler]   → Счет 2311961700 (Народная Кубышка)
2026-03-16 20:39:41.979 | INFO     | [portfolio_updater:scheduler]     ✓ Снимок сохранен (ID: 2238)
2026-03-16 20:39:42.238 | INFO     | [portfolio_updater:scheduler] ✅ Работа завершена. Обновлено счетов: 6, снимков: 5
2026-03-16 20:39:42.239 | INFO     | [portfolio_updater:scheduler] ✅ Работа завершена за 23246ms
2026-03-16 20:39:42.239 | INFO     | [portfolio_updater:scheduler]    status: success
2026-03-16 20:39:42.239 | INFO     | [portfolio_updater:scheduler]    accounts_found: 6
2026-03-16 20:39:42.239 | INFO     | [portfolio_updater:scheduler]    portfolios_updated: 6
2026-03-16 20:39:42.239 | INFO     | [portfolio_updater:scheduler]    snapshots_saved: 5
2026-03-16 20:39:42.239 | INFO     | [portfolio_updater:scheduler]    refresh_interval_minutes: 1
2026-03-16 20:39:42.263 | INFO     | [portfolio_updater:scheduler] 📊 Итоги: всего=1, обработано=1, пропущено=0, ошибок=0
2026-03-16 20:39:42.263 | INFO     | [SYSTEM:SCHEDULER] 📊 Портфели: {'total': 1, 'processed': 1, 'skipped': 0, 'errors': []}
2026-03-16 20:39:42.279 | ERROR    | [SYSTEM:SCHEDULER] ❌ Ошибка в цикле: (psycopg2.errors.UndefinedColumn) column r.max_position_size does not exist
LINE 10:                     r.max_position_size,
                             ^

[SQL: 
                SELECT
                    r.id,
                    r.user_id,
                    r.token_id,
                    r.name,
                    r.strategy_name,
                    r.strategy_params,
                    r.account_id,
                    r.max_position_size,
                    r.max_daily_loss,
                    r.max_trades_per_day,
                    t.token
                FROM ganaly.trading_robots r
                         JOIN ganaly.api_tokens t ON r.token_id = t.id
                WHERE r.is_active = 1
                  AND r.status = 'active'
                  AND r.robot_type = 'trading'
                  AND t.is_active = 1                 ]
(Background on this error at: https://sqlalche.me/e/20/f405)
2026-03-16 20:40:42.541 | INFO     | [SYSTEM:SCHEDULER] 🔄 Запуск цикла обновления
2026-03-16 20:40:42.911 | INFO     | [portfolio_updater:scheduler] 🔄 Найдено 1 токенов для обработки
2026-03-16 20:40:42.911 | INFO     | [portfolio_updater:scheduler] ▶️ Запуск робота v1.0.0
2026-03-16 20:40:42.911 | INFO     | [portfolio_updater:scheduler]    User ID: 1, Token ID: 15
2026-03-16 20:40:42.939 | INFO     | [portfolio_updater:scheduler]    Запись в БД: ID 368
2026-03-16 20:40:42.941 | INFO     | [portfolio_updater:scheduler] 🚀 Начало работы для токена 15
2026-03-16 20:40:42.982 | INFO     | [portfolio_updater:scheduler] Токен 15: прошло 1.0 мин, интервал 1 мин
2026-03-16 20:40:42.984 | INFO     | [portfolio_updater:scheduler] 🔌 Подключение к T-Invest API...
2026-03-16 20:40:42.984 | INFO     | [portfolio_updater:scheduler] 📋 Запрос списка счетов...
2026-03-16 20:40:43.096 | INFO     | [portfolio_updater:scheduler] 📊 Найдено счетов: 6
2026-03-16 20:40:43.096 | INFO     | [portfolio_updater:scheduler]   → Счет 2004129678 (Брокерский счёт)
2026-03-16 20:40:43.571 | INFO     | [portfolio_updater:scheduler]     ✓ Снимок сохранен (ID: 2239)
2026-03-16 20:40:43.571 | INFO     | [portfolio_updater:scheduler]   → Счет 2294878624 (Pinkin)
2026-03-16 20:40:43.757 | INFO     | [portfolio_updater:scheduler]     ✓ Снимок сохранен (ID: 2240)
2026-03-16 20:40:43.757 | INFO     | [portfolio_updater:scheduler]   → Счет 2294881404 (Анти-мейнстрим Aggressive)
2026-03-16 20:40:45.011 | INFO     | [portfolio_updater:scheduler]     ✓ Снимок сохранен (ID: 2241)
2026-03-16 20:40:45.011 | INFO     | [portfolio_updater:scheduler]   → Счет 2310550801 (Активное инвестирование)
2026-03-16 20:40:45.549 | INFO     | [portfolio_updater:scheduler]     ✓ Снимок сохранен (ID: 2242)
2026-03-16 20:40:45.549 | INFO     | [portfolio_updater:scheduler]   → Счет 2310571252 (Стратегия роста РФ)
2026-03-16 20:41:23.510 | INFO     | [portfolio_updater:scheduler]     ✓ Снимок сохранен (ID: 2243)
2026-03-16 20:41:23.510 | INFO     | [portfolio_updater:scheduler]   → Счет 2311961700 (Народная Кубышка)
2026-03-16 20:41:24.461 | INFO     | [portfolio_updater:scheduler]     ✓ Снимок сохранен (ID: 2244)
2026-03-16 20:41:24.731 | INFO     | [portfolio_updater:scheduler] ✅ Работа завершена. Обновлено счетов: 6, снимков: 6
2026-03-16 20:41:24.731 | INFO     | [portfolio_updater:scheduler] ✅ Работа завершена за 41820ms
2026-03-16 20:41:24.731 | INFO     | [portfolio_updater:scheduler]    status: success
2026-03-16 20:41:24.731 | INFO     | [portfolio_updater:scheduler]    accounts_found: 6
2026-03-16 20:41:24.731 | INFO     | [portfolio_updater:scheduler]    portfolios_updated: 6
2026-03-16 20:41:24.731 | INFO     | [portfolio_updater:scheduler]    snapshots_saved: 6
2026-03-16 20:41:24.731 | INFO     | [portfolio_updater:scheduler]    refresh_interval_minutes: 1
2026-03-16 20:41:24.759 | INFO     | [portfolio_updater:scheduler] 📊 Итоги: всего=1, обработано=1, пропущено=0, ошибок=0
2026-03-16 20:41:24.761 | INFO     | [SYSTEM:SCHEDULER] 📊 Портфели: {'total': 1, 'processed': 1, 'skipped': 0, 'errors': []}
2026-03-16 20:41:24.769 | ERROR    | [SYSTEM:SCHEDULER] ❌ Ошибка в цикле: (psycopg2.errors.UndefinedColumn) column r.max_position_size does not exist
LINE 10:                     r.max_position_size,
                             ^

[SQL: 
                SELECT
                    r.id,
                    r.user_id,
                    r.token_id,
                    r.name,
                    r.strategy_name,
                    r.strategy_params,
                    r.account_id,
                    r.max_position_size,
                    r.max_daily_loss,
                    r.max_trades_per_day,
                    t.token
                FROM ganaly.trading_robots r
                         JOIN ganaly.api_tokens t ON r.token_id = t.id
                WHERE r.is_active = 1
                  AND r.status = 'active'
                  AND r.robot_type = 'trading'
                  AND t.is_active = 1                 ]
(Background on this error at: https://sqlalche.me/e/20/f405)
2026-03-16 20:42:24.790 | INFO     | [SYSTEM:SCHEDULER] 🔄 Запуск цикла обновления
2026-03-16 20:42:24.819 | INFO     | [portfolio_updater:scheduler] 🔄 Найдено 1 токенов для обработки
2026-03-16 20:42:24.819 | INFO     | [portfolio_updater:scheduler] ▶️ Запуск робота v1.0.0
2026-03-16 20:42:24.819 | INFO     | [portfolio_updater:scheduler]    User ID: 1, Token ID: 15
2026-03-16 20:42:24.843 | INFO     | [portfolio_updater:scheduler]    Запись в БД: ID 369
2026-03-16 20:42:24.843 | INFO     | [portfolio_updater:scheduler] 🚀 Начало работы для токена 15
2026-03-16 20:42:24.869 | INFO     | [portfolio_updater:scheduler] Токен 15: прошло 1.0 мин, интервал 1 мин
2026-03-16 20:42:24.869 | INFO     | [portfolio_updater:scheduler] 🔌 Подключение к T-Invest API...
2026-03-16 20:42:24.869 | INFO     | [portfolio_updater:scheduler] 📋 Запрос списка счетов...
2026-03-16 20:42:24.923 | INFO     | [portfolio_updater:scheduler] 📊 Найдено счетов: 6
2026-03-16 20:42:24.923 | INFO     | [portfolio_updater:scheduler]   → Счет 2004129678 (Брокерский счёт)
2026-03-16 20:42:25.149 | INFO     | [portfolio_updater:scheduler]     ✓ Снимок сохранен (ID: 2245)
2026-03-16 20:42:25.149 | INFO     | [portfolio_updater:scheduler]   → Счет 2294878624 (Pinkin)
2026-03-16 20:42:25.355 | INFO     | [portfolio_updater:scheduler]     ✓ Снимок сохранен (ID: 2246)
2026-03-16 20:42:25.355 | INFO     | [portfolio_updater:scheduler]   → Счет 2294881404 (Анти-мейнстрим Aggressive)
2026-03-16 20:42:26.192 | INFO     | [portfolio_updater:scheduler]     ✓ Снимок сохранен (ID: 2247)
2026-03-16 20:42:26.192 | INFO     | [portfolio_updater:scheduler]   → Счет 2310550801 (Активное инвестирование)
2026-03-16 20:42:27.486 | INFO     | [portfolio_updater:scheduler]     ✓ Снимок сохранен (ID: 2248)
2026-03-16 20:42:27.486 | INFO     | [portfolio_updater:scheduler]   → Счет 2310571252 (Стратегия роста РФ)
2026-03-16 20:42:27.682 | INFO     | [portfolio_updater:scheduler]     ✓ Снимок сохранен (ID: 2249)
2026-03-16 20:42:27.682 | INFO     | [portfolio_updater:scheduler]   → Счет 2311961700 (Народная Кубышка)
2026-03-16 20:42:27.853 | INFO     | [portfolio_updater:scheduler]     ✓ Снимок сохранен (ID: 2250)
2026-03-16 20:42:27.876 | INFO     | [portfolio_updater:scheduler] ✅ Работа завершена. Обновлено счетов: 6, снимков: 6
2026-03-16 20:42:27.876 | INFO     | [portfolio_updater:scheduler] ✅ Работа завершена за 3057ms
2026-03-16 20:42:27.876 | INFO     | [portfolio_updater:scheduler]    status: success
2026-03-16 20:42:27.876 | INFO     | [portfolio_updater:scheduler]    accounts_found: 6
2026-03-16 20:42:27.876 | INFO     | [portfolio_updater:scheduler]    portfolios_updated: 6
2026-03-16 20:42:27.876 | INFO     | [portfolio_updater:scheduler]    snapshots_saved: 6
2026-03-16 20:42:27.876 | INFO     | [portfolio_updater:scheduler]    refresh_interval_minutes: 1
2026-03-16 20:42:27.904 | INFO     | [portfolio_updater:scheduler] 📊 Итоги: всего=1, обработано=1, пропущено=0, ошибок=0
2026-03-16 20:42:27.904 | INFO     | [SYSTEM:SCHEDULER] 📊 Портфели: {'total': 1, 'processed': 1, 'skipped': 0, 'errors': []}
2026-03-16 20:42:27.911 | ERROR    | [SYSTEM:SCHEDULER] ❌ Ошибка в цикле: (psycopg2.errors.UndefinedColumn) column r.max_position_size does not exist
LINE 10:                     r.max_position_size,
                             ^

[SQL: 
                SELECT
                    r.id,
                    r.user_id,
                    r.token_id,
                    r.name,
                    r.strategy_name,
                    r.strategy_params,
                    r.account_id,
                    r.max_position_size,
                    r.max_daily_loss,
                    r.max_trades_per_day,
                    t.token
                FROM ganaly.trading_robots r
                         JOIN ganaly.api_tokens t ON r.token_id = t.id
                WHERE r.is_active = 1
                  AND r.status = 'active'
                  AND r.robot_type = 'trading'
                  AND t.is_active = 1                 ]
(Background on this error at: https://sqlalche.me/e/20/f405)
2026-03-16 20:43:27.923 | INFO     | [SYSTEM:SCHEDULER] 🔄 Запуск цикла обновления
2026-03-16 20:43:27.966 | INFO     | [portfolio_updater:scheduler] 🔄 Найдено 1 токенов для обработки
2026-03-16 20:43:27.966 | INFO     | [portfolio_updater:scheduler] ▶️ Запуск робота v1.0.0
2026-03-16 20:43:27.966 | INFO     | [portfolio_updater:scheduler]    User ID: 1, Token ID: 15
2026-03-16 20:43:27.997 | INFO     | [portfolio_updater:scheduler]    Запись в БД: ID 370
2026-03-16 20:43:27.997 | INFO     | [portfolio_updater:scheduler] 🚀 Начало работы для токена 15
2026-03-16 20:43:28.016 | INFO     | [portfolio_updater:scheduler] Токен 15: прошло 1.0 мин, интервал 1 мин
2026-03-16 20:43:28.016 | INFO     | [portfolio_updater:scheduler] 🔌 Подключение к T-Invest API...
2026-03-16 20:43:28.016 | INFO     | [portfolio_updater:scheduler] 📋 Запрос списка счетов...
2026-03-16 20:43:28.065 | INFO     | [portfolio_updater:scheduler] 📊 Найдено счетов: 6
2026-03-16 20:43:28.065 | INFO     | [portfolio_updater:scheduler]   → Счет 2004129678 (Брокерский счёт)
2026-03-16 20:43:28.249 | INFO     | [portfolio_updater:scheduler]     ✓ Снимок сохранен (ID: 2251)
2026-03-16 20:43:28.255 | INFO     | [portfolio_updater:scheduler]   → Счет 2294878624 (Pinkin)
2026-03-16 20:43:28.645 | INFO     | [portfolio_updater:scheduler]     ✓ Снимок сохранен (ID: 2252)
2026-03-16 20:43:28.645 | INFO     | [portfolio_updater:scheduler]   → Счет 2294881404 (Анти-мейнстрим Aggressive)
2026-03-16 20:43:30.149 | INFO     | [portfolio_updater:scheduler]     ✓ Снимок сохранен (ID: 2253)
2026-03-16 20:43:30.149 | INFO     | [portfolio_updater:scheduler]   → Счет 2310550801 (Активное инвестирование)
2026-03-16 20:43:30.445 | INFO     | [portfolio_updater:scheduler]     ✓ Снимок сохранен (ID: 2254)
2026-03-16 20:43:30.445 | INFO     | [portfolio_updater:scheduler]   → Счет 2310571252 (Стратегия роста РФ)
2026-03-16 20:43:31.131 | INFO     | [portfolio_updater:scheduler]     ✓ Снимок сохранен (ID: 2255)
2026-03-16 20:43:31.131 | INFO     | [portfolio_updater:scheduler]   → Счет 2311961700 (Народная Кубышка)
2026-03-16 20:43:31.344 | INFO     | [portfolio_updater:scheduler]     ✓ Снимок сохранен (ID: 2256)
2026-03-16 20:43:31.369 | INFO     | [portfolio_updater:scheduler] ✅ Работа завершена. Обновлено счетов: 6, снимков: 6
2026-03-16 20:43:31.369 | INFO     | [portfolio_updater:scheduler] ✅ Работа завершена за 3402ms
2026-03-16 20:43:31.369 | INFO     | [portfolio_updater:scheduler]    status: success
2026-03-16 20:43:31.369 | INFO     | [portfolio_updater:scheduler]    accounts_found: 6
2026-03-16 20:43:31.369 | INFO     | [portfolio_updater:scheduler]    portfolios_updated: 6
2026-03-16 20:43:31.369 | INFO     | [portfolio_updater:scheduler]    snapshots_saved: 6
2026-03-16 20:43:31.369 | INFO     | [portfolio_updater:scheduler]    refresh_interval_minutes: 1
2026-03-16 20:43:31.389 | INFO     | [portfolio_updater:scheduler] 📊 Итоги: всего=1, обработано=1, пропущено=0, ошибок=0
2026-03-16 20:43:31.389 | INFO     | [SYSTEM:SCHEDULER] 📊 Портфели: {'total': 1, 'processed': 1, 'skipped': 0, 'errors': []}
2026-03-16 20:43:31.401 | ERROR    | [SYSTEM:SCHEDULER] ❌ Ошибка в цикле: (psycopg2.errors.UndefinedColumn) column r.max_position_size does not exist
LINE 10:                     r.max_position_size,
                             ^

[SQL: 
                SELECT
                    r.id,
                    r.user_id,
                    r.token_id,
                    r.name,
                    r.strategy_name,
                    r.strategy_params,
                    r.account_id,
                    r.max_position_size,
                    r.max_daily_loss,
                    r.max_trades_per_day,
                    t.token
                FROM ganaly.trading_robots r
                         JOIN ganaly.api_tokens t ON r.token_id = t.id
                WHERE r.is_active = 1
                  AND r.status = 'active'
                  AND r.robot_type = 'trading'
                  AND t.is_active = 1                 ]
(Background on this error at: https://sqlalche.me/e/20/f405)
2026-03-16 20:44:31.421 | INFO     | [SYSTEM:SCHEDULER] 🔄 Запуск цикла обновления
2026-03-16 20:44:32.561 | INFO     | [portfolio_updater:scheduler] 🔄 Найдено 1 токенов для обработки
2026-03-16 20:44:32.561 | INFO     | [portfolio_updater:scheduler] ▶️ Запуск робота v1.0.0
2026-03-16 20:44:32.561 | INFO     | [portfolio_updater:scheduler]    User ID: 1, Token ID: 15
2026-03-16 20:44:34.527 | INFO     | [portfolio_updater:scheduler]    Запись в БД: ID 371
2026-03-16 20:44:34.527 | INFO     | [portfolio_updater:scheduler] 🚀 Начало работы для токена 15
2026-03-16 20:44:36.367 | INFO     | [portfolio_updater:scheduler] Токен 15: прошло 1.1 мин, интервал 1 мин
2026-03-16 20:44:36.367 | INFO     | [portfolio_updater:scheduler] 🔌 Подключение к T-Invest API...
2026-03-16 20:44:36.367 | INFO     | [portfolio_updater:scheduler] 📋 Запрос списка счетов...
2026-03-16 20:44:39.662 | INFO     | [portfolio_updater:scheduler] 📊 Найдено счетов: 6
2026-03-16 20:44:39.662 | INFO     | [portfolio_updater:scheduler]   → Счет 2004129678 (Брокерский счёт)
2026-03-16 20:44:39.839 | INFO     | [portfolio_updater:scheduler]     ✓ Снимок сохранен (ID: 2257)
2026-03-16 20:44:39.839 | INFO     | [portfolio_updater:scheduler]   → Счет 2294878624 (Pinkin)
2026-03-16 20:44:40.268 | INFO     | [portfolio_updater:scheduler]     ✓ Снимок сохранен (ID: 2258)
2026-03-16 20:44:40.268 | INFO     | [portfolio_updater:scheduler]   → Счет 2294881404 (Анти-мейнстрим Aggressive)
2026-03-16 20:44:40.453 | INFO     | [portfolio_updater:scheduler]     ✓ Снимок сохранен (ID: 2259)
2026-03-16 20:44:40.453 | INFO     | [portfolio_updater:scheduler]   → Счет 2310550801 (Активное инвестирование)
2026-03-16 20:44:41.237 | INFO     | [portfolio_updater:scheduler]     ✓ Снимок сохранен (ID: 2260)
2026-03-16 20:44:41.239 | INFO     | [portfolio_updater:scheduler]   → Счет 2310571252 (Стратегия роста РФ)
2026-03-16 20:44:41.521 | INFO     | [portfolio_updater:scheduler]     ✓ Снимок сохранен (ID: 2261)
2026-03-16 20:44:41.521 | INFO     | [portfolio_updater:scheduler]   → Счет 2311961700 (Народная Кубышка)
2026-03-16 20:44:42.162 | INFO     | [portfolio_updater:scheduler]     ✓ Снимок сохранен (ID: 2262)
2026-03-16 20:44:42.411 | INFO     | [portfolio_updater:scheduler] ✅ Работа завершена. Обновлено счетов: 6, снимков: 6
2026-03-16 20:44:42.411 | INFO     | [portfolio_updater:scheduler] ✅ Работа завершена за 9849ms
2026-03-16 20:44:42.411 | INFO     | [portfolio_updater:scheduler]    status: success
2026-03-16 20:44:42.411 | INFO     | [portfolio_updater:scheduler]    accounts_found: 6
2026-03-16 20:44:42.411 | INFO     | [portfolio_updater:scheduler]    portfolios_updated: 6
2026-03-16 20:44:42.411 | INFO     | [portfolio_updater:scheduler]    snapshots_saved: 6
2026-03-16 20:44:42.411 | INFO     | [portfolio_updater:scheduler]    refresh_interval_minutes: 1
2026-03-16 20:44:42.439 | INFO     | [portfolio_updater:scheduler] 📊 Итоги: всего=1, обработано=1, пропущено=0, ошибок=0
2026-03-16 20:44:42.439 | INFO     | [SYSTEM:SCHEDULER] 📊 Портфели: {'total': 1, 'processed': 1, 'skipped': 0, 'errors': []}
2026-03-16 20:44:42.446 | ERROR    | [SYSTEM:SCHEDULER] ❌ Ошибка в цикле: (psycopg2.errors.UndefinedColumn) column r.max_position_size does not exist
LINE 10:                     r.max_position_size,
                             ^

[SQL: 
                SELECT
                    r.id,
                    r.user_id,
                    r.token_id,
                    r.name,
                    r.strategy_name,
                    r.strategy_params,
                    r.account_id,
                    r.max_position_size,
                    r.max_daily_loss,
                    r.max_trades_per_day,
                    t.token
                FROM ganaly.trading_robots r
                         JOIN ganaly.api_tokens t ON r.token_id = t.id
                WHERE r.is_active = 1
                  AND r.status = 'active'
                  AND r.robot_type = 'trading'
                  AND t.is_active = 1                 ]
(Background on this error at: https://sqlalche.me/e/20/f405)
2026-03-16 20:45:42.463 | INFO     | [SYSTEM:SCHEDULER] 🔄 Запуск цикла обновления
2026-03-16 20:45:42.951 | INFO     | [portfolio_updater:scheduler] 🔄 Найдено 1 токенов для обработки
2026-03-16 20:45:42.951 | INFO     | [portfolio_updater:scheduler] ▶️ Запуск робота v1.0.0
2026-03-16 20:45:42.951 | INFO     | [portfolio_updater:scheduler]    User ID: 1, Token ID: 15
2026-03-16 20:45:45.668 | INFO     | [portfolio_updater:scheduler]    Запись в БД: ID 372
2026-03-16 20:45:45.668 | INFO     | [portfolio_updater:scheduler] 🚀 Начало работы для токена 15
2026-03-16 20:45:45.689 | INFO     | [portfolio_updater:scheduler] Токен 15: прошло 1.1 мин, интервал 1 мин
2026-03-16 20:45:45.689 | INFO     | [portfolio_updater:scheduler] 🔌 Подключение к T-Invest API...
2026-03-16 20:45:45.689 | INFO     | [portfolio_updater:scheduler] 📋 Запрос списка счетов...
2026-03-16 20:46:01.311 | INFO     | [portfolio_updater:scheduler] 📊 Найдено счетов: 6
2026-03-16 20:46:01.313 | INFO     | [portfolio_updater:scheduler]   → Счет 2004129678 (Брокерский счёт)
2026-03-16 20:46:01.765 | INFO     | [portfolio_updater:scheduler]     ✓ Снимок сохранен (ID: 2263)
2026-03-16 20:46:01.767 | INFO     | [portfolio_updater:scheduler]   → Счет 2294878624 (Pinkin)
2026-03-16 20:46:01.934 | INFO     | [portfolio_updater:scheduler]     ✓ Снимок сохранен (ID: 2264)
2026-03-16 20:46:01.934 | INFO     | [portfolio_updater:scheduler]   → Счет 2294881404 (Анти-мейнстрим Aggressive)
2026-03-16 20:46:02.369 | INFO     | [portfolio_updater:scheduler]     ✓ Снимок сохранен (ID: 2265)
2026-03-16 20:46:02.369 | INFO     | [portfolio_updater:scheduler]   → Счет 2310550801 (Активное инвестирование)
2026-03-16 20:46:02.903 | INFO     | [portfolio_updater:scheduler]     ✓ Снимок сохранен (ID: 2266)
2026-03-16 20:46:02.903 | INFO     | [portfolio_updater:scheduler]   → Счет 2310571252 (Стратегия роста РФ)
2026-03-16 20:46:05.811 | INFO     | [portfolio_updater:scheduler]     ✓ Снимок сохранен (ID: 2267)
2026-03-16 20:46:05.811 | INFO     | [portfolio_updater:scheduler]   → Счет 2311961700 (Народная Кубышка)
2026-03-16 20:46:06.229 | INFO     | [portfolio_updater:scheduler]     ✓ Снимок сохранен (ID: 2268)
2026-03-16 20:46:06.268 | INFO     | [portfolio_updater:scheduler] ✅ Работа завершена. Обновлено счетов: 6, снимков: 6
2026-03-16 20:46:06.269 | INFO     | [portfolio_updater:scheduler] ✅ Работа завершена за 23318ms
2026-03-16 20:46:06.269 | INFO     | [portfolio_updater:scheduler]    status: success
2026-03-16 20:46:06.269 | INFO     | [portfolio_updater:scheduler]    accounts_found: 6
2026-03-16 20:46:06.269 | INFO     | [portfolio_updater:scheduler]    portfolios_updated: 6
2026-03-16 20:46:06.269 | INFO     | [portfolio_updater:scheduler]    snapshots_saved: 6
2026-03-16 20:46:06.269 | INFO     | [portfolio_updater:scheduler]    refresh_interval_minutes: 1
2026-03-16 20:46:06.294 | INFO     | [portfolio_updater:scheduler] 📊 Итоги: всего=1, обработано=1, пропущено=0, ошибок=0
2026-03-16 20:46:06.294 | INFO     | [SYSTEM:SCHEDULER] 📊 Портфели: {'total': 1, 'processed': 1, 'skipped': 0, 'errors': []}
2026-03-16 20:46:06.302 | ERROR    | [SYSTEM:SCHEDULER] ❌ Ошибка в цикле: (psycopg2.errors.UndefinedColumn) column r.max_position_size does not exist
LINE 10:                     r.max_position_size,
                             ^

[SQL: 
                SELECT
                    r.id,
                    r.user_id,
                    r.token_id,
                    r.name,
                    r.strategy_name,
                    r.strategy_params,
                    r.account_id,
                    r.max_position_size,
                    r.max_daily_loss,
                    r.max_trades_per_day,
                    t.token
                FROM ganaly.trading_robots r
                         JOIN ganaly.api_tokens t ON r.token_id = t.id
                WHERE r.is_active = 1
                  AND r.status = 'active'
                  AND r.robot_type = 'trading'
                  AND t.is_active = 1                 ]
(Background on this error at: https://sqlalche.me/e/20/f405)
2026-03-16 20:47:06.322 | INFO     | [SYSTEM:SCHEDULER] 🔄 Запуск цикла обновления
2026-03-16 20:47:06.576 | INFO     | [portfolio_updater:scheduler] 🔄 Найдено 1 токенов для обработки
2026-03-16 20:47:06.577 | INFO     | [portfolio_updater:scheduler] ▶️ Запуск робота v1.0.0
2026-03-16 20:47:06.577 | INFO     | [portfolio_updater:scheduler]    User ID: 1, Token ID: 15
2026-03-16 20:47:07.106 | INFO     | [portfolio_updater:scheduler]    Запись в БД: ID 373
2026-03-16 20:47:07.106 | INFO     | [portfolio_updater:scheduler] 🚀 Начало работы для токена 15
2026-03-16 20:47:07.426 | INFO     | [portfolio_updater:scheduler] Токен 15: прошло 1.0 мин, интервал 1 мин
2026-03-16 20:47:07.426 | INFO     | [portfolio_updater:scheduler] 🔌 Подключение к T-Invest API...
2026-03-16 20:47:07.426 | INFO     | [portfolio_updater:scheduler] 📋 Запрос списка счетов...
2026-03-16 20:47:15.625 | INFO     | [portfolio_updater:scheduler] 📊 Найдено счетов: 6
2026-03-16 20:47:15.625 | INFO     | [portfolio_updater:scheduler]   → Счет 2004129678 (Брокерский счёт)
2026-03-16 20:47:26.345 | INFO     | [portfolio_updater:scheduler]     ✓ Снимок сохранен (ID: 2269)
2026-03-16 20:47:26.346 | INFO     | [portfolio_updater:scheduler]   → Счет 2294878624 (Pinkin)
2026-03-16 20:47:26.729 | INFO     | [portfolio_updater:scheduler]     ✓ Снимок сохранен (ID: 2270)
2026-03-16 20:47:26.729 | INFO     | [portfolio_updater:scheduler]   → Счет 2294881404 (Анти-мейнстрим Aggressive)
2026-03-16 20:47:26.943 | INFO     | [portfolio_updater:scheduler]     ✓ Снимок сохранен (ID: 2271)
2026-03-16 20:47:26.944 | INFO     | [portfolio_updater:scheduler]   → Счет 2310550801 (Активное инвестирование)
2026-03-16 20:47:27.522 | INFO     | [portfolio_updater:scheduler]     ✓ Снимок сохранен (ID: 2272)
2026-03-16 20:47:27.522 | INFO     | [portfolio_updater:scheduler]   → Счет 2310571252 (Стратегия роста РФ)
2026-03-16 20:47:27.837 | INFO     | [portfolio_updater:scheduler]     ✓ Снимок сохранен (ID: 2273)
2026-03-16 20:47:27.837 | INFO     | [portfolio_updater:scheduler]   → Счет 2311961700 (Народная Кубышка)
2026-03-16 20:47:28.016 | INFO     | [portfolio_updater:scheduler]     ✓ Снимок сохранен (ID: 2274)
2026-03-16 20:47:28.037 | INFO     | [portfolio_updater:scheduler] ✅ Работа завершена. Обновлено счетов: 6, снимков: 6
2026-03-16 20:47:28.039 | INFO     | [portfolio_updater:scheduler] ✅ Работа завершена за 21462ms
2026-03-16 20:47:28.039 | INFO     | [portfolio_updater:scheduler]    status: success
2026-03-16 20:47:28.039 | INFO     | [portfolio_updater:scheduler]    accounts_found: 6
2026-03-16 20:47:28.039 | INFO     | [portfolio_updater:scheduler]    portfolios_updated: 6
2026-03-16 20:47:28.039 | INFO     | [portfolio_updater:scheduler]    snapshots_saved: 6
2026-03-16 20:47:28.039 | INFO     | [portfolio_updater:scheduler]    refresh_interval_minutes: 1
2026-03-16 20:47:28.280 | INFO     | [portfolio_updater:scheduler] 📊 Итоги: всего=1, обработано=1, пропущено=0, ошибок=0
2026-03-16 20:47:28.280 | INFO     | [SYSTEM:SCHEDULER] 📊 Портфели: {'total': 1, 'processed': 1, 'skipped': 0, 'errors': []}
2026-03-16 20:47:28.288 | ERROR    | [SYSTEM:SCHEDULER] ❌ Ошибка в цикле: (psycopg2.errors.UndefinedColumn) column r.max_position_size does not exist
LINE 10:                     r.max_position_size,
                             ^

[SQL: 
                SELECT
                    r.id,
                    r.user_id,
                    r.token_id,
                    r.name,
                    r.strategy_name,
                    r.strategy_params,
                    r.account_id,
                    r.max_position_size,
                    r.max_daily_loss,
                    r.max_trades_per_day,
                    t.token
                FROM ganaly.trading_robots r
                         JOIN ganaly.api_tokens t ON r.token_id = t.id
                WHERE r.is_active = 1
                  AND r.status = 'active'
                  AND r.robot_type = 'trading'
                  AND t.is_active = 1                 ]
(Background on this error at: https://sqlalche.me/e/20/f405)
2026-03-16 20:48:28.301 | INFO     | [SYSTEM:SCHEDULER] 🔄 Запуск цикла обновления
2026-03-16 20:48:28.765 | INFO     | [portfolio_updater:scheduler] 🔄 Найдено 1 токенов для обработки
2026-03-16 20:48:28.765 | INFO     | [portfolio_updater:scheduler] ▶️ Запуск робота v1.0.0
2026-03-16 20:48:28.765 | INFO     | [portfolio_updater:scheduler]    User ID: 1, Token ID: 15
2026-03-16 20:48:29.502 | INFO     | [portfolio_updater:scheduler]    Запись в БД: ID 374
2026-03-16 20:48:29.502 | INFO     | [portfolio_updater:scheduler] 🚀 Начало работы для токена 15
2026-03-16 20:48:30.449 | INFO     | [portfolio_updater:scheduler] Токен 15: прошло 1.0 мин, интервал 1 мин
2026-03-16 20:48:30.449 | INFO     | [portfolio_updater:scheduler] 🔌 Подключение к T-Invest API...
2026-03-16 20:48:30.449 | INFO     | [portfolio_updater:scheduler] 📋 Запрос списка счетов...
2026-03-16 20:48:36.743 | INFO     | [portfolio_updater:scheduler] 📊 Найдено счетов: 6
2026-03-16 20:48:36.743 | INFO     | [portfolio_updater:scheduler]   → Счет 2004129678 (Брокерский счёт)
2026-03-16 20:48:36.996 | INFO     | [portfolio_updater:scheduler]     ✓ Снимок сохранен (ID: 2275)
2026-03-16 20:48:36.996 | INFO     | [portfolio_updater:scheduler]   → Счет 2294878624 (Pinkin)
2026-03-16 20:48:37.413 | INFO     | [portfolio_updater:scheduler]     ✓ Снимок сохранен (ID: 2276)
2026-03-16 20:48:37.413 | INFO     | [portfolio_updater:scheduler]   → Счет 2294881404 (Анти-мейнстрим Aggressive)
2026-03-16 20:48:37.916 | INFO     | [portfolio_updater:scheduler]     ✓ Снимок сохранен (ID: 2277)
2026-03-16 20:48:37.916 | INFO     | [portfolio_updater:scheduler]   → Счет 2310550801 (Активное инвестирование)
2026-03-16 20:48:38.979 | INFO     | [portfolio_updater:scheduler]     ✓ Снимок сохранен (ID: 2278)
2026-03-16 20:48:38.979 | INFO     | [portfolio_updater:scheduler]   → Счет 2310571252 (Стратегия роста РФ)
2026-03-16 20:48:39.639 | INFO     | [portfolio_updater:scheduler]     ✓ Снимок сохранен (ID: 2279)
2026-03-16 20:48:39.639 | INFO     | [portfolio_updater:scheduler]   → Счет 2311961700 (Народная Кубышка)
2026-03-16 20:48:46.913 | INFO     | [portfolio_updater:scheduler]     ✓ Снимок сохранен (ID: 2280)
2026-03-16 20:48:46.943 | INFO     | [portfolio_updater:scheduler] ✅ Работа завершена. Обновлено счетов: 6, снимков: 6
2026-03-16 20:48:46.943 | INFO     | [portfolio_updater:scheduler] ✅ Работа завершена за 18177ms
2026-03-16 20:48:46.943 | INFO     | [portfolio_updater:scheduler]    status: success
2026-03-16 20:48:46.943 | INFO     | [portfolio_updater:scheduler]    accounts_found: 6
2026-03-16 20:48:46.943 | INFO     | [portfolio_updater:scheduler]    portfolios_updated: 6
2026-03-16 20:48:46.943 | INFO     | [portfolio_updater:scheduler]    snapshots_saved: 6
2026-03-16 20:48:46.943 | INFO     | [portfolio_updater:scheduler]    refresh_interval_minutes: 1
2026-03-16 20:48:47.504 | INFO     | [portfolio_updater:scheduler] 📊 Итоги: всего=1, обработано=1, пропущено=0, ошибок=0
2026-03-16 20:48:47.504 | INFO     | [SYSTEM:SCHEDULER] 📊 Портфели: {'total': 1, 'processed': 1, 'skipped': 0, 'errors': []}
2026-03-16 20:48:47.519 | ERROR    | [SYSTEM:SCHEDULER] ❌ Ошибка в цикле: (psycopg2.errors.UndefinedColumn) column r.max_position_size does not exist
LINE 10:                     r.max_position_size,
                             ^

[SQL: 
                SELECT
                    r.id,
                    r.user_id,
                    r.token_id,
                    r.name,
                    r.strategy_name,
                    r.strategy_params,
                    r.account_id,
                    r.max_position_size,
                    r.max_daily_loss,
                    r.max_trades_per_day,
                    t.token
                FROM ganaly.trading_robots r
                         JOIN ganaly.api_tokens t ON r.token_id = t.id
                WHERE r.is_active = 1
                  AND r.status = 'active'
                  AND r.robot_type = 'trading'
                  AND t.is_active = 1                 ]
(Background on this error at: https://sqlalche.me/e/20/f405)
2026-03-16 20:49:47.550 | INFO     | [SYSTEM:SCHEDULER] 🔄 Запуск цикла обновления
2026-03-16 20:49:51.137 | INFO     | [portfolio_updater:scheduler] 🔄 Найдено 1 токенов для обработки
2026-03-16 20:49:51.138 | INFO     | [portfolio_updater:scheduler] ▶️ Запуск робота v1.0.0
2026-03-16 20:49:51.138 | INFO     | [portfolio_updater:scheduler]    User ID: 1, Token ID: 15
2026-03-16 20:49:51.172 | INFO     | [portfolio_updater:scheduler]    Запись в БД: ID 375
2026-03-16 20:49:51.172 | INFO     | [portfolio_updater:scheduler] 🚀 Начало работы для токена 15
2026-03-16 20:49:51.192 | INFO     | [portfolio_updater:scheduler] Токен 15: прошло 1.1 мин, интервал 1 мин
2026-03-16 20:49:51.194 | INFO     | [portfolio_updater:scheduler] 🔌 Подключение к T-Invest API...
2026-03-16 20:49:51.194 | INFO     | [portfolio_updater:scheduler] 📋 Запрос списка счетов...
2026-03-16 20:49:52.324 | INFO     | [portfolio_updater:scheduler] 📊 Найдено счетов: 6
2026-03-16 20:49:52.325 | INFO     | [portfolio_updater:scheduler]   → Счет 2004129678 (Брокерский счёт)
2026-03-16 20:49:53.539 | INFO     | [portfolio_updater:scheduler]     ✓ Снимок сохранен (ID: 2281)
2026-03-16 20:49:53.539 | INFO     | [portfolio_updater:scheduler]   → Счет 2294878624 (Pinkin)
2026-03-16 20:49:53.734 | INFO     | [portfolio_updater:scheduler]     ✓ Снимок сохранен (ID: 2282)
2026-03-16 20:49:53.734 | INFO     | [portfolio_updater:scheduler]   → Счет 2294881404 (Анти-мейнстрим Aggressive)
2026-03-16 20:49:53.923 | INFO     | [portfolio_updater:scheduler]     ✓ Снимок сохранен (ID: 2283)
2026-03-16 20:49:53.923 | INFO     | [portfolio_updater:scheduler]   → Счет 2310550801 (Активное инвестирование)
2026-03-16 20:49:54.430 | INFO     | [portfolio_updater:scheduler]     ✓ Снимок сохранен (ID: 2284)
2026-03-16 20:49:54.430 | INFO     | [portfolio_updater:scheduler]   → Счет 2310571252 (Стратегия роста РФ)
2026-03-16 20:49:54.939 | INFO     | [portfolio_updater:scheduler]     ✓ Снимок сохранен (ID: 2285)
2026-03-16 20:49:54.939 | INFO     | [portfolio_updater:scheduler]   → Счет 2311961700 (Народная Кубышка)
2026-03-16 20:49:56.603 | INFO     | [portfolio_updater:scheduler]     ✓ Снимок сохранен (ID: 2286)
2026-03-16 20:49:56.636 | INFO     | [portfolio_updater:scheduler] ✅ Работа завершена. Обновлено счетов: 6, снимков: 6
2026-03-16 20:49:56.636 | INFO     | [portfolio_updater:scheduler] ✅ Работа завершена за 5497ms
2026-03-16 20:49:56.636 | INFO     | [portfolio_updater:scheduler]    status: success
2026-03-16 20:49:56.636 | INFO     | [portfolio_updater:scheduler]    accounts_found: 6
2026-03-16 20:49:56.636 | INFO     | [portfolio_updater:scheduler]    portfolios_updated: 6
2026-03-16 20:49:56.636 | INFO     | [portfolio_updater:scheduler]    snapshots_saved: 6
2026-03-16 20:49:56.636 | INFO     | [portfolio_updater:scheduler]    refresh_interval_minutes: 1
2026-03-16 20:49:56.666 | INFO     | [portfolio_updater:scheduler] 📊 Итоги: всего=1, обработано=1, пропущено=0, ошибок=0
2026-03-16 20:49:56.666 | INFO     | [SYSTEM:SCHEDULER] 📊 Портфели: {'total': 1, 'processed': 1, 'skipped': 0, 'errors': []}
2026-03-16 20:49:56.676 | ERROR    | [SYSTEM:SCHEDULER] ❌ Ошибка в цикле: (psycopg2.errors.UndefinedColumn) column r.max_position_size does not exist
LINE 10:                     r.max_position_size,
                             ^

[SQL: 
                SELECT
                    r.id,
                    r.user_id,
                    r.token_id,
                    r.name,
                    r.strategy_name,
                    r.strategy_params,
                    r.account_id,
                    r.max_position_size,
                    r.max_daily_loss,
                    r.max_trades_per_day,
                    t.token
                FROM ganaly.trading_robots r
                         JOIN ganaly.api_tokens t ON r.token_id = t.id
                WHERE r.is_active = 1
                  AND r.status = 'active'
                  AND r.robot_type = 'trading'
                  AND t.is_active = 1                 ]
(Background on this error at: https://sqlalche.me/e/20/f405)
2026-03-16 20:50:57.179 | INFO     | [SYSTEM:SCHEDULER] 🔄 Запуск цикла обновления
2026-03-16 20:50:57.430 | INFO     | [portfolio_updater:scheduler] 🔄 Найдено 1 токенов для обработки
2026-03-16 20:50:57.430 | INFO     | [portfolio_updater:scheduler] ▶️ Запуск робота v1.0.0
2026-03-16 20:50:57.430 | INFO     | [portfolio_updater:scheduler]    User ID: 1, Token ID: 15
2026-03-16 20:50:59.518 | INFO     | [portfolio_updater:scheduler]    Запись в БД: ID 376
2026-03-16 20:50:59.518 | INFO     | [portfolio_updater:scheduler] 🚀 Начало работы для токена 15
2026-03-16 20:51:00.020 | INFO     | [portfolio_updater:scheduler] Токен 15: прошло 1.1 мин, интервал 1 мин
2026-03-16 20:51:00.020 | INFO     | [portfolio_updater:scheduler] 🔌 Подключение к T-Invest API...
2026-03-16 20:51:00.020 | INFO     | [portfolio_updater:scheduler] 📋 Запрос списка счетов...
2026-03-16 20:51:12.949 | INFO     | [portfolio_updater:scheduler] 📊 Найдено счетов: 6
2026-03-16 20:51:12.949 | INFO     | [portfolio_updater:scheduler]   → Счет 2004129678 (Брокерский счёт)
2026-03-16 20:51:22.526 | INFO     | [portfolio_updater:scheduler]     ✓ Снимок сохранен (ID: 2287)
2026-03-16 20:51:22.526 | INFO     | [portfolio_updater:scheduler]   → Счет 2294878624 (Pinkin)
2026-03-16 20:51:24.446 | INFO     | [portfolio_updater:scheduler]     ✓ Снимок сохранен (ID: 2288)
2026-03-16 20:51:24.446 | INFO     | [portfolio_updater:scheduler]   → Счет 2294881404 (Анти-мейнстрим Aggressive)
2026-03-16 20:51:26.803 | INFO     | [portfolio_updater:scheduler]     ✓ Снимок сохранен (ID: 2289)
2026-03-16 20:51:26.805 | INFO     | [portfolio_updater:scheduler]   → Счет 2310550801 (Активное инвестирование)
2026-03-16 20:51:28.769 | INFO     | [portfolio_updater:scheduler]     ✓ Снимок сохранен (ID: 2290)
2026-03-16 20:51:28.769 | INFO     | [portfolio_updater:scheduler]   → Счет 2310571252 (Стратегия роста РФ)
2026-03-16 20:51:47.204 | INFO     | [portfolio_updater:scheduler]     ✓ Снимок сохранен (ID: 2291)
2026-03-16 20:51:47.204 | INFO     | [portfolio_updater:scheduler]   → Счет 2311961700 (Народная Кубышка)
2026-03-16 20:51:47.445 | INFO     | [portfolio_updater:scheduler]     ✓ Снимок сохранен (ID: 2292)
2026-03-16 20:51:47.482 | INFO     | [portfolio_updater:scheduler] ✅ Работа завершена. Обновлено счетов: 6, снимков: 6
2026-03-16 20:51:47.482 | INFO     | [portfolio_updater:scheduler] ✅ Работа завершена за 50052ms
2026-03-16 20:51:47.482 | INFO     | [portfolio_updater:scheduler]    status: success
2026-03-16 20:51:47.484 | INFO     | [portfolio_updater:scheduler]    accounts_found: 6
2026-03-16 20:51:47.484 | INFO     | [portfolio_updater:scheduler]    portfolios_updated: 6
2026-03-16 20:51:47.484 | INFO     | [portfolio_updater:scheduler]    snapshots_saved: 6
2026-03-16 20:51:47.484 | INFO     | [portfolio_updater:scheduler]    refresh_interval_minutes: 1
2026-03-16 20:51:47.517 | INFO     | [portfolio_updater:scheduler] 📊 Итоги: всего=1, обработано=1, пропущено=0, ошибок=0
2026-03-16 20:51:47.517 | INFO     | [SYSTEM:SCHEDULER] 📊 Портфели: {'total': 1, 'processed': 1, 'skipped': 0, 'errors': []}
2026-03-16 20:51:47.524 | ERROR    | [SYSTEM:SCHEDULER] ❌ Ошибка в цикле: (psycopg2.errors.UndefinedColumn) column r.max_position_size does not exist
LINE 10:                     r.max_position_size,
                             ^

[SQL: 
                SELECT
                    r.id,
                    r.user_id,
                    r.token_id,
                    r.name,
                    r.strategy_name,
                    r.strategy_params,
                    r.account_id,
                    r.max_position_size,
                    r.max_daily_loss,
                    r.max_trades_per_day,
                    t.token
                FROM ganaly.trading_robots r
                         JOIN ganaly.api_tokens t ON r.token_id = t.id
                WHERE r.is_active = 1
                  AND r.status = 'active'
                  AND r.robot_type = 'trading'
                  AND t.is_active = 1                 ]
(Background on this error at: https://sqlalche.me/e/20/f405)
2026-03-16 20:52:47.532 | INFO     | [SYSTEM:SCHEDULER] 🔄 Запуск цикла обновления
2026-03-16 20:52:47.839 | INFO     | [portfolio_updater:scheduler] 🔄 Найдено 1 токенов для обработки
2026-03-16 20:52:47.839 | INFO     | [portfolio_updater:scheduler] ▶️ Запуск робота v1.0.0
2026-03-16 20:52:47.839 | INFO     | [portfolio_updater:scheduler]    User ID: 1, Token ID: 15
2026-03-16 20:52:48.301 | INFO     | [portfolio_updater:scheduler]    Запись в БД: ID 377
2026-03-16 20:52:48.301 | INFO     | [portfolio_updater:scheduler] 🚀 Начало работы для токена 15
2026-03-16 20:53:16.929 | INFO     | [portfolio_updater:scheduler] Токен 15: прошло 1.5 мин, интервал 1 мин
2026-03-16 20:53:16.929 | INFO     | [portfolio_updater:scheduler] 🔌 Подключение к T-Invest API...
2026-03-16 20:53:16.929 | INFO     | [portfolio_updater:scheduler] 📋 Запрос списка счетов...
2026-03-16 20:53:17.007 | INFO     | [portfolio_updater:scheduler] 📊 Найдено счетов: 6
2026-03-16 20:53:17.007 | INFO     | [portfolio_updater:scheduler]   → Счет 2004129678 (Брокерский счёт)
2026-03-16 20:53:17.197 | INFO     | [portfolio_updater:scheduler]     ✓ Снимок сохранен (ID: 2293)
2026-03-16 20:53:17.197 | INFO     | [portfolio_updater:scheduler]   → Счет 2294878624 (Pinkin)
2026-03-16 20:53:18.549 | INFO     | [portfolio_updater:scheduler]     ✓ Снимок сохранен (ID: 2294)
2026-03-16 20:53:18.549 | INFO     | [portfolio_updater:scheduler]   → Счет 2294881404 (Анти-мейнстрим Aggressive)
2026-03-16 20:53:18.728 | INFO     | [portfolio_updater:scheduler]     ✓ Снимок сохранен (ID: 2295)
2026-03-16 20:53:18.728 | INFO     | [portfolio_updater:scheduler]   → Счет 2310550801 (Активное инвестирование)
2026-03-16 20:53:19.001 | INFO     | [portfolio_updater:scheduler]     ✓ Снимок сохранен (ID: 2296)
2026-03-16 20:53:19.001 | INFO     | [portfolio_updater:scheduler]   → Счет 2310571252 (Стратегия роста РФ)
2026-03-16 20:53:19.698 | INFO     | [portfolio_updater:scheduler]     ✓ Снимок сохранен (ID: 2297)
2026-03-16 20:53:19.698 | INFO     | [portfolio_updater:scheduler]   → Счет 2311961700 (Народная Кубышка)
2026-03-16 20:53:19.926 | INFO     | [portfolio_updater:scheduler]     ✓ Снимок сохранен (ID: 2298)
2026-03-16 20:53:20.210 | INFO     | [portfolio_updater:scheduler] ✅ Работа завершена. Обновлено счетов: 6, снимков: 6
2026-03-16 20:53:20.210 | INFO     | [portfolio_updater:scheduler] ✅ Работа завершена за 32370ms
2026-03-16 20:53:20.210 | INFO     | [portfolio_updater:scheduler]    status: success
2026-03-16 20:53:20.210 | INFO     | [portfolio_updater:scheduler]    accounts_found: 6
2026-03-16 20:53:20.210 | INFO     | [portfolio_updater:scheduler]    portfolios_updated: 6
2026-03-16 20:53:20.210 | INFO     | [portfolio_updater:scheduler]    snapshots_saved: 6
2026-03-16 20:53:20.210 | INFO     | [portfolio_updater:scheduler]    refresh_interval_minutes: 1
2026-03-16 20:53:20.453 | INFO     | [portfolio_updater:scheduler] 📊 Итоги: всего=1, обработано=1, пропущено=0, ошибок=0
2026-03-16 20:53:20.453 | INFO     | [SYSTEM:SCHEDULER] 📊 Портфели: {'total': 1, 'processed': 1, 'skipped': 0, 'errors': []}
2026-03-16 20:53:20.464 | ERROR    | [SYSTEM:SCHEDULER] ❌ Ошибка в цикле: (psycopg2.errors.UndefinedColumn) column r.max_position_size does not exist
LINE 10:                     r.max_position_size,
                             ^

[SQL: 
                SELECT
                    r.id,
                    r.user_id,
                    r.token_id,
                    r.name,
                    r.strategy_name,
                    r.strategy_params,
                    r.account_id,
                    r.max_position_size,
                    r.max_daily_loss,
                    r.max_trades_per_day,
                    t.token
                FROM ganaly.trading_robots r
                         JOIN ganaly.api_tokens t ON r.token_id = t.id
                WHERE r.is_active = 1
                  AND r.status = 'active'
                  AND r.robot_type = 'trading'
                  AND t.is_active = 1                 ]
(Background on this error at: https://sqlalche.me/e/20/f405)
2026-03-16 20:54:20.482 | INFO     | [SYSTEM:SCHEDULER] 🔄 Запуск цикла обновления
2026-03-16 20:54:20.528 | INFO     | [portfolio_updater:scheduler] 🔄 Найдено 1 токенов для обработки
2026-03-16 20:54:20.528 | INFO     | [portfolio_updater:scheduler] ▶️ Запуск робота v1.0.0
2026-03-16 20:54:20.528 | INFO     | [portfolio_updater:scheduler]    User ID: 1, Token ID: 15
2026-03-16 20:54:21.012 | INFO     | [portfolio_updater:scheduler]    Запись в БД: ID 378
2026-03-16 20:54:21.013 | INFO     | [portfolio_updater:scheduler] 🚀 Начало работы для токена 15
2026-03-16 20:54:21.035 | INFO     | [portfolio_updater:scheduler] Токен 15: прошло 1.0 мин, интервал 1 мин
2026-03-16 20:54:21.035 | INFO     | [portfolio_updater:scheduler] 🔌 Подключение к T-Invest API...
2026-03-16 20:54:21.035 | INFO     | [portfolio_updater:scheduler] 📋 Запрос списка счетов...
2026-03-16 20:54:23.298 | INFO     | [portfolio_updater:scheduler] 📊 Найдено счетов: 6
2026-03-16 20:54:23.298 | INFO     | [portfolio_updater:scheduler]   → Счет 2004129678 (Брокерский счёт)
2026-03-16 20:54:24.978 | INFO     | [portfolio_updater:scheduler]     ✓ Снимок сохранен (ID: 2299)
2026-03-16 20:54:24.978 | INFO     | [portfolio_updater:scheduler]   → Счет 2294878624 (Pinkin)
2026-03-16 20:54:25.574 | INFO     | [portfolio_updater:scheduler]     ✓ Снимок сохранен (ID: 2300)
2026-03-16 20:54:25.574 | INFO     | [portfolio_updater:scheduler]   → Счет 2294881404 (Анти-мейнстрим Aggressive)
2026-03-16 20:54:34.726 | INFO     | [portfolio_updater:scheduler]     ✓ Снимок сохранен (ID: 2301)
2026-03-16 20:54:34.726 | INFO     | [portfolio_updater:scheduler]   → Счет 2310550801 (Активное инвестирование)
2026-03-16 20:54:54.126 | INFO     | [portfolio_updater:scheduler]     ✓ Снимок сохранен (ID: 2302)
2026-03-16 20:54:54.126 | INFO     | [portfolio_updater:scheduler]   → Счет 2310571252 (Стратегия роста РФ)
2026-03-16 20:55:05.931 | INFO     | [portfolio_updater:scheduler]     ✓ Снимок сохранен (ID: 2303)
2026-03-16 20:55:05.932 | INFO     | [portfolio_updater:scheduler]   → Счет 2311961700 (Народная Кубышка)
2026-03-16 20:55:06.137 | INFO     | [portfolio_updater:scheduler]     ✓ Снимок сохранен (ID: 2304)
2026-03-16 20:55:06.165 | INFO     | [portfolio_updater:scheduler] ✅ Работа завершена. Обновлено счетов: 6, снимков: 6
2026-03-16 20:55:06.165 | INFO     | [portfolio_updater:scheduler] ✅ Работа завершена за 45636ms
2026-03-16 20:55:06.166 | INFO     | [portfolio_updater:scheduler]    status: success
2026-03-16 20:55:06.166 | INFO     | [portfolio_updater:scheduler]    accounts_found: 6
2026-03-16 20:55:06.166 | INFO     | [portfolio_updater:scheduler]    portfolios_updated: 6
2026-03-16 20:55:06.166 | INFO     | [portfolio_updater:scheduler]    snapshots_saved: 6
2026-03-16 20:55:06.166 | INFO     | [portfolio_updater:scheduler]    refresh_interval_minutes: 1
2026-03-16 20:55:06.189 | INFO     | [portfolio_updater:scheduler] 📊 Итоги: всего=1, обработано=1, пропущено=0, ошибок=0
2026-03-16 20:55:06.189 | INFO     | [SYSTEM:SCHEDULER] 📊 Портфели: {'total': 1, 'processed': 1, 'skipped': 0, 'errors': []}
2026-03-16 20:55:06.197 | ERROR    | [SYSTEM:SCHEDULER] ❌ Ошибка в цикле: (psycopg2.errors.UndefinedColumn) column r.max_position_size does not exist
LINE 10:                     r.max_position_size,
                             ^

[SQL: 
                SELECT
                    r.id,
                    r.user_id,
                    r.token_id,
                    r.name,
                    r.strategy_name,
                    r.strategy_params,
                    r.account_id,
                    r.max_position_size,
                    r.max_daily_loss,
                    r.max_trades_per_day,
                    t.token
                FROM ganaly.trading_robots r
                         JOIN ganaly.api_tokens t ON r.token_id = t.id
                WHERE r.is_active = 1
                  AND r.status = 'active'
                  AND r.robot_type = 'trading'
                  AND t.is_active = 1                 ]
(Background on this error at: https://sqlalche.me/e/20/f405)
2026-03-16 20:56:06.461 | INFO     | [SYSTEM:SCHEDULER] 🔄 Запуск цикла обновления
2026-03-16 20:56:10.018 | INFO     | [portfolio_updater:scheduler] 🔄 Найдено 1 токенов для обработки
2026-03-16 20:56:10.018 | INFO     | [portfolio_updater:scheduler] ▶️ Запуск робота v1.0.0
2026-03-16 20:56:10.018 | INFO     | [portfolio_updater:scheduler]    User ID: 1, Token ID: 15
2026-03-16 20:56:10.720 | INFO     | [portfolio_updater:scheduler]    Запись в БД: ID 379
2026-03-16 20:56:10.720 | INFO     | [portfolio_updater:scheduler] 🚀 Начало работы для токена 15
2026-03-16 20:56:10.738 | INFO     | [portfolio_updater:scheduler] Токен 15: прошло 1.1 мин, интервал 1 мин
2026-03-16 20:56:10.738 | INFO     | [portfolio_updater:scheduler] 🔌 Подключение к T-Invest API...
2026-03-16 20:56:10.738 | INFO     | [portfolio_updater:scheduler] 📋 Запрос списка счетов...
2026-03-16 20:56:11.829 | INFO     | [portfolio_updater:scheduler] 📊 Найдено счетов: 6
2026-03-16 20:56:11.829 | INFO     | [portfolio_updater:scheduler]   → Счет 2004129678 (Брокерский счёт)
2026-03-16 20:56:13.248 | INFO     | [portfolio_updater:scheduler]     ✓ Снимок сохранен (ID: 2305)
2026-03-16 20:56:13.249 | INFO     | [portfolio_updater:scheduler]   → Счет 2294878624 (Pinkin)
2026-03-16 20:56:15.409 | INFO     | [portfolio_updater:scheduler]     ✓ Снимок сохранен (ID: 2306)
2026-03-16 20:56:15.411 | INFO     | [portfolio_updater:scheduler]   → Счет 2294881404 (Анти-мейнстрим Aggressive)
2026-03-16 20:56:15.609 | INFO     | [portfolio_updater:scheduler]     ✓ Снимок сохранен (ID: 2307)
2026-03-16 20:56:15.609 | INFO     | [portfolio_updater:scheduler]   → Счет 2310550801 (Активное инвестирование)
2026-03-16 20:56:15.860 | INFO     | [portfolio_updater:scheduler]     ✓ Снимок сохранен (ID: 2308)
2026-03-16 20:56:15.860 | INFO     | [portfolio_updater:scheduler]   → Счет 2310571252 (Стратегия роста РФ)
2026-03-16 20:56:16.099 | INFO     | [portfolio_updater:scheduler]     ✓ Снимок сохранен (ID: 2309)
2026-03-16 20:56:16.099 | INFO     | [portfolio_updater:scheduler]   → Счет 2311961700 (Народная Кубышка)
2026-03-16 20:56:16.283 | INFO     | [portfolio_updater:scheduler]     ✓ Снимок сохранен (ID: 2310)
2026-03-16 20:56:16.305 | INFO     | [portfolio_updater:scheduler] ✅ Работа завершена. Обновлено счетов: 6, снимков: 6
2026-03-16 20:56:16.305 | INFO     | [portfolio_updater:scheduler] ✅ Работа завершена за 6286ms
2026-03-16 20:56:16.305 | INFO     | [portfolio_updater:scheduler]    status: success
2026-03-16 20:56:16.305 | INFO     | [portfolio_updater:scheduler]    accounts_found: 6
2026-03-16 20:56:16.305 | INFO     | [portfolio_updater:scheduler]    portfolios_updated: 6
2026-03-16 20:56:16.307 | INFO     | [portfolio_updater:scheduler]    snapshots_saved: 6
2026-03-16 20:56:16.307 | INFO     | [portfolio_updater:scheduler]    refresh_interval_minutes: 1
2026-03-16 20:56:16.328 | INFO     | [portfolio_updater:scheduler] 📊 Итоги: всего=1, обработано=1, пропущено=0, ошибок=0
2026-03-16 20:56:16.328 | INFO     | [SYSTEM:SCHEDULER] 📊 Портфели: {'total': 1, 'processed': 1, 'skipped': 0, 'errors': []}
2026-03-16 20:56:16.335 | ERROR    | [SYSTEM:SCHEDULER] ❌ Ошибка в цикле: (psycopg2.errors.UndefinedColumn) column r.max_position_size does not exist
LINE 10:                     r.max_position_size,
                             ^

[SQL: 
                SELECT
                    r.id,
                    r.user_id,
                    r.token_id,
                    r.name,
                    r.strategy_name,
                    r.strategy_params,
                    r.account_id,
                    r.max_position_size,
                    r.max_daily_loss,
                    r.max_trades_per_day,
                    t.token
                FROM ganaly.trading_robots r
                         JOIN ganaly.api_tokens t ON r.token_id = t.id
                WHERE r.is_active = 1
                  AND r.status = 'active'
                  AND r.robot_type = 'trading'
                  AND t.is_active = 1                 ]
(Background on this error at: https://sqlalche.me/e/20/f405)
2026-03-16 20:57:16.347 | INFO     | [SYSTEM:SCHEDULER] 🔄 Запуск цикла обновления
2026-03-16 20:57:16.660 | INFO     | [portfolio_updater:scheduler] 🔄 Найдено 1 токенов для обработки
2026-03-16 20:57:16.660 | INFO     | [portfolio_updater:scheduler] ▶️ Запуск робота v1.0.0
2026-03-16 20:57:16.660 | INFO     | [portfolio_updater:scheduler]    User ID: 1, Token ID: 15
2026-03-16 20:57:24.535 | INFO     | [portfolio_updater:scheduler]    Запись в БД: ID 380
2026-03-16 20:57:24.535 | INFO     | [portfolio_updater:scheduler] 🚀 Начало работы для токена 15
2026-03-16 20:57:24.552 | INFO     | [portfolio_updater:scheduler] Токен 15: прошло 1.1 мин, интервал 1 мин
2026-03-16 20:57:24.555 | INFO     | [portfolio_updater:scheduler] 🔌 Подключение к T-Invest API...
2026-03-16 20:57:24.555 | INFO     | [portfolio_updater:scheduler] 📋 Запрос списка счетов...
2026-03-16 20:57:24.612 | INFO     | [portfolio_updater:scheduler] 📊 Найдено счетов: 6
2026-03-16 20:57:24.612 | INFO     | [portfolio_updater:scheduler]   → Счет 2004129678 (Брокерский счёт)
2026-03-16 20:57:24.774 | INFO     | [portfolio_updater:scheduler]     ✓ Снимок сохранен (ID: 2311)
2026-03-16 20:57:24.776 | INFO     | [portfolio_updater:scheduler]   → Счет 2294878624 (Pinkin)
2026-03-16 20:57:26.244 | INFO     | [portfolio_updater:scheduler]     ✓ Снимок сохранен (ID: 2312)
2026-03-16 20:57:26.244 | INFO     | [portfolio_updater:scheduler]   → Счет 2294881404 (Анти-мейнстрим Aggressive)
2026-03-16 20:57:26.659 | INFO     | [portfolio_updater:scheduler]     ✓ Снимок сохранен (ID: 2313)
2026-03-16 20:57:26.659 | INFO     | [portfolio_updater:scheduler]   → Счет 2310550801 (Активное инвестирование)
2026-03-16 20:57:26.909 | INFO     | [portfolio_updater:scheduler]     ✓ Снимок сохранен (ID: 2314)
2026-03-16 20:57:26.910 | INFO     | [portfolio_updater:scheduler]   → Счет 2310571252 (Стратегия роста РФ)
2026-03-16 20:57:27.409 | INFO     | [portfolio_updater:scheduler]     ✓ Снимок сохранен (ID: 2315)
2026-03-16 20:57:27.409 | INFO     | [portfolio_updater:scheduler]   → Счет 2311961700 (Народная Кубышка)
2026-03-16 20:57:27.816 | INFO     | [portfolio_updater:scheduler]     ✓ Снимок сохранен (ID: 2316)
2026-03-16 20:57:27.847 | INFO     | [portfolio_updater:scheduler] ✅ Работа завершена. Обновлено счетов: 6, снимков: 6
2026-03-16 20:57:27.849 | INFO     | [portfolio_updater:scheduler] ✅ Работа завершена за 11188ms
2026-03-16 20:57:27.849 | INFO     | [portfolio_updater:scheduler]    status: success
2026-03-16 20:57:27.849 | INFO     | [portfolio_updater:scheduler]    accounts_found: 6
2026-03-16 20:57:27.849 | INFO     | [portfolio_updater:scheduler]    portfolios_updated: 6
2026-03-16 20:57:27.849 | INFO     | [portfolio_updater:scheduler]    snapshots_saved: 6
2026-03-16 20:57:27.849 | INFO     | [portfolio_updater:scheduler]    refresh_interval_minutes: 1
2026-03-16 20:57:27.869 | INFO     | [portfolio_updater:scheduler] 📊 Итоги: всего=1, обработано=1, пропущено=0, ошибок=0
2026-03-16 20:57:27.869 | INFO     | [SYSTEM:SCHEDULER] 📊 Портфели: {'total': 1, 'processed': 1, 'skipped': 0, 'errors': []}
2026-03-16 20:57:27.878 | ERROR    | [SYSTEM:SCHEDULER] ❌ Ошибка в цикле: (psycopg2.errors.UndefinedColumn) column r.max_position_size does not exist
LINE 10:                     r.max_position_size,
                             ^

[SQL: 
                SELECT
                    r.id,
                    r.user_id,
                    r.token_id,
                    r.name,
                    r.strategy_name,
                    r.strategy_params,
                    r.account_id,
                    r.max_position_size,
                    r.max_daily_loss,
                    r.max_trades_per_day,
                    t.token
                FROM ganaly.trading_robots r
                         JOIN ganaly.api_tokens t ON r.token_id = t.id
                WHERE r.is_active = 1
                  AND r.status = 'active'
                  AND r.robot_type = 'trading'
                  AND t.is_active = 1                 ]
(Background on this error at: https://sqlalche.me/e/20/f405)
2026-03-16 20:58:27.885 | INFO     | [SYSTEM:SCHEDULER] 🔄 Запуск цикла обновления
2026-03-16 20:58:28.128 | INFO     | [portfolio_updater:scheduler] 🔄 Найдено 1 токенов для обработки
2026-03-16 20:58:28.128 | INFO     | [portfolio_updater:scheduler] ▶️ Запуск робота v1.0.0
2026-03-16 20:58:28.128 | INFO     | [portfolio_updater:scheduler]    User ID: 1, Token ID: 15
2026-03-16 20:58:28.609 | INFO     | [portfolio_updater:scheduler]    Запись в БД: ID 381
2026-03-16 20:58:28.609 | INFO     | [portfolio_updater:scheduler] 🚀 Начало работы для токена 15
2026-03-16 20:58:28.867 | INFO     | [portfolio_updater:scheduler] Токен 15: прошло 1.0 мин, интервал 1 мин
2026-03-16 20:58:28.867 | INFO     | [portfolio_updater:scheduler] 🔌 Подключение к T-Invest API...
2026-03-16 20:58:28.867 | INFO     | [portfolio_updater:scheduler] 📋 Запрос списка счетов...
2026-03-16 20:58:41.153 | INFO     | [portfolio_updater:scheduler] 📊 Найдено счетов: 6
2026-03-16 20:58:41.153 | INFO     | [portfolio_updater:scheduler]   → Счет 2004129678 (Брокерский счёт)
2026-03-16 20:58:43.512 | INFO     | [portfolio_updater:scheduler]     ✓ Снимок сохранен (ID: 2317)
2026-03-16 20:58:43.512 | INFO     | [portfolio_updater:scheduler]   → Счет 2294878624 (Pinkin)
2026-03-16 20:58:44.072 | INFO     | [portfolio_updater:scheduler]     ✓ Снимок сохранен (ID: 2318)
2026-03-16 20:58:44.072 | INFO     | [portfolio_updater:scheduler]   → Счет 2294881404 (Анти-мейнстрим Aggressive)
2026-03-16 20:58:44.513 | INFO     | [portfolio_updater:scheduler]     ✓ Снимок сохранен (ID: 2319)
2026-03-16 20:58:44.513 | INFO     | [portfolio_updater:scheduler]   → Счет 2310550801 (Активное инвестирование)
2026-03-16 20:58:45.554 | INFO     | [portfolio_updater:scheduler]     ✓ Снимок сохранен (ID: 2320)
2026-03-16 20:58:45.554 | INFO     | [portfolio_updater:scheduler]   → Счет 2310571252 (Стратегия роста РФ)
2026-03-16 20:58:45.770 | INFO     | [portfolio_updater:scheduler]     ✓ Снимок сохранен (ID: 2321)
2026-03-16 20:58:45.770 | INFO     | [portfolio_updater:scheduler]   → Счет 2311961700 (Народная Кубышка)
2026-03-16 20:58:45.975 | INFO     | [portfolio_updater:scheduler]     ✓ Снимок сохранен (ID: 2322)
2026-03-16 20:58:45.999 | INFO     | [portfolio_updater:scheduler] ✅ Работа завершена. Обновлено счетов: 6, снимков: 6
2026-03-16 20:58:45.999 | INFO     | [portfolio_updater:scheduler] ✅ Работа завершена за 17870ms
2026-03-16 20:58:45.999 | INFO     | [portfolio_updater:scheduler]    status: success
2026-03-16 20:58:45.999 | INFO     | [portfolio_updater:scheduler]    accounts_found: 6
2026-03-16 20:58:45.999 | INFO     | [portfolio_updater:scheduler]    portfolios_updated: 6
2026-03-16 20:58:45.999 | INFO     | [portfolio_updater:scheduler]    snapshots_saved: 6
2026-03-16 20:58:45.999 | INFO     | [portfolio_updater:scheduler]    refresh_interval_minutes: 1
2026-03-16 20:58:46.278 | INFO     | [portfolio_updater:scheduler] 📊 Итоги: всего=1, обработано=1, пропущено=0, ошибок=0
2026-03-16 20:58:46.278 | INFO     | [SYSTEM:SCHEDULER] 📊 Портфели: {'total': 1, 'processed': 1, 'skipped': 0, 'errors': []}
2026-03-16 20:58:46.296 | ERROR    | [SYSTEM:SCHEDULER] ❌ Ошибка в цикле: (psycopg2.errors.UndefinedColumn) column r.max_position_size does not exist
LINE 10:                     r.max_position_size,
                             ^

[SQL: 
                SELECT
                    r.id,
                    r.user_id,
                    r.token_id,
                    r.name,
                    r.strategy_name,
                    r.strategy_params,
                    r.account_id,
                    r.max_position_size,
                    r.max_daily_loss,
                    r.max_trades_per_day,
                    t.token
                FROM ganaly.trading_robots r
                         JOIN ganaly.api_tokens t ON r.token_id = t.id
                WHERE r.is_active = 1
                  AND r.status = 'active'
                  AND r.robot_type = 'trading'
                  AND t.is_active = 1                 ]
(Background on this error at: https://sqlalche.me/e/20/f405)
2026-03-16 20:59:46.299 | INFO     | [SYSTEM:SCHEDULER] 🔄 Запуск цикла обновления
2026-03-16 20:59:46.801 | INFO     | [portfolio_updater:scheduler] 🔄 Найдено 1 токенов для обработки
2026-03-16 20:59:46.801 | INFO     | [portfolio_updater:scheduler] ▶️ Запуск робота v1.0.0
2026-03-16 20:59:46.801 | INFO     | [portfolio_updater:scheduler]    User ID: 1, Token ID: 15
2026-03-16 20:59:48.168 | INFO     | [portfolio_updater:scheduler]    Запись в БД: ID 382
2026-03-16 20:59:48.168 | INFO     | [portfolio_updater:scheduler] 🚀 Начало работы для токена 15
2026-03-16 20:59:50.086 | INFO     | [portfolio_updater:scheduler] Токен 15: прошло 1.1 мин, интервал 1 мин
2026-03-16 20:59:50.086 | INFO     | [portfolio_updater:scheduler] 🔌 Подключение к T-Invest API...
2026-03-16 20:59:50.086 | INFO     | [portfolio_updater:scheduler] 📋 Запрос списка счетов...
2026-03-16 20:59:50.160 | INFO     | [portfolio_updater:scheduler] 📊 Найдено счетов: 6
2026-03-16 20:59:50.160 | INFO     | [portfolio_updater:scheduler]   → Счет 2004129678 (Брокерский счёт)
2026-03-16 20:59:50.728 | INFO     | [portfolio_updater:scheduler]     ✓ Снимок сохранен (ID: 2323)
2026-03-16 20:59:50.728 | INFO     | [portfolio_updater:scheduler]   → Счет 2294878624 (Pinkin)
2026-03-16 20:59:51.168 | INFO     | [portfolio_updater:scheduler]     ✓ Снимок сохранен (ID: 2324)
2026-03-16 20:59:51.168 | INFO     | [portfolio_updater:scheduler]   → Счет 2294881404 (Анти-мейнстрим Aggressive)
2026-03-16 20:59:51.408 | INFO     | [portfolio_updater:scheduler]     ✓ Снимок сохранен (ID: 2325)
2026-03-16 20:59:51.408 | INFO     | [portfolio_updater:scheduler]   → Счет 2310550801 (Активное инвестирование)
2026-03-16 20:59:52.441 | INFO     | [portfolio_updater:scheduler]     ✓ Снимок сохранен (ID: 2326)
2026-03-16 20:59:52.441 | INFO     | [portfolio_updater:scheduler]   → Счет 2310571252 (Стратегия роста РФ)
2026-03-16 20:59:53.448 | INFO     | [portfolio_updater:scheduler]     ✓ Снимок сохранен (ID: 2327)
2026-03-16 20:59:53.448 | INFO     | [portfolio_updater:scheduler]   → Счет 2311961700 (Народная Кубышка)
2026-03-16 20:59:53.728 | INFO     | [portfolio_updater:scheduler]     ✓ Снимок сохранен (ID: 2328)
2026-03-16 20:59:54.193 | INFO     | [portfolio_updater:scheduler] ✅ Работа завершена. Обновлено счетов: 6, снимков: 6
2026-03-16 20:59:54.193 | INFO     | [portfolio_updater:scheduler] ✅ Работа завершена за 7391ms
2026-03-16 20:59:54.193 | INFO     | [portfolio_updater:scheduler]    status: success
2026-03-16 20:59:54.193 | INFO     | [portfolio_updater:scheduler]    accounts_found: 6
2026-03-16 20:59:54.193 | INFO     | [portfolio_updater:scheduler]    portfolios_updated: 6
2026-03-16 20:59:54.193 | INFO     | [portfolio_updater:scheduler]    snapshots_saved: 6
2026-03-16 20:59:54.193 | INFO     | [portfolio_updater:scheduler]    refresh_interval_minutes: 1
2026-03-16 20:59:54.220 | INFO     | [portfolio_updater:scheduler] 📊 Итоги: всего=1, обработано=1, пропущено=0, ошибок=0
2026-03-16 20:59:54.220 | INFO     | [SYSTEM:SCHEDULER] 📊 Портфели: {'total': 1, 'processed': 1, 'skipped': 0, 'errors': []}
2026-03-16 20:59:54.238 | ERROR    | [SYSTEM:SCHEDULER] ❌ Ошибка в цикле: (psycopg2.errors.UndefinedColumn) column r.max_position_size does not exist
LINE 10:                     r.max_position_size,
                             ^

[SQL: 
                SELECT
                    r.id,
                    r.user_id,
                    r.token_id,
                    r.name,
                    r.strategy_name,
                    r.strategy_params,
                    r.account_id,
                    r.max_position_size,
                    r.max_daily_loss,
                    r.max_trades_per_day,
                    t.token
                FROM ganaly.trading_robots r
                         JOIN ganaly.api_tokens t ON r.token_id = t.id
                WHERE r.is_active = 1
                  AND r.status = 'active'
                  AND r.robot_type = 'trading'
                  AND t.is_active = 1                 ]
(Background on this error at: https://sqlalche.me/e/20/f405)
2026-03-16 21:00:54.274 | INFO     | [SYSTEM:SCHEDULER] 🔄 Запуск цикла обновления
2026-03-16 21:00:54.739 | INFO     | [portfolio_updater:scheduler] 🔄 Найдено 1 токенов для обработки
2026-03-16 21:00:54.739 | INFO     | [portfolio_updater:scheduler] ▶️ Запуск робота v1.0.0
2026-03-16 21:00:54.739 | INFO     | [portfolio_updater:scheduler]    User ID: 1, Token ID: 15
2026-03-16 21:00:59.328 | INFO     | [portfolio_updater:scheduler]    Запись в БД: ID 383
2026-03-16 21:00:59.328 | INFO     | [portfolio_updater:scheduler] 🚀 Начало работы для токена 15
2026-03-16 21:00:59.361 | INFO     | [portfolio_updater:scheduler] Токен 15: прошло 1.1 мин, интервал 1 мин
2026-03-16 21:00:59.361 | INFO     | [portfolio_updater:scheduler] 🔌 Подключение к T-Invest API...
2026-03-16 21:00:59.361 | INFO     | [portfolio_updater:scheduler] 📋 Запрос списка счетов...
2026-03-16 21:00:59.435 | INFO     | [portfolio_updater:scheduler] 📊 Найдено счетов: 6
2026-03-16 21:00:59.435 | INFO     | [portfolio_updater:scheduler]   → Счет 2004129678 (Брокерский счёт)
2026-03-16 21:01:02.569 | INFO     | [portfolio_updater:scheduler]     ✓ Снимок сохранен (ID: 2329)
2026-03-16 21:01:02.569 | INFO     | [portfolio_updater:scheduler]   → Счет 2294878624 (Pinkin)
2026-03-16 21:01:02.978 | INFO     | [portfolio_updater:scheduler]     ✓ Снимок сохранен (ID: 2330)
2026-03-16 21:01:02.978 | INFO     | [portfolio_updater:scheduler]   → Счет 2294881404 (Анти-мейнстрим Aggressive)
2026-03-16 21:01:03.708 | INFO     | [portfolio_updater:scheduler]     ✓ Снимок сохранен (ID: 2331)
2026-03-16 21:01:03.708 | INFO     | [portfolio_updater:scheduler]   → Счет 2310550801 (Активное инвестирование)
2026-03-16 21:01:04.277 | INFO     | [portfolio_updater:scheduler]     ✓ Снимок сохранен (ID: 2332)
2026-03-16 21:01:04.277 | INFO     | [portfolio_updater:scheduler]   → Счет 2310571252 (Стратегия роста РФ)
2026-03-16 21:01:04.869 | INFO     | [portfolio_updater:scheduler]     ✓ Снимок сохранен (ID: 2333)
2026-03-16 21:01:04.869 | INFO     | [portfolio_updater:scheduler]   → Счет 2311961700 (Народная Кубышка)
2026-03-16 21:01:05.549 | INFO     | [portfolio_updater:scheduler]     ✓ Снимок сохранен (ID: 2334)
2026-03-16 21:01:05.571 | INFO     | [portfolio_updater:scheduler] ✅ Работа завершена. Обновлено счетов: 6, снимков: 6
2026-03-16 21:01:05.571 | INFO     | [portfolio_updater:scheduler] ✅ Работа завершена за 10831ms
2026-03-16 21:01:05.571 | INFO     | [portfolio_updater:scheduler]    status: success
2026-03-16 21:01:05.571 | INFO     | [portfolio_updater:scheduler]    accounts_found: 6
2026-03-16 21:01:05.571 | INFO     | [portfolio_updater:scheduler]    portfolios_updated: 6
2026-03-16 21:01:05.571 | INFO     | [portfolio_updater:scheduler]    snapshots_saved: 6
2026-03-16 21:01:05.571 | INFO     | [portfolio_updater:scheduler]    refresh_interval_minutes: 1
2026-03-16 21:01:05.601 | INFO     | [portfolio_updater:scheduler] 📊 Итоги: всего=1, обработано=1, пропущено=0, ошибок=0
2026-03-16 21:01:05.601 | INFO     | [SYSTEM:SCHEDULER] 📊 Портфели: {'total': 1, 'processed': 1, 'skipped': 0, 'errors': []}
2026-03-16 21:01:05.612 | ERROR    | [SYSTEM:SCHEDULER] ❌ Ошибка в цикле: (psycopg2.errors.UndefinedColumn) column r.max_position_size does not exist
LINE 10:                     r.max_position_size,
                             ^

[SQL: 
                SELECT
                    r.id,
                    r.user_id,
                    r.token_id,
                    r.name,
                    r.strategy_name,
                    r.strategy_params,
                    r.account_id,
                    r.max_position_size,
                    r.max_daily_loss,
                    r.max_trades_per_day,
                    t.token
                FROM ganaly.trading_robots r
                         JOIN ganaly.api_tokens t ON r.token_id = t.id
                WHERE r.is_active = 1
                  AND r.status = 'active'
                  AND r.robot_type = 'trading'
                  AND t.is_active = 1                 ]
(Background on this error at: https://sqlalche.me/e/20/f405)
2026-03-16 21:02:05.621 | INFO     | [SYSTEM:SCHEDULER] 🔄 Запуск цикла обновления
2026-03-16 21:02:20.190 | INFO     | [portfolio_updater:scheduler] 🔄 Найдено 1 токенов для обработки
2026-03-16 21:02:20.193 | INFO     | [portfolio_updater:scheduler] ▶️ Запуск робота v1.0.0
2026-03-16 21:02:20.193 | INFO     | [portfolio_updater:scheduler]    User ID: 1, Token ID: 15
2026-03-16 21:02:20.219 | INFO     | [portfolio_updater:scheduler]    Запись в БД: ID 384
2026-03-16 21:02:20.219 | INFO     | [portfolio_updater:scheduler] 🚀 Начало работы для токена 15
2026-03-16 21:02:20.518 | INFO     | [portfolio_updater:scheduler] Токен 15: прошло 1.2 мин, интервал 1 мин
2026-03-16 21:02:20.518 | INFO     | [portfolio_updater:scheduler] 🔌 Подключение к T-Invest API...
2026-03-16 21:02:20.518 | INFO     | [portfolio_updater:scheduler] 📋 Запрос списка счетов...
2026-03-16 21:02:20.621 | INFO     | [portfolio_updater:scheduler] 📊 Найдено счетов: 6
2026-03-16 21:02:20.625 | INFO     | [portfolio_updater:scheduler]   → Счет 2004129678 (Брокерский счёт)
2026-03-16 21:02:20.815 | INFO     | [portfolio_updater:scheduler]     ✓ Снимок сохранен (ID: 2335)
2026-03-16 21:02:20.815 | INFO     | [portfolio_updater:scheduler]   → Счет 2294878624 (Pinkin)
2026-03-16 21:02:20.994 | INFO     | [portfolio_updater:scheduler]     ✓ Снимок сохранен (ID: 2336)
2026-03-16 21:02:20.994 | INFO     | [portfolio_updater:scheduler]   → Счет 2294881404 (Анти-мейнстрим Aggressive)
2026-03-16 21:02:21.143 | INFO     | [portfolio_updater:scheduler]     ✓ Снимок сохранен (ID: 2337)
2026-03-16 21:02:21.143 | INFO     | [portfolio_updater:scheduler]   → Счет 2310550801 (Активное инвестирование)
2026-03-16 21:02:21.387 | INFO     | [portfolio_updater:scheduler]     ✓ Снимок сохранен (ID: 2338)
2026-03-16 21:02:21.387 | INFO     | [portfolio_updater:scheduler]   → Счет 2310571252 (Стратегия роста РФ)
2026-03-16 21:02:22.083 | INFO     | [portfolio_updater:scheduler]     ✓ Снимок сохранен (ID: 2339)
2026-03-16 21:02:22.083 | INFO     | [portfolio_updater:scheduler]   → Счет 2311961700 (Народная Кубышка)
2026-03-16 21:02:22.519 | INFO     | [portfolio_updater:scheduler]     ✓ Снимок сохранен (ID: 2340)
2026-03-16 21:02:22.553 | INFO     | [portfolio_updater:scheduler] ✅ Работа завершена. Обновлено счетов: 6, снимков: 6
2026-03-16 21:02:22.553 | INFO     | [portfolio_updater:scheduler] ✅ Работа завершена за 2360ms
2026-03-16 21:02:22.553 | INFO     | [portfolio_updater:scheduler]    status: success
2026-03-16 21:02:22.553 | INFO     | [portfolio_updater:scheduler]    accounts_found: 6
2026-03-16 21:02:22.553 | INFO     | [portfolio_updater:scheduler]    portfolios_updated: 6
2026-03-16 21:02:22.553 | INFO     | [portfolio_updater:scheduler]    snapshots_saved: 6
2026-03-16 21:02:22.553 | INFO     | [portfolio_updater:scheduler]    refresh_interval_minutes: 1
2026-03-16 21:02:22.579 | INFO     | [portfolio_updater:scheduler] 📊 Итоги: всего=1, обработано=1, пропущено=0, ошибок=0
2026-03-16 21:02:22.579 | INFO     | [SYSTEM:SCHEDULER] 📊 Портфели: {'total': 1, 'processed': 1, 'skipped': 0, 'errors': []}
2026-03-16 21:02:22.587 | ERROR    | [SYSTEM:SCHEDULER] ❌ Ошибка в цикле: (psycopg2.errors.UndefinedColumn) column r.max_position_size does not exist
LINE 10:                     r.max_position_size,
                             ^

[SQL: 
                SELECT
                    r.id,
                    r.user_id,
                    r.token_id,
                    r.name,
                    r.strategy_name,
                    r.strategy_params,
                    r.account_id,
                    r.max_position_size,
                    r.max_daily_loss,
                    r.max_trades_per_day,
                    t.token
                FROM ganaly.trading_robots r
                         JOIN ganaly.api_tokens t ON r.token_id = t.id
                WHERE r.is_active = 1
                  AND r.status = 'active'
                  AND r.robot_type = 'trading'
                  AND t.is_active = 1                 ]
(Background on this error at: https://sqlalche.me/e/20/f405)
2026-03-16 21:33:56.966 | INFO     | [SYSTEM:SCHEDULER] 🔄 Запуск цикла обновления
2026-03-16 21:33:56.968 | ERROR    | [SYSTEM:SCHEDULER] ❌ Ошибка в цикле: (psycopg2.OperationalError) connection to server at "147.45.235.27", port 5432 failed: Network is unreachable (0x00002743/10051)
	Is the server running on that host and accepting TCP/IP connections?

(Background on this error at: https://sqlalche.me/e/20/e3q8)
2026-03-16 21:34:56.991 | INFO     | [SYSTEM:SCHEDULER] 🔄 Запуск цикла обновления
2026-03-16 21:35:05.164 | INFO     | [portfolio_updater:scheduler] 🔄 Найдено 1 токенов для обработки
2026-03-16 21:35:05.164 | INFO     | [portfolio_updater:scheduler] ▶️ Запуск робота v1.0.0
2026-03-16 21:35:05.164 | INFO     | [portfolio_updater:scheduler]    User ID: 1, Token ID: 15
2026-03-16 21:35:05.293 | INFO     | [portfolio_updater:scheduler]    Запись в БД: ID 385
2026-03-16 21:35:05.293 | INFO     | [portfolio_updater:scheduler] 🚀 Начало работы для токена 15
2026-03-16 21:35:05.800 | INFO     | [portfolio_updater:scheduler] Токен 15: прошло 32.7 мин, интервал 1 мин
2026-03-16 21:35:05.800 | INFO     | [portfolio_updater:scheduler] 🔌 Подключение к T-Invest API...
2026-03-16 21:35:05.800 | INFO     | [portfolio_updater:scheduler] 📋 Запрос списка счетов...
2026-03-16 21:35:06.908 | INFO     | [portfolio_updater:scheduler] 📊 Найдено счетов: 6
2026-03-16 21:35:06.908 | INFO     | [portfolio_updater:scheduler]   → Счет 2004129678 (Брокерский счёт)
2026-03-16 21:35:07.156 | INFO     | [portfolio_updater:scheduler]     ✓ Снимок сохранен (ID: 2341)
2026-03-16 21:35:07.156 | INFO     | [portfolio_updater:scheduler]   → Счет 2294878624 (Pinkin)
2026-03-16 21:35:07.636 | INFO     | [portfolio_updater:scheduler]     ✓ Снимок сохранен (ID: 2342)
2026-03-16 21:35:07.636 | INFO     | [portfolio_updater:scheduler]   → Счет 2294881404 (Анти-мейнстрим Aggressive)
2026-03-16 21:35:07.907 | INFO     | [portfolio_updater:scheduler]     ✓ Снимок сохранен (ID: 2343)
2026-03-16 21:35:07.907 | INFO     | [portfolio_updater:scheduler]   → Счет 2310550801 (Активное инвестирование)
2026-03-16 21:35:08.720 | INFO     | [portfolio_updater:scheduler]     ✓ Снимок сохранен (ID: 2344)
2026-03-16 21:35:08.720 | INFO     | [portfolio_updater:scheduler]   → Счет 2310571252 (Стратегия роста РФ)
2026-03-16 21:35:08.982 | INFO     | [portfolio_updater:scheduler]     ✓ Снимок сохранен (ID: 2345)
2026-03-16 21:35:08.982 | INFO     | [portfolio_updater:scheduler]   → Счет 2311961700 (Народная Кубышка)
2026-03-16 21:35:09.709 | INFO     | [portfolio_updater:scheduler]     ✓ Снимок сохранен (ID: 2346)
2026-03-16 21:35:09.732 | INFO     | [portfolio_updater:scheduler] ✅ Работа завершена. Обновлено счетов: 6, снимков: 6
2026-03-16 21:35:09.732 | INFO     | [portfolio_updater:scheduler] ✅ Работа завершена за 4567ms
2026-03-16 21:35:09.732 | INFO     | [portfolio_updater:scheduler]    status: success
2026-03-16 21:35:09.732 | INFO     | [portfolio_updater:scheduler]    accounts_found: 6
2026-03-16 21:35:09.732 | INFO     | [portfolio_updater:scheduler]    portfolios_updated: 6
2026-03-16 21:35:09.732 | INFO     | [portfolio_updater:scheduler]    snapshots_saved: 6
2026-03-16 21:35:09.732 | INFO     | [portfolio_updater:scheduler]    refresh_interval_minutes: 1
2026-03-16 21:35:09.766 | INFO     | [portfolio_updater:scheduler] 📊 Итоги: всего=1, обработано=1, пропущено=0, ошибок=0
2026-03-16 21:35:09.766 | INFO     | [SYSTEM:SCHEDULER] 📊 Портфели: {'total': 1, 'processed': 1, 'skipped': 0, 'errors': []}
2026-03-16 21:35:09.774 | ERROR    | [SYSTEM:SCHEDULER] ❌ Ошибка в цикле: (psycopg2.errors.UndefinedColumn) column r.max_position_size does not exist
LINE 10:                     r.max_position_size,
                             ^

[SQL: 
                SELECT
                    r.id,
                    r.user_id,
                    r.token_id,
                    r.name,
                    r.strategy_name,
                    r.strategy_params,
                    r.account_id,
                    r.max_position_size,
                    r.max_daily_loss,
                    r.max_trades_per_day,
                    t.token
                FROM ganaly.trading_robots r
                         JOIN ganaly.api_tokens t ON r.token_id = t.id
                WHERE r.is_active = 1
                  AND r.status = 'active'
                  AND r.robot_type = 'trading'
                  AND t.is_active = 1                 ]
(Background on this error at: https://sqlalche.me/e/20/f405)
2026-03-16 21:36:09.819 | INFO     | [SYSTEM:SCHEDULER] 🔄 Запуск цикла обновления
2026-03-16 21:36:11.271 | INFO     | [portfolio_updater:scheduler] 🔄 Найдено 1 токенов для обработки
2026-03-16 21:36:11.271 | INFO     | [portfolio_updater:scheduler] ▶️ Запуск робота v1.0.0
2026-03-16 21:36:11.271 | INFO     | [portfolio_updater:scheduler]    User ID: 1, Token ID: 15
2026-03-16 21:36:12.436 | INFO     | [portfolio_updater:scheduler]    Запись в БД: ID 386
2026-03-16 21:36:12.436 | INFO     | [portfolio_updater:scheduler] 🚀 Начало работы для токена 15
2026-03-16 21:36:12.736 | INFO     | [portfolio_updater:scheduler] Токен 15: прошло 1.1 мин, интервал 1 мин
2026-03-16 21:36:12.736 | INFO     | [portfolio_updater:scheduler] 🔌 Подключение к T-Invest API...
2026-03-16 21:36:12.736 | INFO     | [portfolio_updater:scheduler] 📋 Запрос списка счетов...
2026-03-16 21:36:13.822 | INFO     | [portfolio_updater:scheduler] 📊 Найдено счетов: 6
2026-03-16 21:36:13.822 | INFO     | [portfolio_updater:scheduler]   → Счет 2004129678 (Брокерский счёт)
2026-03-16 21:36:17.683 | INFO     | [portfolio_updater:scheduler]     ✓ Снимок сохранен (ID: 2347)
2026-03-16 21:36:17.684 | INFO     | [portfolio_updater:scheduler]   → Счет 2294878624 (Pinkin)
2026-03-16 21:36:17.986 | INFO     | [portfolio_updater:scheduler]     ✓ Снимок сохранен (ID: 2348)
2026-03-16 21:36:17.986 | INFO     | [portfolio_updater:scheduler]   → Счет 2294881404 (Анти-мейнстрим Aggressive)
2026-03-16 21:36:18.597 | INFO     | [portfolio_updater:scheduler]     ✓ Снимок сохранен (ID: 2349)
2026-03-16 21:36:18.597 | INFO     | [portfolio_updater:scheduler]   → Счет 2310550801 (Активное инвестирование)
2026-03-16 21:36:19.284 | INFO     | [portfolio_updater:scheduler]     ✓ Снимок сохранен (ID: 2350)
2026-03-16 21:36:19.284 | INFO     | [portfolio_updater:scheduler]   → Счет 2310571252 (Стратегия роста РФ)
2026-03-16 21:36:19.494 | INFO     | [portfolio_updater:scheduler]     ✓ Снимок сохранен (ID: 2351)
2026-03-16 21:36:19.494 | INFO     | [portfolio_updater:scheduler]   → Счет 2311961700 (Народная Кубышка)
2026-03-16 21:36:19.916 | INFO     | [portfolio_updater:scheduler]     ✓ Снимок сохранен (ID: 2352)
2026-03-16 21:36:19.951 | INFO     | [portfolio_updater:scheduler] ✅ Работа завершена. Обновлено счетов: 6, снимков: 6
2026-03-16 21:36:19.954 | INFO     | [portfolio_updater:scheduler] ✅ Работа завершена за 8682ms
2026-03-16 21:36:19.954 | INFO     | [portfolio_updater:scheduler]    status: success
2026-03-16 21:36:19.954 | INFO     | [portfolio_updater:scheduler]    accounts_found: 6
2026-03-16 21:36:19.954 | INFO     | [portfolio_updater:scheduler]    portfolios_updated: 6
2026-03-16 21:36:19.954 | INFO     | [portfolio_updater:scheduler]    snapshots_saved: 6
2026-03-16 21:36:19.954 | INFO     | [portfolio_updater:scheduler]    refresh_interval_minutes: 1
2026-03-16 21:36:19.976 | INFO     | [portfolio_updater:scheduler] 📊 Итоги: всего=1, обработано=1, пропущено=0, ошибок=0
2026-03-16 21:36:19.976 | INFO     | [SYSTEM:SCHEDULER] 📊 Портфели: {'total': 1, 'processed': 1, 'skipped': 0, 'errors': []}
2026-03-16 21:36:19.976 | ERROR    | [SYSTEM:SCHEDULER] ❌ Ошибка в цикле: (psycopg2.errors.UndefinedColumn) column r.max_position_size does not exist
LINE 10:                     r.max_position_size,
                             ^

[SQL: 
                SELECT
                    r.id,
                    r.user_id,
                    r.token_id,
                    r.name,
                    r.strategy_name,
                    r.strategy_params,
                    r.account_id,
                    r.max_position_size,
                    r.max_daily_loss,
                    r.max_trades_per_day,
                    t.token
                FROM ganaly.trading_robots r
                         JOIN ganaly.api_tokens t ON r.token_id = t.id
                WHERE r.is_active = 1
                  AND r.status = 'active'
                  AND r.robot_type = 'trading'
                  AND t.is_active = 1                 ]
(Background on this error at: https://sqlalche.me/e/20/f405)
2026-03-16 21:37:20.254 | INFO     | [SYSTEM:SCHEDULER] 🔄 Запуск цикла обновления
2026-03-16 21:37:20.287 | INFO     | [portfolio_updater:scheduler] 🔄 Найдено 1 токенов для обработки
2026-03-16 21:37:20.287 | INFO     | [portfolio_updater:scheduler] ▶️ Запуск робота v1.0.0
2026-03-16 21:37:20.288 | INFO     | [portfolio_updater:scheduler]    User ID: 1, Token ID: 15
2026-03-16 21:37:20.320 | INFO     | [portfolio_updater:scheduler]    Запись в БД: ID 387
2026-03-16 21:37:20.320 | INFO     | [portfolio_updater:scheduler] 🚀 Начало работы для токена 15
2026-03-16 21:37:20.349 | INFO     | [portfolio_updater:scheduler] Токен 15: прошло 1.0 мин, интервал 1 мин
2026-03-16 21:37:20.349 | INFO     | [portfolio_updater:scheduler] 🔌 Подключение к T-Invest API...
2026-03-16 21:37:20.349 | INFO     | [portfolio_updater:scheduler] 📋 Запрос списка счетов...
2026-03-16 21:37:20.464 | INFO     | [portfolio_updater:scheduler] 📊 Найдено счетов: 6
2026-03-16 21:37:20.466 | INFO     | [portfolio_updater:scheduler]   → Счет 2004129678 (Брокерский счёт)
2026-03-16 21:37:20.656 | INFO     | [portfolio_updater:scheduler]     ✓ Снимок сохранен (ID: 2353)
2026-03-16 21:37:20.656 | INFO     | [portfolio_updater:scheduler]   → Счет 2294878624 (Pinkin)
2026-03-16 21:37:21.056 | INFO     | [portfolio_updater:scheduler]     ✓ Снимок сохранен (ID: 2354)
2026-03-16 21:37:21.056 | INFO     | [portfolio_updater:scheduler]   → Счет 2294881404 (Анти-мейнстрим Aggressive)
2026-03-16 21:37:21.468 | INFO     | [portfolio_updater:scheduler]     ✓ Снимок сохранен (ID: 2355)
2026-03-16 21:37:21.468 | INFO     | [portfolio_updater:scheduler]   → Счет 2310550801 (Активное инвестирование)
2026-03-16 21:37:22.360 | INFO     | [portfolio_updater:scheduler]     ✓ Снимок сохранен (ID: 2356)
2026-03-16 21:37:22.360 | INFO     | [portfolio_updater:scheduler]   → Счет 2310571252 (Стратегия роста РФ)
2026-03-16 21:37:23.038 | INFO     | [portfolio_updater:scheduler]     ✓ Снимок сохранен (ID: 2357)
2026-03-16 21:37:23.038 | INFO     | [portfolio_updater:scheduler]   → Счет 2311961700 (Народная Кубышка)
2026-03-16 21:37:23.246 | INFO     | [portfolio_updater:scheduler]     ✓ Снимок сохранен (ID: 2358)
2026-03-16 21:37:23.270 | INFO     | [portfolio_updater:scheduler] ✅ Работа завершена. Обновлено счетов: 6, снимков: 6
2026-03-16 21:37:23.270 | INFO     | [portfolio_updater:scheduler] ✅ Работа завершена за 2982ms
2026-03-16 21:37:23.270 | INFO     | [portfolio_updater:scheduler]    status: success
2026-03-16 21:37:23.270 | INFO     | [portfolio_updater:scheduler]    accounts_found: 6
2026-03-16 21:37:23.270 | INFO     | [portfolio_updater:scheduler]    portfolios_updated: 6
2026-03-16 21:37:23.270 | INFO     | [portfolio_updater:scheduler]    snapshots_saved: 6
2026-03-16 21:37:23.270 | INFO     | [portfolio_updater:scheduler]    refresh_interval_minutes: 1
2026-03-16 21:37:23.554 | INFO     | [portfolio_updater:scheduler] 📊 Итоги: всего=1, обработано=1, пропущено=0, ошибок=0
2026-03-16 21:37:23.554 | INFO     | [SYSTEM:SCHEDULER] 📊 Портфели: {'total': 1, 'processed': 1, 'skipped': 0, 'errors': []}
2026-03-16 21:37:23.557 | ERROR    | [SYSTEM:SCHEDULER] ❌ Ошибка в цикле: (psycopg2.errors.UndefinedColumn) column r.max_position_size does not exist
LINE 10:                     r.max_position_size,
                             ^

[SQL: 
                SELECT
                    r.id,
                    r.user_id,
                    r.token_id,
                    r.name,
                    r.strategy_name,
                    r.strategy_params,
                    r.account_id,
                    r.max_position_size,
                    r.max_daily_loss,
                    r.max_trades_per_day,
                    t.token
                FROM ganaly.trading_robots r
                         JOIN ganaly.api_tokens t ON r.token_id = t.id
                WHERE r.is_active = 1
                  AND r.status = 'active'
                  AND r.robot_type = 'trading'
                  AND t.is_active = 1                 ]
(Background on this error at: https://sqlalche.me/e/20/f405)
2026-03-16 21:38:23.582 | INFO     | [SYSTEM:SCHEDULER] 🔄 Запуск цикла обновления
2026-03-16 21:38:23.607 | INFO     | [portfolio_updater:scheduler] 🔄 Найдено 1 токенов для обработки
2026-03-16 21:38:23.607 | INFO     | [portfolio_updater:scheduler] ▶️ Запуск робота v1.0.0
2026-03-16 21:38:23.607 | INFO     | [portfolio_updater:scheduler]    User ID: 1, Token ID: 15
2026-03-16 21:38:23.631 | INFO     | [portfolio_updater:scheduler]    Запись в БД: ID 388
2026-03-16 21:38:23.631 | INFO     | [portfolio_updater:scheduler] 🚀 Начало работы для токена 15
2026-03-16 21:38:23.651 | INFO     | [portfolio_updater:scheduler] Токен 15: прошло 1.0 мин, интервал 1 мин
2026-03-16 21:38:23.651 | INFO     | [portfolio_updater:scheduler] 🔌 Подключение к T-Invest API...
2026-03-16 21:38:23.651 | INFO     | [portfolio_updater:scheduler] 📋 Запрос списка счетов...
2026-03-16 21:38:23.728 | INFO     | [portfolio_updater:scheduler] 📊 Найдено счетов: 6
2026-03-16 21:38:23.728 | INFO     | [portfolio_updater:scheduler]   → Счет 2004129678 (Брокерский счёт)
2026-03-16 21:38:23.906 | INFO     | [portfolio_updater:scheduler]     ✓ Снимок сохранен (ID: 2359)
2026-03-16 21:38:23.906 | INFO     | [portfolio_updater:scheduler]   → Счет 2294878624 (Pinkin)
2026-03-16 21:38:24.090 | INFO     | [portfolio_updater:scheduler]     ✓ Снимок сохранен (ID: 2360)
2026-03-16 21:38:24.097 | INFO     | [portfolio_updater:scheduler]   → Счет 2294881404 (Анти-мейнстрим Aggressive)
2026-03-16 21:38:41.649 | INFO     | [portfolio_updater:scheduler]     ✓ Снимок сохранен (ID: 2361)
2026-03-16 21:38:41.649 | INFO     | [portfolio_updater:scheduler]   → Счет 2310550801 (Активное инвестирование)
2026-03-16 21:38:41.926 | INFO     | [portfolio_updater:scheduler]     ✓ Снимок сохранен (ID: 2362)
2026-03-16 21:38:41.926 | INFO     | [portfolio_updater:scheduler]   → Счет 2310571252 (Стратегия роста РФ)
2026-03-16 21:38:42.157 | INFO     | [portfolio_updater:scheduler]     ✓ Снимок сохранен (ID: 2363)
2026-03-16 21:38:42.157 | INFO     | [portfolio_updater:scheduler]   → Счет 2311961700 (Народная Кубышка)
2026-03-16 21:38:42.402 | INFO     | [portfolio_updater:scheduler]     ✓ Снимок сохранен (ID: 2364)
2026-03-16 21:38:42.423 | INFO     | [portfolio_updater:scheduler] ✅ Работа завершена. Обновлено счетов: 6, снимков: 6
2026-03-16 21:38:42.423 | INFO     | [portfolio_updater:scheduler] ✅ Работа завершена за 18816ms
2026-03-16 21:38:42.423 | INFO     | [portfolio_updater:scheduler]    status: success
2026-03-16 21:38:42.423 | INFO     | [portfolio_updater:scheduler]    accounts_found: 6
2026-03-16 21:38:42.423 | INFO     | [portfolio_updater:scheduler]    portfolios_updated: 6
2026-03-16 21:38:42.423 | INFO     | [portfolio_updater:scheduler]    snapshots_saved: 6
2026-03-16 21:38:42.423 | INFO     | [portfolio_updater:scheduler]    refresh_interval_minutes: 1
2026-03-16 21:38:42.446 | INFO     | [portfolio_updater:scheduler] 📊 Итоги: всего=1, обработано=1, пропущено=0, ошибок=0
2026-03-16 21:38:42.446 | INFO     | [SYSTEM:SCHEDULER] 📊 Портфели: {'total': 1, 'processed': 1, 'skipped': 0, 'errors': []}
2026-03-16 21:38:42.448 | ERROR    | [SYSTEM:SCHEDULER] ❌ Ошибка в цикле: (psycopg2.errors.UndefinedColumn) column r.max_position_size does not exist
LINE 10:                     r.max_position_size,
                             ^

[SQL: 
                SELECT
                    r.id,
                    r.user_id,
                    r.token_id,
                    r.name,
                    r.strategy_name,
                    r.strategy_params,
                    r.account_id,
                    r.max_position_size,
                    r.max_daily_loss,
                    r.max_trades_per_day,
                    t.token
                FROM ganaly.trading_robots r
                         JOIN ganaly.api_tokens t ON r.token_id = t.id
                WHERE r.is_active = 1
                  AND r.status = 'active'
                  AND r.robot_type = 'trading'
                  AND t.is_active = 1                 ]
(Background on this error at: https://sqlalche.me/e/20/f405)
2026-03-16 21:39:42.468 | INFO     | [SYSTEM:SCHEDULER] 🔄 Запуск цикла обновления
2026-03-16 21:39:42.485 | INFO     | [portfolio_updater:scheduler] 🔄 Найдено 1 токенов для обработки
2026-03-16 21:39:42.485 | INFO     | [portfolio_updater:scheduler] ▶️ Запуск робота v1.0.0
2026-03-16 21:39:42.486 | INFO     | [portfolio_updater:scheduler]    User ID: 1, Token ID: 15
2026-03-16 21:39:42.508 | INFO     | [portfolio_updater:scheduler]    Запись в БД: ID 389
2026-03-16 21:39:42.508 | INFO     | [portfolio_updater:scheduler] 🚀 Начало работы для токена 15
2026-03-16 21:39:42.526 | INFO     | [portfolio_updater:scheduler] Токен 15: прошло 1.0 мин, интервал 1 мин
2026-03-16 21:39:42.532 | INFO     | [portfolio_updater:scheduler] 🔌 Подключение к T-Invest API...
2026-03-16 21:39:42.532 | INFO     | [portfolio_updater:scheduler] 📋 Запрос списка счетов...
2026-03-16 21:39:42.581 | INFO     | [portfolio_updater:scheduler] 📊 Найдено счетов: 6
2026-03-16 21:39:42.581 | INFO     | [portfolio_updater:scheduler]   → Счет 2004129678 (Брокерский счёт)
2026-03-16 21:39:42.778 | INFO     | [portfolio_updater:scheduler]     ✓ Снимок сохранен (ID: 2365)
2026-03-16 21:39:42.778 | INFO     | [portfolio_updater:scheduler]   → Счет 2294878624 (Pinkin)
2026-03-16 21:39:42.940 | INFO     | [portfolio_updater:scheduler]     ✓ Снимок сохранен (ID: 2366)
2026-03-16 21:39:42.940 | INFO     | [portfolio_updater:scheduler]   → Счет 2294881404 (Анти-мейнстрим Aggressive)
2026-03-16 21:39:43.116 | INFO     | [portfolio_updater:scheduler]     ✓ Снимок сохранен (ID: 2367)
2026-03-16 21:39:43.116 | INFO     | [portfolio_updater:scheduler]   → Счет 2310550801 (Активное инвестирование)
2026-03-16 21:39:43.606 | INFO     | [portfolio_updater:scheduler]     ✓ Снимок сохранен (ID: 2368)
2026-03-16 21:39:43.606 | INFO     | [portfolio_updater:scheduler]   → Счет 2310571252 (Стратегия роста РФ)
2026-03-16 21:39:44.069 | INFO     | [portfolio_updater:scheduler]     ✓ Снимок сохранен (ID: 2369)
2026-03-16 21:39:44.069 | INFO     | [portfolio_updater:scheduler]   → Счет 2311961700 (Народная Кубышка)
2026-03-16 21:39:44.276 | INFO     | [portfolio_updater:scheduler]     ✓ Снимок сохранен (ID: 2370)
2026-03-16 21:39:44.304 | INFO     | [portfolio_updater:scheduler] ✅ Работа завершена. Обновлено счетов: 6, снимков: 6
2026-03-16 21:39:44.304 | INFO     | [portfolio_updater:scheduler] ✅ Работа завершена за 1818ms
2026-03-16 21:39:44.304 | INFO     | [portfolio_updater:scheduler]    status: success
2026-03-16 21:39:44.304 | INFO     | [portfolio_updater:scheduler]    accounts_found: 6
2026-03-16 21:39:44.304 | INFO     | [portfolio_updater:scheduler]    portfolios_updated: 6
2026-03-16 21:39:44.304 | INFO     | [portfolio_updater:scheduler]    snapshots_saved: 6
2026-03-16 21:39:44.304 | INFO     | [portfolio_updater:scheduler]    refresh_interval_minutes: 1
2026-03-16 21:39:44.543 | INFO     | [portfolio_updater:scheduler] 📊 Итоги: всего=1, обработано=1, пропущено=0, ошибок=0
2026-03-16 21:39:44.543 | INFO     | [SYSTEM:SCHEDULER] 📊 Портфели: {'total': 1, 'processed': 1, 'skipped': 0, 'errors': []}
2026-03-16 21:39:44.546 | ERROR    | [SYSTEM:SCHEDULER] ❌ Ошибка в цикле: (psycopg2.errors.UndefinedColumn) column r.max_position_size does not exist
LINE 10:                     r.max_position_size,
                             ^

[SQL: 
                SELECT
                    r.id,
                    r.user_id,
                    r.token_id,
                    r.name,
                    r.strategy_name,
                    r.strategy_params,
                    r.account_id,
                    r.max_position_size,
                    r.max_daily_loss,
                    r.max_trades_per_day,
                    t.token
                FROM ganaly.trading_robots r
                         JOIN ganaly.api_tokens t ON r.token_id = t.id
                WHERE r.is_active = 1
                  AND r.status = 'active'
                  AND r.robot_type = 'trading'
                  AND t.is_active = 1                 ]
(Background on this error at: https://sqlalche.me/e/20/f405)
2026-03-16 21:40:44.572 | INFO     | [SYSTEM:SCHEDULER] 🔄 Запуск цикла обновления
2026-03-16 21:40:44.837 | INFO     | [portfolio_updater:scheduler] 🔄 Найдено 1 токенов для обработки
2026-03-16 21:40:44.839 | INFO     | [portfolio_updater:scheduler] ▶️ Запуск робота v1.0.0
2026-03-16 21:40:44.839 | INFO     | [portfolio_updater:scheduler]    User ID: 1, Token ID: 15
2026-03-16 21:40:45.519 | INFO     | [portfolio_updater:scheduler]    Запись в БД: ID 390
2026-03-16 21:40:45.519 | INFO     | [portfolio_updater:scheduler] 🚀 Начало работы для токена 15
2026-03-16 21:40:46.124 | INFO     | [portfolio_updater:scheduler] Токен 15: прошло 1.0 мин, интервал 1 мин
2026-03-16 21:40:46.124 | INFO     | [portfolio_updater:scheduler] 🔌 Подключение к T-Invest API...
2026-03-16 21:40:46.124 | INFO     | [portfolio_updater:scheduler] 📋 Запрос списка счетов...
2026-03-16 21:40:54.380 | INFO     | [portfolio_updater:scheduler] 📊 Найдено счетов: 6
2026-03-16 21:40:54.380 | INFO     | [portfolio_updater:scheduler]   → Счет 2004129678 (Брокерский счёт)
2026-03-16 21:41:04.200 | INFO     | [portfolio_updater:scheduler]     ✓ Снимок сохранен (ID: 2371)
2026-03-16 21:41:04.200 | INFO     | [portfolio_updater:scheduler]   → Счет 2294878624 (Pinkin)
2026-03-16 21:41:04.664 | INFO     | [portfolio_updater:scheduler]     ✓ Снимок сохранен (ID: 2372)
2026-03-16 21:41:04.664 | INFO     | [portfolio_updater:scheduler]   → Счет 2294881404 (Анти-мейнстрим Aggressive)
2026-03-16 21:41:06.351 | INFO     | [portfolio_updater:scheduler]     ✓ Снимок сохранен (ID: 2373)
2026-03-16 21:41:06.351 | INFO     | [portfolio_updater:scheduler]   → Счет 2310550801 (Активное инвестирование)
2026-03-16 21:41:06.740 | INFO     | [portfolio_updater:scheduler]     ✓ Снимок сохранен (ID: 2374)
2026-03-16 21:41:06.740 | INFO     | [portfolio_updater:scheduler]   → Счет 2310571252 (Стратегия роста РФ)
2026-03-16 21:41:06.961 | INFO     | [portfolio_updater:scheduler]     ✓ Снимок сохранен (ID: 2375)
2026-03-16 21:41:06.961 | INFO     | [portfolio_updater:scheduler]   → Счет 2311961700 (Народная Кубышка)
2026-03-16 21:41:07.192 | INFO     | [portfolio_updater:scheduler]     ✓ Снимок сохранен (ID: 2376)
2026-03-16 21:41:07.212 | INFO     | [portfolio_updater:scheduler] ✅ Работа завершена. Обновлено счетов: 6, снимков: 6
2026-03-16 21:41:07.212 | INFO     | [portfolio_updater:scheduler] ✅ Работа завершена за 22373ms
2026-03-16 21:41:07.214 | INFO     | [portfolio_updater:scheduler]    status: success
2026-03-16 21:41:07.214 | INFO     | [portfolio_updater:scheduler]    accounts_found: 6
2026-03-16 21:41:07.214 | INFO     | [portfolio_updater:scheduler]    portfolios_updated: 6
2026-03-16 21:41:07.214 | INFO     | [portfolio_updater:scheduler]    snapshots_saved: 6
2026-03-16 21:41:07.214 | INFO     | [portfolio_updater:scheduler]    refresh_interval_minutes: 1
2026-03-16 21:41:07.244 | INFO     | [portfolio_updater:scheduler] 📊 Итоги: всего=1, обработано=1, пропущено=0, ошибок=0
2026-03-16 21:41:07.244 | INFO     | [SYSTEM:SCHEDULER] 📊 Портфели: {'total': 1, 'processed': 1, 'skipped': 0, 'errors': []}
2026-03-16 21:41:07.246 | ERROR    | [SYSTEM:SCHEDULER] ❌ Ошибка в цикле: (psycopg2.errors.UndefinedColumn) column r.max_position_size does not exist
LINE 10:                     r.max_position_size,
                             ^

[SQL: 
                SELECT
                    r.id,
                    r.user_id,
                    r.token_id,
                    r.name,
                    r.strategy_name,
                    r.strategy_params,
                    r.account_id,
                    r.max_position_size,
                    r.max_daily_loss,
                    r.max_trades_per_day,
                    t.token
                FROM ganaly.trading_robots r
                         JOIN ganaly.api_tokens t ON r.token_id = t.id
                WHERE r.is_active = 1
                  AND r.status = 'active'
                  AND r.robot_type = 'trading'
                  AND t.is_active = 1                 ]
(Background on this error at: https://sqlalche.me/e/20/f405)
2026-03-16 21:42:07.277 | INFO     | [SYSTEM:SCHEDULER] 🔄 Запуск цикла обновления
2026-03-16 21:42:07.526 | INFO     | [portfolio_updater:scheduler] 🔄 Найдено 1 токенов для обработки
2026-03-16 21:42:07.526 | INFO     | [portfolio_updater:scheduler] ▶️ Запуск робота v1.0.0
2026-03-16 21:42:07.526 | INFO     | [portfolio_updater:scheduler]    User ID: 1, Token ID: 15
2026-03-16 21:42:22.456 | INFO     | [portfolio_updater:scheduler]    Запись в БД: ID 391
2026-03-16 21:42:22.462 | INFO     | [portfolio_updater:scheduler] 🚀 Начало работы для токена 15
2026-03-16 21:42:22.481 | INFO     | [portfolio_updater:scheduler] Токен 15: прошло 1.3 мин, интервал 1 мин
2026-03-16 21:42:22.481 | INFO     | [portfolio_updater:scheduler] 🔌 Подключение к T-Invest API...
2026-03-16 21:42:22.481 | INFO     | [portfolio_updater:scheduler] 📋 Запрос списка счетов...
2026-03-16 21:42:22.558 | INFO     | [portfolio_updater:scheduler] 📊 Найдено счетов: 6
2026-03-16 21:42:22.558 | INFO     | [portfolio_updater:scheduler]   → Счет 2004129678 (Брокерский счёт)
2026-03-16 21:42:22.782 | INFO     | [portfolio_updater:scheduler]     ✓ Снимок сохранен (ID: 2377)
2026-03-16 21:42:22.782 | INFO     | [portfolio_updater:scheduler]   → Счет 2294878624 (Pinkin)
2026-03-16 21:42:22.956 | INFO     | [portfolio_updater:scheduler]     ✓ Снимок сохранен (ID: 2378)
2026-03-16 21:42:22.956 | INFO     | [portfolio_updater:scheduler]   → Счет 2294881404 (Анти-мейнстрим Aggressive)
2026-03-16 21:42:23.116 | INFO     | [portfolio_updater:scheduler]     ✓ Снимок сохранен (ID: 2379)
2026-03-16 21:42:23.116 | INFO     | [portfolio_updater:scheduler]   → Счет 2310550801 (Активное инвестирование)
2026-03-16 21:42:23.651 | INFO     | [portfolio_updater:scheduler]     ✓ Снимок сохранен (ID: 2380)
2026-03-16 21:42:23.651 | INFO     | [portfolio_updater:scheduler]   → Счет 2310571252 (Стратегия роста РФ)
2026-03-16 21:42:24.118 | INFO     | [portfolio_updater:scheduler]     ✓ Снимок сохранен (ID: 2381)
2026-03-16 21:42:24.118 | INFO     | [portfolio_updater:scheduler]   → Счет 2311961700 (Народная Кубышка)
2026-03-16 21:42:24.301 | INFO     | [portfolio_updater:scheduler]     ✓ Снимок сохранен (ID: 2382)
2026-03-16 21:42:24.319 | INFO     | [portfolio_updater:scheduler] ✅ Работа завершена. Обновлено счетов: 6, снимков: 6
2026-03-16 21:42:24.319 | INFO     | [portfolio_updater:scheduler] ✅ Работа завершена за 16792ms
2026-03-16 21:42:24.319 | INFO     | [portfolio_updater:scheduler]    status: success
2026-03-16 21:42:24.319 | INFO     | [portfolio_updater:scheduler]    accounts_found: 6
2026-03-16 21:42:24.319 | INFO     | [portfolio_updater:scheduler]    portfolios_updated: 6
2026-03-16 21:42:24.319 | INFO     | [portfolio_updater:scheduler]    snapshots_saved: 6
2026-03-16 21:42:24.319 | INFO     | [portfolio_updater:scheduler]    refresh_interval_minutes: 1
2026-03-16 21:42:24.348 | INFO     | [portfolio_updater:scheduler] 📊 Итоги: всего=1, обработано=1, пропущено=0, ошибок=0
2026-03-16 21:42:24.348 | INFO     | [SYSTEM:SCHEDULER] 📊 Портфели: {'total': 1, 'processed': 1, 'skipped': 0, 'errors': []}
2026-03-16 21:42:24.356 | ERROR    | [SYSTEM:SCHEDULER] ❌ Ошибка в цикле: (psycopg2.errors.UndefinedColumn) column r.max_position_size does not exist
LINE 10:                     r.max_position_size,
                             ^

[SQL: 
                SELECT
                    r.id,
                    r.user_id,
                    r.token_id,
                    r.name,
                    r.strategy_name,
                    r.strategy_params,
                    r.account_id,
                    r.max_position_size,
                    r.max_daily_loss,
                    r.max_trades_per_day,
                    t.token
                FROM ganaly.trading_robots r
                         JOIN ganaly.api_tokens t ON r.token_id = t.id
                WHERE r.is_active = 1
                  AND r.status = 'active'
                  AND r.robot_type = 'trading'
                  AND t.is_active = 1                 ]
(Background on this error at: https://sqlalche.me/e/20/f405)
2026-03-16 21:43:24.352 | INFO     | [SYSTEM:SCHEDULER] 🔄 Запуск цикла обновления
2026-03-16 21:43:24.806 | INFO     | [portfolio_updater:scheduler] 🔄 Найдено 1 токенов для обработки
2026-03-16 21:43:24.806 | INFO     | [portfolio_updater:scheduler] ▶️ Запуск робота v1.0.0
2026-03-16 21:43:24.806 | INFO     | [portfolio_updater:scheduler]    User ID: 1, Token ID: 15
2026-03-16 21:43:25.306 | INFO     | [portfolio_updater:scheduler]    Запись в БД: ID 392
2026-03-16 21:43:25.306 | INFO     | [portfolio_updater:scheduler] 🚀 Начало работы для токена 15
2026-03-16 21:43:25.336 | INFO     | [portfolio_updater:scheduler] Токен 15: прошло 1.0 мин, интервал 1 мин
2026-03-16 21:43:25.337 | INFO     | [portfolio_updater:scheduler] 🔌 Подключение к T-Invest API...
2026-03-16 21:43:25.337 | INFO     | [portfolio_updater:scheduler] 📋 Запрос списка счетов...
2026-03-16 21:43:28.489 | INFO     | [portfolio_updater:scheduler] 📊 Найдено счетов: 6
2026-03-16 21:43:28.489 | INFO     | [portfolio_updater:scheduler]   → Счет 2004129678 (Брокерский счёт)
2026-03-16 21:43:31.993 | INFO     | [portfolio_updater:scheduler]     ✓ Снимок сохранен (ID: 2383)
2026-03-16 21:43:31.993 | INFO     | [portfolio_updater:scheduler]   → Счет 2294878624 (Pinkin)
2026-03-16 21:43:32.169 | INFO     | [portfolio_updater:scheduler]     ✓ Снимок сохранен (ID: 2384)
2026-03-16 21:43:32.170 | INFO     | [portfolio_updater:scheduler]   → Счет 2294881404 (Анти-мейнстрим Aggressive)
2026-03-16 21:43:32.349 | INFO     | [portfolio_updater:scheduler]     ✓ Снимок сохранен (ID: 2385)
2026-03-16 21:43:32.349 | INFO     | [portfolio_updater:scheduler]   → Счет 2310550801 (Активное инвестирование)
2026-03-16 21:43:33.401 | INFO     | [portfolio_updater:scheduler]     ✓ Снимок сохранен (ID: 2386)
2026-03-16 21:43:33.401 | INFO     | [portfolio_updater:scheduler]   → Счет 2310571252 (Стратегия роста РФ)
2026-03-16 21:43:34.262 | INFO     | [portfolio_updater:scheduler]     ✓ Снимок сохранен (ID: 2387)
2026-03-16 21:43:34.262 | INFO     | [portfolio_updater:scheduler]   → Счет 2311961700 (Народная Кубышка)
2026-03-16 21:43:35.012 | INFO     | [portfolio_updater:scheduler]     ✓ Снимок сохранен (ID: 2388)
2026-03-16 21:43:35.035 | INFO     | [portfolio_updater:scheduler] ✅ Работа завершена. Обновлено счетов: 6, снимков: 6
2026-03-16 21:43:35.035 | INFO     | [portfolio_updater:scheduler] ✅ Работа завершена за 10228ms
2026-03-16 21:43:35.035 | INFO     | [portfolio_updater:scheduler]    status: success
2026-03-16 21:43:35.035 | INFO     | [portfolio_updater:scheduler]    accounts_found: 6
2026-03-16 21:43:35.035 | INFO     | [portfolio_updater:scheduler]    portfolios_updated: 6
2026-03-16 21:43:35.036 | INFO     | [portfolio_updater:scheduler]    snapshots_saved: 6
2026-03-16 21:43:35.036 | INFO     | [portfolio_updater:scheduler]    refresh_interval_minutes: 1
2026-03-16 21:43:35.059 | INFO     | [portfolio_updater:scheduler] 📊 Итоги: всего=1, обработано=1, пропущено=0, ошибок=0
2026-03-16 21:43:35.059 | INFO     | [SYSTEM:SCHEDULER] 📊 Портфели: {'total': 1, 'processed': 1, 'skipped': 0, 'errors': []}
2026-03-16 21:43:35.069 | ERROR    | [SYSTEM:SCHEDULER] ❌ Ошибка в цикле: (psycopg2.errors.UndefinedColumn) column r.max_position_size does not exist
LINE 10:                     r.max_position_size,
                             ^

[SQL: 
                SELECT
                    r.id,
                    r.user_id,
                    r.token_id,
                    r.name,
                    r.strategy_name,
                    r.strategy_params,
                    r.account_id,
                    r.max_position_size,
                    r.max_daily_loss,
                    r.max_trades_per_day,
                    t.token
                FROM ganaly.trading_robots r
                         JOIN ganaly.api_tokens t ON r.token_id = t.id
                WHERE r.is_active = 1
                  AND r.status = 'active'
                  AND r.robot_type = 'trading'
                  AND t.is_active = 1                 ]
(Background on this error at: https://sqlalche.me/e/20/f405)
2026-03-16 21:44:35.065 | INFO     | [SYSTEM:SCHEDULER] 🔄 Запуск цикла обновления
2026-03-16 21:44:39.092 | INFO     | [portfolio_updater:scheduler] 🔄 Найдено 1 токенов для обработки
2026-03-16 21:44:39.092 | INFO     | [portfolio_updater:scheduler] ▶️ Запуск робота v1.0.0
2026-03-16 21:44:39.092 | INFO     | [portfolio_updater:scheduler]    User ID: 1, Token ID: 15
2026-03-16 21:44:53.501 | INFO     | [portfolio_updater:scheduler]    Запись в БД: ID 393
2026-03-16 21:44:53.501 | INFO     | [portfolio_updater:scheduler] 🚀 Начало работы для токена 15
2026-03-16 21:44:53.520 | INFO     | [portfolio_updater:scheduler] Токен 15: прошло 1.3 мин, интервал 1 мин
2026-03-16 21:44:53.520 | INFO     | [portfolio_updater:scheduler] 🔌 Подключение к T-Invest API...
2026-03-16 21:44:53.520 | INFO     | [portfolio_updater:scheduler] 📋 Запрос списка счетов...
2026-03-16 21:44:53.592 | INFO     | [portfolio_updater:scheduler] 📊 Найдено счетов: 6
2026-03-16 21:44:53.592 | INFO     | [portfolio_updater:scheduler]   → Счет 2004129678 (Брокерский счёт)
2026-03-16 21:44:54.258 | INFO     | [portfolio_updater:scheduler]     ✓ Снимок сохранен (ID: 2389)
2026-03-16 21:44:54.258 | INFO     | [portfolio_updater:scheduler]   → Счет 2294878624 (Pinkin)
2026-03-16 21:44:54.433 | INFO     | [portfolio_updater:scheduler]     ✓ Снимок сохранен (ID: 2390)
2026-03-16 21:44:54.433 | INFO     | [portfolio_updater:scheduler]   → Счет 2294881404 (Анти-мейнстрим Aggressive)
2026-03-16 21:44:54.655 | INFO     | [portfolio_updater:scheduler]     ✓ Снимок сохранен (ID: 2391)
2026-03-16 21:44:54.655 | INFO     | [portfolio_updater:scheduler]   → Счет 2310550801 (Активное инвестирование)
2026-03-16 21:45:01.818 | INFO     | [portfolio_updater:scheduler]     ✓ Снимок сохранен (ID: 2392)
2026-03-16 21:45:01.818 | INFO     | [portfolio_updater:scheduler]   → Счет 2310571252 (Стратегия роста РФ)
2026-03-16 21:45:07.367 | INFO     | [portfolio_updater:scheduler]     ✓ Снимок сохранен (ID: 2393)
2026-03-16 21:45:07.368 | INFO     | [portfolio_updater:scheduler]   → Счет 2311961700 (Народная Кубышка)
2026-03-16 21:45:07.581 | INFO     | [portfolio_updater:scheduler]     ✓ Снимок сохранен (ID: 2394)
2026-03-16 21:45:07.626 | INFO     | [portfolio_updater:scheduler] ✅ Работа завершена. Обновлено счетов: 6, снимков: 6
2026-03-16 21:45:07.626 | INFO     | [portfolio_updater:scheduler] ✅ Работа завершена за 28534ms
2026-03-16 21:45:07.626 | INFO     | [portfolio_updater:scheduler]    status: success
2026-03-16 21:45:07.626 | INFO     | [portfolio_updater:scheduler]    accounts_found: 6
2026-03-16 21:45:07.626 | INFO     | [portfolio_updater:scheduler]    portfolios_updated: 6
2026-03-16 21:45:07.626 | INFO     | [portfolio_updater:scheduler]    snapshots_saved: 6
2026-03-16 21:45:07.626 | INFO     | [portfolio_updater:scheduler]    refresh_interval_minutes: 1
2026-03-16 21:45:07.653 | INFO     | [portfolio_updater:scheduler] 📊 Итоги: всего=1, обработано=1, пропущено=0, ошибок=0
2026-03-16 21:45:07.653 | INFO     | [SYSTEM:SCHEDULER] 📊 Портфели: {'total': 1, 'processed': 1, 'skipped': 0, 'errors': []}
2026-03-16 21:45:07.663 | ERROR    | [SYSTEM:SCHEDULER] ❌ Ошибка в цикле: (psycopg2.errors.UndefinedColumn) column r.max_position_size does not exist
LINE 10:                     r.max_position_size,
                             ^

[SQL: 
                SELECT
                    r.id,
                    r.user_id,
                    r.token_id,
                    r.name,
                    r.strategy_name,
                    r.strategy_params,
                    r.account_id,
                    r.max_position_size,
                    r.max_daily_loss,
                    r.max_trades_per_day,
                    t.token
                FROM ganaly.trading_robots r
                         JOIN ganaly.api_tokens t ON r.token_id = t.id
                WHERE r.is_active = 1
                  AND r.status = 'active'
                  AND r.robot_type = 'trading'
                  AND t.is_active = 1                 ]
(Background on this error at: https://sqlalche.me/e/20/f405)
2026-03-16 21:46:07.683 | INFO     | [SYSTEM:SCHEDULER] 🔄 Запуск цикла обновления
2026-03-16 21:46:07.717 | INFO     | [portfolio_updater:scheduler] 🔄 Найдено 1 токенов для обработки
2026-03-16 21:46:07.717 | INFO     | [portfolio_updater:scheduler] ▶️ Запуск робота v1.0.0
2026-03-16 21:46:07.717 | INFO     | [portfolio_updater:scheduler]    User ID: 1, Token ID: 15
2026-03-16 21:46:07.754 | INFO     | [portfolio_updater:scheduler]    Запись в БД: ID 394
2026-03-16 21:46:07.754 | INFO     | [portfolio_updater:scheduler] 🚀 Начало работы для токена 15
2026-03-16 21:46:07.776 | INFO     | [portfolio_updater:scheduler] Токен 15: прошло 1.0 мин, интервал 1 мин
2026-03-16 21:46:07.776 | INFO     | [portfolio_updater:scheduler] 🔌 Подключение к T-Invest API...
2026-03-16 21:46:07.776 | INFO     | [portfolio_updater:scheduler] 📋 Запрос списка счетов...
2026-03-16 21:46:07.847 | INFO     | [portfolio_updater:scheduler] 📊 Найдено счетов: 6
2026-03-16 21:46:07.847 | INFO     | [portfolio_updater:scheduler]   → Счет 2004129678 (Брокерский счёт)
2026-03-16 21:46:08.117 | INFO     | [portfolio_updater:scheduler]     ✓ Снимок сохранен (ID: 2395)
2026-03-16 21:46:08.117 | INFO     | [portfolio_updater:scheduler]   → Счет 2294878624 (Pinkin)
2026-03-16 21:46:10.296 | INFO     | [portfolio_updater:scheduler]     ✓ Снимок сохранен (ID: 2396)
2026-03-16 21:46:10.300 | INFO     | [portfolio_updater:scheduler]   → Счет 2294881404 (Анти-мейнстрим Aggressive)
2026-03-16 21:46:11.529 | INFO     | [portfolio_updater:scheduler]     ✓ Снимок сохранен (ID: 2397)
2026-03-16 21:46:11.529 | INFO     | [portfolio_updater:scheduler]   → Счет 2310550801 (Активное инвестирование)
2026-03-16 21:46:13.078 | INFO     | [portfolio_updater:scheduler]     ✓ Снимок сохранен (ID: 2398)
2026-03-16 21:46:13.078 | INFO     | [portfolio_updater:scheduler]   → Счет 2310571252 (Стратегия роста РФ)
2026-03-16 21:46:13.382 | INFO     | [portfolio_updater:scheduler]     ✓ Снимок сохранен (ID: 2399)
2026-03-16 21:46:13.387 | INFO     | [portfolio_updater:scheduler]   → Счет 2311961700 (Народная Кубышка)
2026-03-16 21:46:14.056 | INFO     | [portfolio_updater:scheduler]     ✓ Снимок сохранен (ID: 2400)
2026-03-16 21:46:14.088 | INFO     | [portfolio_updater:scheduler] ✅ Работа завершена. Обновлено счетов: 6, снимков: 6
2026-03-16 21:46:14.088 | INFO     | [portfolio_updater:scheduler] ✅ Работа завершена за 6370ms
2026-03-16 21:46:14.088 | INFO     | [portfolio_updater:scheduler]    status: success
2026-03-16 21:46:14.088 | INFO     | [portfolio_updater:scheduler]    accounts_found: 6
2026-03-16 21:46:14.088 | INFO     | [portfolio_updater:scheduler]    portfolios_updated: 6
2026-03-16 21:46:14.088 | INFO     | [portfolio_updater:scheduler]    snapshots_saved: 6
2026-03-16 21:46:14.088 | INFO     | [portfolio_updater:scheduler]    refresh_interval_minutes: 1
2026-03-16 21:46:14.107 | INFO     | [portfolio_updater:scheduler] 📊 Итоги: всего=1, обработано=1, пропущено=0, ошибок=0
2026-03-16 21:46:14.116 | INFO     | [SYSTEM:SCHEDULER] 📊 Портфели: {'total': 1, 'processed': 1, 'skipped': 0, 'errors': []}
2026-03-16 21:46:14.128 | ERROR    | [SYSTEM:SCHEDULER] ❌ Ошибка в цикле: (psycopg2.errors.UndefinedColumn) column r.max_position_size does not exist
LINE 10:                     r.max_position_size,
                             ^

[SQL: 
                SELECT
                    r.id,
                    r.user_id,
                    r.token_id,
                    r.name,
                    r.strategy_name,
                    r.strategy_params,
                    r.account_id,
                    r.max_position_size,
                    r.max_daily_loss,
                    r.max_trades_per_day,
                    t.token
                FROM ganaly.trading_robots r
                         JOIN ganaly.api_tokens t ON r.token_id = t.id
                WHERE r.is_active = 1
                  AND r.status = 'active'
                  AND r.robot_type = 'trading'
                  AND t.is_active = 1                 ]
(Background on this error at: https://sqlalche.me/e/20/f405)
2026-03-16 21:47:14.132 | INFO     | [SYSTEM:SCHEDULER] 🔄 Запуск цикла обновления
2026-03-16 21:47:14.552 | INFO     | [portfolio_updater:scheduler] 🔄 Найдено 1 токенов для обработки
2026-03-16 21:47:14.552 | INFO     | [portfolio_updater:scheduler] ▶️ Запуск робота v1.0.0
2026-03-16 21:47:14.552 | INFO     | [portfolio_updater:scheduler]    User ID: 1, Token ID: 15
2026-03-16 21:47:14.589 | INFO     | [portfolio_updater:scheduler]    Запись в БД: ID 395
2026-03-16 21:47:14.589 | INFO     | [portfolio_updater:scheduler] 🚀 Начало работы для токена 15
2026-03-16 21:47:14.606 | INFO     | [portfolio_updater:scheduler] Токен 15: прошло 1.0 мин, интервал 1 мин
2026-03-16 21:47:14.606 | INFO     | [portfolio_updater:scheduler] 🔌 Подключение к T-Invest API...
2026-03-16 21:47:14.606 | INFO     | [portfolio_updater:scheduler] 📋 Запрос списка счетов...
2026-03-16 21:47:14.693 | INFO     | [portfolio_updater:scheduler] 📊 Найдено счетов: 6
2026-03-16 21:47:14.693 | INFO     | [portfolio_updater:scheduler]   → Счет 2004129678 (Брокерский счёт)
2026-03-16 21:47:32.599 | INFO     | [portfolio_updater:scheduler]     ✓ Снимок сохранен (ID: 2401)
2026-03-16 21:47:32.599 | INFO     | [portfolio_updater:scheduler]   → Счет 2294878624 (Pinkin)
2026-03-16 21:47:32.784 | INFO     | [portfolio_updater:scheduler]     ✓ Снимок сохранен (ID: 2402)
2026-03-16 21:47:32.784 | INFO     | [portfolio_updater:scheduler]   → Счет 2294881404 (Анти-мейнстрим Aggressive)
2026-03-16 21:47:32.954 | INFO     | [portfolio_updater:scheduler]     ✓ Снимок сохранен (ID: 2403)
2026-03-16 21:47:32.954 | INFO     | [portfolio_updater:scheduler]   → Счет 2310550801 (Активное инвестирование)
2026-03-16 21:47:33.196 | INFO     | [portfolio_updater:scheduler]     ✓ Снимок сохранен (ID: 2404)
2026-03-16 21:47:33.197 | INFO     | [portfolio_updater:scheduler]   → Счет 2310571252 (Стратегия роста РФ)
2026-03-16 21:47:33.416 | INFO     | [portfolio_updater:scheduler]     ✓ Снимок сохранен (ID: 2405)
2026-03-16 21:47:33.421 | INFO     | [portfolio_updater:scheduler]   → Счет 2311961700 (Народная Кубышка)
2026-03-16 21:47:33.606 | INFO     | [portfolio_updater:scheduler]     ✓ Снимок сохранен (ID: 2406)
2026-03-16 21:47:33.628 | INFO     | [portfolio_updater:scheduler] ✅ Работа завершена. Обновлено счетов: 6, снимков: 6
2026-03-16 21:47:33.630 | INFO     | [portfolio_updater:scheduler] ✅ Работа завершена за 19075ms
2026-03-16 21:47:33.630 | INFO     | [portfolio_updater:scheduler]    status: success
2026-03-16 21:47:33.630 | INFO     | [portfolio_updater:scheduler]    accounts_found: 6
2026-03-16 21:47:33.630 | INFO     | [portfolio_updater:scheduler]    portfolios_updated: 6
2026-03-16 21:47:33.630 | INFO     | [portfolio_updater:scheduler]    snapshots_saved: 6
2026-03-16 21:47:33.630 | INFO     | [portfolio_updater:scheduler]    refresh_interval_minutes: 1
2026-03-16 21:47:33.652 | INFO     | [portfolio_updater:scheduler] 📊 Итоги: всего=1, обработано=1, пропущено=0, ошибок=0
2026-03-16 21:47:33.654 | INFO     | [SYSTEM:SCHEDULER] 📊 Портфели: {'total': 1, 'processed': 1, 'skipped': 0, 'errors': []}
2026-03-16 21:47:33.658 | ERROR    | [SYSTEM:SCHEDULER] ❌ Ошибка в цикле: (psycopg2.errors.UndefinedColumn) column r.max_position_size does not exist
LINE 10:                     r.max_position_size,
                             ^

[SQL: 
                SELECT
                    r.id,
                    r.user_id,
                    r.token_id,
                    r.name,
                    r.strategy_name,
                    r.strategy_params,
                    r.account_id,
                    r.max_position_size,
                    r.max_daily_loss,
                    r.max_trades_per_day,
                    t.token
                FROM ganaly.trading_robots r
                         JOIN ganaly.api_tokens t ON r.token_id = t.id
                WHERE r.is_active = 1
                  AND r.status = 'active'
                  AND r.robot_type = 'trading'
                  AND t.is_active = 1                 ]
(Background on this error at: https://sqlalche.me/e/20/f405)
2026-03-16 21:48:33.675 | INFO     | [SYSTEM:SCHEDULER] 🔄 Запуск цикла обновления
2026-03-16 21:48:33.708 | INFO     | [portfolio_updater:scheduler] 🔄 Найдено 1 токенов для обработки
2026-03-16 21:48:33.708 | INFO     | [portfolio_updater:scheduler] ▶️ Запуск робота v1.0.0
2026-03-16 21:48:33.708 | INFO     | [portfolio_updater:scheduler]    User ID: 1, Token ID: 15
2026-03-16 21:48:34.067 | INFO     | [portfolio_updater:scheduler]    Запись в БД: ID 396
2026-03-16 21:48:34.067 | INFO     | [portfolio_updater:scheduler] 🚀 Начало работы для токена 15
2026-03-16 21:48:34.087 | INFO     | [portfolio_updater:scheduler] Токен 15: прошло 1.0 мин, интервал 1 мин
2026-03-16 21:48:34.087 | INFO     | [portfolio_updater:scheduler] 🔌 Подключение к T-Invest API...
2026-03-16 21:48:34.087 | INFO     | [portfolio_updater:scheduler] 📋 Запрос списка счетов...
2026-03-16 21:48:34.212 | INFO     | [portfolio_updater:scheduler] 📊 Найдено счетов: 6
2026-03-16 21:48:34.213 | INFO     | [portfolio_updater:scheduler]   → Счет 2004129678 (Брокерский счёт)
2026-03-16 21:48:34.401 | INFO     | [portfolio_updater:scheduler]     ✓ Снимок сохранен (ID: 2407)
2026-03-16 21:48:34.401 | INFO     | [portfolio_updater:scheduler]   → Счет 2294878624 (Pinkin)
2026-03-16 21:48:34.791 | INFO     | [portfolio_updater:scheduler]     ✓ Снимок сохранен (ID: 2408)
2026-03-16 21:48:34.791 | INFO     | [portfolio_updater:scheduler]   → Счет 2294881404 (Анти-мейнстрим Aggressive)
2026-03-16 21:48:34.973 | INFO     | [portfolio_updater:scheduler]     ✓ Снимок сохранен (ID: 2409)
2026-03-16 21:48:34.973 | INFO     | [portfolio_updater:scheduler]   → Счет 2310550801 (Активное инвестирование)
2026-03-16 21:48:35.250 | INFO     | [portfolio_updater:scheduler]     ✓ Снимок сохранен (ID: 2410)
2026-03-16 21:48:35.250 | INFO     | [portfolio_updater:scheduler]   → Счет 2310571252 (Стратегия роста РФ)
2026-03-16 21:48:36.677 | INFO     | [portfolio_updater:scheduler]     ✓ Снимок сохранен (ID: 2411)
2026-03-16 21:48:36.677 | INFO     | [portfolio_updater:scheduler]   → Счет 2311961700 (Народная Кубышка)
2026-03-16 21:48:36.856 | INFO     | [portfolio_updater:scheduler]     ✓ Снимок сохранен (ID: 2412)
2026-03-16 21:48:37.109 | INFO     | [portfolio_updater:scheduler] ✅ Работа завершена. Обновлено счетов: 6, снимков: 6
2026-03-16 21:48:37.109 | INFO     | [portfolio_updater:scheduler] ✅ Работа завершена за 3401ms
2026-03-16 21:48:37.109 | INFO     | [portfolio_updater:scheduler]    status: success
2026-03-16 21:48:37.109 | INFO     | [portfolio_updater:scheduler]    accounts_found: 6
2026-03-16 21:48:37.109 | INFO     | [portfolio_updater:scheduler]    portfolios_updated: 6
2026-03-16 21:48:37.109 | INFO     | [portfolio_updater:scheduler]    snapshots_saved: 6
2026-03-16 21:48:37.109 | INFO     | [portfolio_updater:scheduler]    refresh_interval_minutes: 1
2026-03-16 21:48:37.134 | INFO     | [portfolio_updater:scheduler] 📊 Итоги: всего=1, обработано=1, пропущено=0, ошибок=0
2026-03-16 21:48:37.134 | INFO     | [SYSTEM:SCHEDULER] 📊 Портфели: {'total': 1, 'processed': 1, 'skipped': 0, 'errors': []}
2026-03-16 21:48:37.143 | ERROR    | [SYSTEM:SCHEDULER] ❌ Ошибка в цикле: (psycopg2.errors.UndefinedColumn) column r.max_position_size does not exist
LINE 10:                     r.max_position_size,
                             ^

[SQL: 
                SELECT
                    r.id,
                    r.user_id,
                    r.token_id,
                    r.name,
                    r.strategy_name,
                    r.strategy_params,
                    r.account_id,
                    r.max_position_size,
                    r.max_daily_loss,
                    r.max_trades_per_day,
                    t.token
                FROM ganaly.trading_robots r
                         JOIN ganaly.api_tokens t ON r.token_id = t.id
                WHERE r.is_active = 1
                  AND r.status = 'active'
                  AND r.robot_type = 'trading'
                  AND t.is_active = 1                 ]
(Background on this error at: https://sqlalche.me/e/20/f405)
2026-03-16 21:49:37.155 | INFO     | [SYSTEM:SCHEDULER] 🔄 Запуск цикла обновления
2026-03-16 21:49:37.866 | INFO     | [portfolio_updater:scheduler] 🔄 Найдено 1 токенов для обработки
2026-03-16 21:49:37.869 | INFO     | [portfolio_updater:scheduler] ▶️ Запуск робота v1.0.0
2026-03-16 21:49:37.869 | INFO     | [portfolio_updater:scheduler]    User ID: 1, Token ID: 15
2026-03-16 21:49:53.530 | INFO     | [portfolio_updater:scheduler]    Запись в БД: ID 397
2026-03-16 21:49:53.533 | INFO     | [portfolio_updater:scheduler] 🚀 Начало работы для токена 15
2026-03-16 21:49:53.553 | INFO     | [portfolio_updater:scheduler] Токен 15: прошло 1.3 мин, интервал 1 мин
2026-03-16 21:49:53.553 | INFO     | [portfolio_updater:scheduler] 🔌 Подключение к T-Invest API...
2026-03-16 21:49:53.553 | INFO     | [portfolio_updater:scheduler] 📋 Запрос списка счетов...
2026-03-16 21:49:53.651 | INFO     | [portfolio_updater:scheduler] 📊 Найдено счетов: 6
2026-03-16 21:49:53.651 | INFO     | [portfolio_updater:scheduler]   → Счет 2004129678 (Брокерский счёт)
2026-03-16 21:49:55.972 | INFO     | [portfolio_updater:scheduler]     ✓ Снимок сохранен (ID: 2413)
2026-03-16 21:49:55.972 | INFO     | [portfolio_updater:scheduler]   → Счет 2294878624 (Pinkin)
2026-03-16 21:49:56.597 | INFO     | [portfolio_updater:scheduler]     ✓ Снимок сохранен (ID: 2414)
2026-03-16 21:49:56.597 | INFO     | [portfolio_updater:scheduler]   → Счет 2294881404 (Анти-мейнстрим Aggressive)
2026-03-16 21:49:57.001 | INFO     | [portfolio_updater:scheduler]     ✓ Снимок сохранен (ID: 2415)
2026-03-16 21:49:57.001 | INFO     | [portfolio_updater:scheduler]   → Счет 2310550801 (Активное инвестирование)
2026-03-16 21:49:57.520 | INFO     | [portfolio_updater:scheduler]     ✓ Снимок сохранен (ID: 2416)
2026-03-16 21:49:57.520 | INFO     | [portfolio_updater:scheduler]   → Счет 2310571252 (Стратегия роста РФ)
2026-03-16 21:49:59.137 | INFO     | [portfolio_updater:scheduler]     ✓ Снимок сохранен (ID: 2417)
2026-03-16 21:49:59.137 | INFO     | [portfolio_updater:scheduler]   → Счет 2311961700 (Народная Кубышка)
2026-03-16 21:49:59.343 | INFO     | [portfolio_updater:scheduler]     ✓ Снимок сохранен (ID: 2418)
2026-03-16 21:49:59.376 | INFO     | [portfolio_updater:scheduler] ✅ Работа завершена. Обновлено счетов: 6, снимков: 6
2026-03-16 21:49:59.376 | INFO     | [portfolio_updater:scheduler] ✅ Работа завершена за 21506ms
2026-03-16 21:49:59.376 | INFO     | [portfolio_updater:scheduler]    status: success
2026-03-16 21:49:59.376 | INFO     | [portfolio_updater:scheduler]    accounts_found: 6
2026-03-16 21:49:59.376 | INFO     | [portfolio_updater:scheduler]    portfolios_updated: 6
2026-03-16 21:49:59.376 | INFO     | [portfolio_updater:scheduler]    snapshots_saved: 6
2026-03-16 21:49:59.377 | INFO     | [portfolio_updater:scheduler]    refresh_interval_minutes: 1
2026-03-16 21:49:59.642 | INFO     | [portfolio_updater:scheduler] 📊 Итоги: всего=1, обработано=1, пропущено=0, ошибок=0
2026-03-16 21:49:59.642 | INFO     | [SYSTEM:SCHEDULER] 📊 Портфели: {'total': 1, 'processed': 1, 'skipped': 0, 'errors': []}
2026-03-16 21:49:59.650 | ERROR    | [SYSTEM:SCHEDULER] ❌ Ошибка в цикле: (psycopg2.errors.UndefinedColumn) column r.max_position_size does not exist
LINE 10:                     r.max_position_size,
                             ^

[SQL: 
                SELECT
                    r.id,
                    r.user_id,
                    r.token_id,
                    r.name,
                    r.strategy_name,
                    r.strategy_params,
                    r.account_id,
                    r.max_position_size,
                    r.max_daily_loss,
                    r.max_trades_per_day,
                    t.token
                FROM ganaly.trading_robots r
                         JOIN ganaly.api_tokens t ON r.token_id = t.id
                WHERE r.is_active = 1
                  AND r.status = 'active'
                  AND r.robot_type = 'trading'
                  AND t.is_active = 1                 ]
(Background on this error at: https://sqlalche.me/e/20/f405)
2026-03-16 21:50:34.862 | INFO     | [SYSTEM:MAIN] 🛑 Приложение остановлено
2026-03-16 21:50:34.863 | INFO     | [SYSTEM:SCHEDULER] 🛑 Планировщик остановлен
